id,list,title,location,owner,posted,state
6393,DTM,"Dự án: ""Dự án đầu tư xây dựng Bến cảng số 9, số 10, số 11 và số 12 – Khu bến Lạch Huyện, thành phố Hải Phòng""","Đặc khu Cát Hải, thuộc Khu kinh tế Đình Vũ – Cát Hải, thành phố Hải Phòng",Công ty Cổ phần đầu tư cảng Lạch Huyện,15-09-2026,11 ngày
6392,DTM,"Dự án: ""Khu đô thị cảng hàng không quốc tế Gia Bình 2""","xã Gia Bình, xã Đông Cứu và xã Nhân Thắng, tỉnh Bắc Ninh",Công ty Cổ phần phát triển hạ tầng và Bất động sản An Phú,11-09-2026,7 ngày
6391,DTM,"Dự án: “Dự án đầu tư xây dựng công trình khai thác quặng chì - kẽm mỏ Nam Bản Bó, xã Yên Thổ, tỉnh Cao Bằng”","xã Yên Thổ, tỉnh Cao Bằng",Công ty cổ phần đầu tư khoáng sản Thạch An,10-09-2026,6 ngày
6385,DTM,"Dự án: “Dự án khai thác và chế biến quặng vàng gốc khu vực Nậm Kha Á thuộc xã Mù Cả và xã Mường Tè, tỉnh Lai Châu”","Xã Mù Cả và xã Mường Tè, tỉnh Lai Châu",Công ty cổ phần khoáng sản Sao Phương Bắc,28-08-2026,Hết hạn
6386,DTM,"Dự án: “Đầu tư xây dựng công trình khai thác quặng apatit tại khai trường Làng Cóc và Làng Cáng 1 xã Hợp Thành và phường Cam Đường, tỉnh Lào Cai”","xã Hợp Thành và phường Cam Đường, tỉnh Lào Cai",Công ty Cổ phần phân lân nung chảy Lào Cai,28-08-2026,Hết hạn
6384,DTM,"Dự án: ""Tuyến đường sắt tốc độ cao Hà Nội - Quảng Ninh""","Thành phố Hà Nội, tỉnh Bắc Ninh, thành phố Hải Phòng và tỉnh Quảng Ninh",Công ty Cổ phần Đầu tư và Phát triển đường sắt cao tốc VinSpeed,27-08-2026,Hết hạn
6380,DTM,"Dự án: ""Dự án đầu tư khai thác mỏ vàng sa khoáng Nam thung lũng Khắc Kiệm, xã Thần Sa, tỉnh Thái Nguyên""","Xã Thần Sa, tỉnh Thái Nguyên",Công ty cổ phần Đầu tư xây dựng và Khai thác khoáng sản Thăng Long,26-08-2026,Hết hạn
6379,DTM,"Dự án: ""Đầu tư mở rộng, nâng công suất Nhà máy sản xuất alumin Nhân Cơ""","Xã Nhân Cơ và xã Kiến Đức, tỉnh Lâm Đồng",Tập đoàn Công nghiệp Than - Khoáng sản Việt Nam,24-08-2026,Hết hạn
6366,DTM,Dự án: “Nạo vét kết hợp thu hồi sản phẩm luồng đường thủy nội địa quốc gia sông Sài Gòn (đoạn từ Km 47+000 đến Km 112+000)”,Thành phố Hồ Chí Minh và tỉnh Tây Ninh,Công ty TNHH Tư vấn xây dựng Cao Khoa,14-08-2026,Hết hạn
6364,DTM,"Dự án: ""Khai thác hầm lò mỏ Nam Tràng Bạch""","Phường Hoàng Quế, tỉnh Quảng Ninh",Tổng Công ty Đông Bắc,07-08-2026,Hết hạn
6363,DTM,"Dự án: ""Cải tạo mở rộng khai thác lộ thiên mỏ Đông Đá Mài""","Phường Cẩm Phả, phường Mông Dương, tỉnh Quảng Ninh",Tổng Công ty Đông Bắc,05-08-2026,Hết hạn
6359,DTM,"Dự án: “Nhà máy điện mặt trời nổi trên hồ thủy điện Đồng Nai 2""","Các xã: Đinh Trang Thượng, Di Linh, Bảo Thuận, Gia Hiệp, Phúc Thọ Lâm Hà và Tân Hà Lâm Hà, tỉnh Lâm Đồng",Công ty Cổ phần thủy điện Trung Nam,31-07-2026,Hết hạn
6356,DTM,"Dự án: “Điều chỉnh dự án khai thác hầm lò và chế biến phần Đông mỏ thiếc suối Bắc xã Châu Hồng, tỉnh Nghệ An”","xã Châu Hồng, tỉnh Nghệ An",Công ty TNHH Thiếc Hà An,28-07-2026,Hết hạn
6354,DTM,"Dự án: ""Đầu tư xây dựng công trình khai thác quặng chì – kẽm tại mỏ vực Sơn Đô, xã Xuân Vân, tỉnh Tuyên Quang""","Khu vực Sơn Đô, xã Xuân Vân, tỉnh Tuyên Quang",Công ty Cổ phần Lương Gia,24-07-2026,Hết hạn
6351,DTM,Dự án “Khu đô thị mới Bình Quới - Thanh Đa”,"phường Bình Quới, thành phố Hồ Chí Minh",Liên danh Công ty cổ phần Tập đoàn Mặt Trời,16-07-2026,Hết hạn
6339,DTM,"Dự án: ""Dự án thành phần 2: Đường cao tốc đô thị Hồ Tràm - Cảng hàng không quốc tế Long Thành thuộc Dự án đường cao tốc đô thị Hồ Tràm - Cảng hàng không quốc tế Long Thành theo phương thức đối tác công tư (PPP)""","các xã: Tân Thành, Kim Long, Ngãi Giao, Nghĩa Thành, Bình Giã, Xuân Sơn, Hòa Hội, Hồ Tràm, Xuyên Mộc thuộc thành phố Hồ Chí Minh",Công ty Cổ phần Masterise Hạ tầng Cao tốc Long Thành – Hồ Tràm,06-07-2026,Hết hạn
6334,DTM,Dự án: “Nhà máy điện mặt trời Điện Biên 1”,"xã Na Son, Mường Lạn, Pu Nhi, Xa Dung, Mường Ảng và phường Điện Biên Phủ, tỉnh Điện Biên",Công ty cổ phần năng lượng Vinenergo,29-06-2026,Hết hạn
6331,DTM,"Dự án: ""Xây dựng tuyến đường vượt biển kết nối Cần Giờ - Vũng Tàu (cũ) theo phương thức đối tác công tư (Hợp đồng BT)""","xã Cần Giờ, Vịnh Gành Rái và Phường Tam Thắng, Phường Vũng Tàu, Phường Rạch Dừa, Thành phố Hồ Chí Minh","Công ty Cổ phần Đô thị Du lịch Cần Giờ (đại diện liên danh), Công ty TNHH Kinh doanh và Dịch vụ tổng hợp An Hưng, Công ty TNHH Đầu tư Kinh doanh và Phát triển Thương mại Điền Thịnh và Công ty TNHH Đầu tư Phát triển Kinh doanh Lâm Viên",26-06-2026,Hết hạn
6344,DTM,"Dự án: “Đầu tư xây dựng và kinh doanh kết cấu hạ tầng KCN số 02, Khu kinh tế Chân Mây - Lăng Cô, thành phố Huế”","Khu kinh tế Chân Mây - Lăng Cô, xã Chân Mây - Lăng Cô, thành phố Huế",Công ty TNHH MTV Đầu tư hạ tầng KCN Kim Long Huế,24-06-2026,Hết hạn
6324,DTM,"Dự án: ""Đầu tư xây dựng và kinh doanh kết cấu hạ tầng Khu công nghiệp số 16""","Xã Thanh Kỳ, tỉnh Thanh Hóa",Công ty cổ phần Tập đoàn Greenwich Việt Nam,17-06-2026,Hết hạn
6318,DTM,"Dự án: ""Kho LNG Bắc Trung Bộ (Kho LNG Vũng Áng)""","phường Hoành Sơn, tỉnh Hà Tĩnh.",Tổng Công ty khí Việt Nam - CTCP (PV GAS),15-06-2026,Hết hạn
6315,DTM,"Dự án: ""Nhà máy nhiệt điện LNG Cà Ná""","xã Cà Ná, tỉnh Khánh Hòa",Liên danh Trung Nam - Sideros River,08-06-2026,Hết hạn
6309,DTM,"Dự án: “Đầu tư khai thác khoáng sản quặng sắt tại mỏ sắt Quý Xa, Хã Văn Bàn, tỉnh Lào Cai""","xã Văn Bàn, tỉnh Lào Cai.",Công ty Cổ phần Khai thác và Chế biển kim loại Thủ Đô.,01-06-2026,Hết hạn
6304,DTM,"Dự án: “Khai thác bằng phương pháp hầm lò mỏ quặng sắt Tùng Bá, xã Tùng Bá, tỉnh Tuyên Quang.","thôn Khuôn Làng và Nà Vàn, xã Tùng Bá, tỉnh Tuyên Quang",Công ty Cổ phần Đầu tư khoáng sản An Thông,27-05-2026,Hết hạn
6294,DTM,"Dự án: ""Khu đô thị nghỉ dưỡng Mỹ Lâm - Tuyên Quang""","phường Mỹ Lâm, tỉnh Tuyên Quang",Công ty cổ phần đầu tư xây dựng Thái Sơn,22-05-2026,Hết hạn
6295,DTM,"Dự án: ""Bến cảng tổng hợp quốc tế Mỹ Xuân""","phường Phú Mỹ, thành phố Hồ Chí Minh",Công ty Cổ phần Cảng quốc tế QTM,22-05-2026,Hết hạn
6293,DTM,"Dự án: “Đầu tư nâng cấp, mở rộng hệ thống cấp nước thành phố Tuy Hòa và các khu vực lân cận”","xã Sơn Thành, tỉnh Đắk Lắk",Công ty Cổ phần Cấp thoát nước Phú Yên,21-05-2026,Hết hạn
6291,DTM,"Dự án: ""Dự án đầu tư xây dựng và kinh doanh kết cấu hạ tầng khu công nghiệp Long Hậu giai đoạn 2 mở rộng""","xã Cần Guộc, tỉnh Tây Ninh",Công ty Cổ phần Long Hậu,19-05-2026,Hết hạn
6287,DTM,"Dự án: “Đầu tư xây dựng Nhà máy nước Tân Hiệp và hệ thống cấp nước thô phục vụ Vùng nông nghiệp ứng dụng công nghệ cao, Khu công nghiệp Minh Hưng – Sikico của Công ty Cổ phần Sản xuất - Xây dựng - Thương mại và Nông nghiệp Hải Vương”","phường Tân Khai và xã Minh Đức, thành phố Đồng Nai",Công ty Cổ phần Sản xuất - Xây dựng - Thương mại và Nông nghiệp Hải Vương,15-05-2026,Hết hạn
6273,DTM,Dự án: “Bến cảng tổng hợp – Container Hòa Phát Dung Quất”,"xã Vạn Tường, tỉnh Quảng Ngãi",Công ty Cổ phần Cảng tổng hợp Hòa Phát,08-05-2026,Hết hạn
6271,DTM,"Dự án: “Đầu tư xây dựng và kinh doanh kết cấu hạ tầng Khu công nghiệp Đoan Hùng""","Xã Đoan Hùng, xã Tây Cốc tỉnh Phú Thọ",Công ty cổ phần đô thị Amata Phú Thọ.,07-05-2026,Hết hạn
6267,DTM,"Dự án: “Dự án đầu tư xây dựng công trình khai thác quặng chì - kẽm mỏ Bản Bó xã Yên Thổ, tỉnh Cao Bằng”","tại Bản Bó, xã Yên Thổ, tỉnh Cao Bằng",Công ty Cổ phần Đầu tư khoáng sản Bảo Lâm,06-05-2026,Hết hạn
6264,DTM,Dự án: “Nhà máy sản xuất nhôm Ingot Hanalco Alumin”,"Khu công nghiệp Hòa Mạc; Phường Duy Tiên, Tỉnh Hà Nam",Công ty Cổ phần Hanalco Alumin,29-04-2026,Hết hạn
6265,DTM,"Dự án: ""Đầu tư xây dựng và kinh doanh kết cấu hạ tầng Khu công nghiệp VSIP Huế""","Xã Hưng Lộc và xã Lộc An, thành phố Huế",Công ty TNHH VSIP Huế,29-04-2026,Hết hạn
6272,DTM,"Dự án: ""Khu công nghệ số tập trung Bình Dương, quy mô 15,47 ha""","Phường Bình Dương, Thành phố Hồ Chí Minh",Tập đoàn Đầu tư và Phát triển Công nghiệp Becamex - CTCP,29-04-2026,Hết hạn
6256,DTM,"Dự án: ""Nhà máy tái chế, xử lý và tiêu hủy chất thải công nghiệp (Giai đoạn 2)""","Khu xử lý chất thải tập trung Tóc Tiên, xã Châu Pha, thành phố Hồ Chí Minh",Công ty TNHH Thương mại Huy Thịnh,24-04-2026,Hết hạn
6259,DTM,Dự án: “Nhà máy chế biến tinh bột sắn VinaDakLak”,"Km 110, Quốc lộ 14, thôn 1, xã Ea H’Leo, tỉnh Đắk Lắk",Công Ty Cổ phần xuất nhập khẩu Nông sản ViNa,24-04-2026,Hết hạn
6279,DTM,"Dự án: ""Dự án thành phần 2: Đầu tư xây dựng công trình đường sắt. (Thuộc Dự án đầu tư xây dựng tuyến đường sắt Lào Cai – Hà Nội – Hải Phòng)""","tỉnh Lào Cai, Phú Thọ, Hà Nội, Hưng Yên và Hải Phòng",Ban quản lý dự án đường sắt,24-04-2026,Hết hạn
6255,DTM,"Dự án: ""Nhà máy điện mặt trời Điện Biên 1""","phường Điện Biên Phủ và các xã Na Son, Mường Lạn, Pú Nhi, tỉnh Điện Biên",Công ty Cổ phần Năng lượng Vinenergo,23-04-2026,Hết hạn
6250,DTM,"Dự án: ""Nhà máy sản xuất phân bón Kali Sunfat công suất 80.000 tần sản phẩm/năm và phân bón hỗn hợp NK công suất 100.000 tấn sản phẩm/năm""","Lô B4, đường D3, Khu công nghiệp Phú Mỹ II mở rộng, Phường Tân Phước, Thành phố Hồ Chí Minh",Công ty TNHH Migao Agri-Nutrition Technology (Việt Nam),22-04-2026,Hết hạn
6252,DTM,"Dự án: ""Đầu tư xây dựng và kinh doanh hạ tầng Khu công nghiệp Bình Phước""","Xã Đồng Tâm, tỉnh Đồng Nai",Công ty cổ phần Đầu tư - Bất động sản Thành Phương,22-04-2026,Hết hạn
6253,DTM,"Dự án: ""Đầu tư xây dựng và kinh doanh hạ tầng Khu công nghiệp Đồng Nơ""","Xã Tân Khai, tỉnh Đồng Nai",Công ty Cổ phần Đầu tư Phát triển Ninh Phong,22-04-2026,Hết hạn
6254,DTM,"Dự án: ""Đầu tư xây dựng và kinh doanh hạ tầng Khu công nghiệp Minh Hưng""","Phường Minh Hưng, tỉnh Đồng Nai",Công ty Cổ phần Đầu tư Bất động sản Thành Phương,22-04-2026,Hết hạn
6248,DTM,"Dự án: ""Cáp treo và quần thể vui chơi giải trí biển Hòn Thơm - Phú Quốc""","đặc khu Phú Quốc, tỉnh An Giang",Công ty TNHH Mặt trời Phú Quốc,21-04-2026,Hết hạn
6245,DTM,"Dự án: ""Đầu tư xây dựng và kinh doanh kết cấu hạ tầng khu công nghiệp Trung Lập (giai đoạn 1)""","xã Vĩnh Thịnh, thành phố Hải Phòng",Công ty cổ phần Đầu tư và phát triển Hải Dương - Hải Phòng,20-04-2026,Hết hạn
6240,DTM,"Dự án: ""Nhà máy sản xuất nhôm Alu5star""","ô đất số 01, Lô CN02 và ô đất số 29, Lô DV01, CCN Phương Nam, phường Yên Tử, tỉnh Quảng Ninh",Công ty Cổ phần Alu5star,17-04-2026,Hết hạn
6241,DTM,"Dự án: ""Nhà máy nhôm công nghệ cao EcoAlu""","Lô CN05 cụm công nghiệp Hợp Thắng, xã Hợp Tiến, tỉnh Thanh Hóa",Công ty Cổ phần EcoAlu,17-04-2026,Hết hạn
6238,DTM,Dự án: “Đầu tư xây dựng nhà máy nước sạch Mộc Bắc”,"phường Duy Tân, tỉnh Ninh Bình",Công ty Cổ phần nước sạch Duy Tiên,13-04-2026,Hết hạn
6235,DTM,"Dự án: ""Đầu tư xây dựng Nhà máy nước Thủ Đức IV""","phường Linh Xuân, Thành phố Hồ Chí Minh",Công ty Cổ phần đầu tư và kinh doanh nước sạch Sài Gòn,08-04-2026,Hết hạn
6229,DTM,"Dự án: “Nhà máy xi măng Vĩnh Sơn - Giai đoạn 1 (Nâng cấp, cải tạo)”","Km 439, đường Hồ Chí Minh, xã Liên Sơn, huyện Lương Sơn, tỉnh Hòa Bình (nay là xã Liên Sơn, tỉnh Phú Thọ)",Công ty TNHH xi măng Vĩnh Sơn,07-04-2026,Hết hạn
6232,DTM,"Dự án: ""Mở rộng nâng công suất mỏ Núi Hồng""","xã Phú Xuyên và xã Phú Thịnh, tỉnh Thái Nguyên",Tổng công ty Công nghiệp mỏ Việt Bắc TKV-CTCP,07-04-2026,Hết hạn
6234,DTM,"Dự án: ""Nhà máy điện mặt trời nổi KN Srêpốk 3, công suất 304 MW""",xã Ea Nuôl và xã Ea Wer tỉnh Đắk Lắk,Công ty Cổ phần Điện mặt trời Srepok 3,07-04-2026,Hết hạn
6221,DTM,"Dự án: “Áp dụng các tiến bộ công nghệ, kỹ thuật để nâng công suất nhà máy bia Đông Mai từ 49 triệu lít/năm lên 100 triệu lít/năm""","xóm Đồi, Khu Tân Mai, phường Đông Mai, tỉnh Quảng Ninh.",Công ty cổ phần bia và nước giải khát Hạ Long.,03-04-2026,Hết hạn
6244,DTM,"Dự án: ""Nhà máy sản xuất giấy lụa""","Đường B1, Khu B, Khu công nghiệp Phố Nối A, xã Như Quỳnh, tỉnh Hưng Yên",Công ty Cổ phần Stavian Tissue,03-04-2026,Hết hạn
6217,DTM,"Dự án: ""Nhà máy điện mặt trời Bản Chát 2""","xã Mường Kim, xã Than Uyên tỉnh Lai Châu.",Công ty cổ phần Vinenergo JSC.,02-04-2026,Hết hạn
6218,DTM,"Dự án: “Nhà máy điện mặt trời Bản Chát 1""","xã Mường Than, xã Than Uyên và xã Mường Kim, tỉnh Lai Châu",Công ty cổ phần Vinenergo JSC,02-04-2026,Hết hạn
6219,DTM,"Dự án: ""Nhà máy điện mặt trời KN IaLy- Gia Lai, công suất 400 MW""","xã Ia Ly, tỉnh Gia Lai",Công ty Cổ phần Điện mặt trời Ia Ly- Gia Lai,02-04-2026,Hết hạn
6243,DTM,"Dự án: ""Đầu tư xây dựng và kinh doanh kết cấu hạ tầng kỹ thuật Khu công nghiệp Tân Dân""","xã Triệu Việt Vương và xã Việt Yên, tỉnh Hưng Yên",Công ty cổ phần Tập đoàn đầu tư và phát triển Hưng Yên,02-04-2026,Hết hạn
6215,DTM,"Dự án: ""Phát triển hạ tầng du lịch tỉnh Hòa Bình""","phường Thống Nhất, phường Tân Hòa, phường Kỳ Sơn, xã Thung Nai, tỉnh Phú Thọ",Ban Quản lý dự án khu vực Hòa Bình,01-04-2026,Hết hạn
6213,DTM,"Dự án: ""Khu xử lý chất thải tập trung Nghi Sơn – Giai đoạn 2""","Khu kinh tế Nghi Sơn, xã Trường Lâm, tỉnh Thanh Hóa",Công Ty Cổ Phần Môi Trường Nghi Sơn,30-03-2026,Hết hạn
6209,DTM,"Dự án: ""Dự án đầu tư xây dựng Cảng tổng hợp và Container Cái Mép Hạ""","phường Tân Phước, thành phố Hồ Chí Minh","Liên danh nhà đầu tư là Tập đoàn Geleximco – Công ty cổ phần, Công ty cổ phần vận tải và thương mại quốc tế (ITC CORP), Tổng công ty đầu tư và kinh doanh vốn Nhà nước (SCIC).",27-03-2026,Hết hạn
6210,DTM,Dự án: “Đầu tư xây dựng và kinh doanh kết cấu hạ tầng khu công nghiệp Đức Giang giai đoạn 1”,"phường Cảnh Thụy và xã Đồng Việt, tỉnh Bắc Ninh",Công ty TNHH phát triển FUJI Đức Giang,27-03-2026,Hết hạn
6211,DTM,"Dự án: ""Dự án Nhà máy sản xuất giấy GMC""","Lô CN 05-05, Cụm Công nghiệp Hạnh Phúc - Xuân Phương, xã Phú Bình, tỉnh Thái Nguyên",Công ty Cổ phần Giấy GMC,27-03-2026,Hết hạn
6203,DTM,"Dự án: ""Dự án thay đổi công nghệ, nâng công suất sản xuất giấy lên 30.000 tấn/năm""","Lô 3, đường Tạ Hiện, KCN Phúc Khánh, phường Vũ Phúc, tỉnh Hưng Yên.",Công ty TNHH Thái Hiệp Hưng,25-03-2026,Hết hạn
6205,DTM,"Dự án: ""Đầu tư xây dựng và kinh doanh kết cấu hạ tầng khu công nghiệp An Việt - Quế Võ 6""","Phường Quế Võ và Phường Đào Viên, tỉnh Bắc Ninh",Công ty TNHH H2T Bắc Ninh,25-03-2026,Hết hạn
6208,DTM,"Dự án: “Nhà máy sản xuất giấy bao bì chất lượng cao và giấy làm vỏ bao xi măng tại Cụm Công nghiệp Phương Nam, phường Yên Tử, tỉnh Quảng Ninh”","Ô số 07, 08 – Lô CN 07, Cụm Công nghiệp Phương Nam, phường Yên Tử, tỉnh Quảng Ninh",Công ty Cổ phần Sản xuất TM và DV Song Long QN,25-03-2026,Hết hạn
6194,DTM,Dự án “Đầu tư xây dựng và kinh doanh hạ tầng kỹ thuật Khu công nghiệp Tây Giang”,"xã Bình Khê, tỉnh Gia Lai",Công ty Cổ phần Đầu tư Hạ tầng Công nghiệp Bình Hưng,20-03-2026,Hết hạn
6195,DTM,Dự án: “Đầu tư xây dựng và kinh doanh kết cấu hạ tầng khu công nghiệp Hòa Ninh (Phú Mỹ 3 Đà Nẵng IP)”,"xã Bà Nà, thành phố Đà Nẵng",Công ty Cổ phần Thanh Bình Phú Mỹ,20-03-2026,Hết hạn
6188,DTM,"Dự án: ""Dự án đầu tư xây dựng thủy điện Tr'Hy""","Xã Hùng Sơn, xã Tây Giang và xã Bến Hiên, thành phố Đà Nẵng",Công ty Cổ phần Tài chính và Phát triển năng lượng,19-03-2026,Hết hạn
6189,DTM,Dự án: “Nhà máy xử lý chất thải đa năng”,"Khu vực bãi rác Khánh Sơn, phường Hòa Khánh, thành phố Đà Nẵng",Công ty TNHH Liên danh môi trường Đa Năng,19-03-2026,Hết hạn
6191,DTM,Dự án: “Đầu tư mở rộng nâng công suất khai thác và tuyển quặng mỏ sắt Kíp Tước - Lào Cai đạt 100.000 tấn quặng tinh/năm”,"xã Hợp Thành, xã Gia Phú và phường Cam Đường, tỉnh Lào Cai",Công ty Cổ phần Khoáng sản 3 - Vimico,19-03-2026,Hết hạn
6192,DTM,"Dự án: ""Trang trại bò sữa Tây Ninh""","tổ 60, Ấp Long Thịnh, xã Long Thuận, tỉnh Tây Ninh",Công ty TNHH MTV Bò sữa Việt Nam,19-03-2026,Hết hạn
6182,DTM,"Dự án: “Dự án thành lập công ty TNHH Đồ hộp Việt Cường” (Nâng công suất nhà máy sản xuất và chế biến các loại thực phẩm thủy hải sản đông lạnh, đóng hộp từ 175 tấn nguyên liệu/ngày lên 225 tấn nguyên liệu/ngày)","Ấp 1, xã Bình Đức, tỉnh Tây Ninh",Công ty TNHH Đồ hộp Việt Cường,16-03-2026,Hết hạn
6179,DTM,"Dự án: ""Nhà máy Chlorine Stavian VP""","Lô B10.2, Đường C3, Khu công nghiệp Thành Thành Công, khu phỗ An Hội, phường Trảng Bàng, tỉnh Tây Ninh.",Công ty Cô phần Stavian VP Tây Ninh,13-03-2026,Hết hạn
6180,DTM,"Dự án: ""Nhà máy Ritar Power (Việt Nam) (ắc quy chì, công suất 100.000 tấn/năm)""","Lô A21, đường C4, KCN Thành Thành Công, phường Trảng Bàng, tỉnh Tây Ninh",Công ty TNHH Ritar Power (Việt Nam),13-03-2026,Hết hạn
6181,DTM,"Dự án: ""Cải tạo và mở rộng khai thác lộ thiên khu Tây Khe Sim""","Phường Quang Hanh và phường Mông Dương, tỉnh Quảng Ninh",Tổng công ty Đông Bắc,13-03-2026,Hết hạn
6173,DTM,"Dự án: ""Dự án chống chịu khí hậu và chuyển đổi tổng hợp vùng Đồng bằng sông Cửu Long (MERIT)""","tại 29 phường/xã thuộc các tỉnh Vĩnh Long, Đồng Tháp, Tây Ninh và thành phố Cần Thơ",Ban Quản lý Trung ương các Dự án Thủy lợi,10-03-2026,Hết hạn
6175,DTM,"Dự án: “Đầu tư xây dựng và kinh doanh kết cấu hạ tầng Khu công nghiệp Minh Đức - Thượng Lan - Ngọc Thiện giai đoạn 1""","tại phường Tự Lạn, phường Việt Yên và xã Ngọc Thiện, tỉnh Bắc Ninh",Công ty cổ phần dịch vụ Kinh Bắc.,10-03-2026,Hết hạn
6171,DTM,"Dự án: ""Đầu tư xây dựng và kinh doanh kết cấu hạ tầng khu công nghiệp Văn Giang - Giai đoạn 1""","Xã Nghĩa Trụ, tỉnh Hưng Yên",Công ty TNHH Đầu tư Khu công nghiệp Lưỡng Dụng Văn Giang,09-03-2026,Hết hạn
6166,DTM,"Dự án: “Xây dựng và kinh doanh cơ sở hạ tầng khu công nghiệp Chơn Thành I, diện tích 124,48 ha (Nâng công suất hệ thống xử lý nước thải)”","phường Chơn Thành, tỉnh Đồng Nai",Công ty TNHH Khu công nghiệp Chơn Thành,05-03-2026,Hết hạn
6163,DTM,"Dự án: ""Đầu tư xây dựng và kinh doanh kết cấu hạ tầng Khu công nghiệp số 06 – Giai đoạn 1""","xã Ân Thi và xã Xuân Trúc, tỉnh Hưng Yên",Công ty Cổ phần Phát triển hạ tầng Khu công nghiệp số 6,04-03-2026,Hết hạn
6164,DTM,"Dự án: ""Dự án Khai thác quặng sắt và các khoáng sản đi kèm mỏ săt Nà Lũng, phường Tân Giang, tỉnh Cao Bằng""","phường Tân Giang, tỉnh Cao Bằng.",Công ty cổ phần Khoáng sản và Luyện kim Cao Bằng,04-03-2026,Hết hạn
6165,DTM,"Dự án: ""Khu xử lý chất thải rắn liên vùng huyện Chợ Mới""","Thôn 8, xã Chợ Mới, tỉnh Thái Nguyên",Công ty TNHH Hữu Thành Thái Nguyên,04-03-2026,Hết hạn
6154,DTM,"Dự án: ""Đầu tư xây dựng và kinh doanh hạ tầng kỹ thuật khu công nghiệp Nam Bình Xuyên""","Xã Xuân Lãng, xã Bình Nguyên, tỉnh Phú Thọ",Công ty TNHH Phát triển Nam Bình Xuyên Green Park,13-02-2026,Hết hạn
6155,DTM,Dự án: “Dự án Đầu tư cấp nước sạch nông thôn mới”,"Tại các khu đất trên địa bàn xã Lương Bằng, phường Đường Hào, phường Sơn Nam và xã Hiệp Cường, tỉnh Hưng Yên",Công ty TNHH Nước Sạch Ngọc Tuấn - Nagaoka,13-02-2026,Hết hạn
6156,DTM,"Dự án: ""Tổ hợp nhà máy phân lân nung chảy công suất 200.000 tấn/năm và Nhà máy sản xuất phân bón NPK công suất 50.000 tấn/năm""","xã Bảo Hà, tỉnh Lào Cai",Công ty cổ phần Phân lân nung chảy Lào Cai,13-02-2026,Hết hạn
6153,DTM,"Dự án: “Khu văn hóa, thể dục thể thao, vui chơi, giải trí kết hợp thương mại dịch vụ, du lịch 1”","xã Cát Tiến, tỉnh Gia Lai",Công ty TNHH Blooming Sky,12-02-2026,Hết hạn
6151,DTM,Dự án: “Nhà máy luyện cán thép” quy mô 700.000 tấn/năm,"Lô D2, D3, D5.1, D6.1, D7 và một phần D6.2, đường N11, khu công nghiệp Cầu cảng Phước Đông, ấp 5, đường tỉnh 826B, xã Tân Lân, tỉnh Tây Ninh",Công ty cổ phần thương mại dịch vụ Thép Hòa Phát Long An.,10-02-2026,Hết hạn
6152,DTM,"Dự án: ""Nhà máy chế biến và sản xuất các sản phẩm từ phế liệu Hưng Vượng""","Lô CN8.2, Khu Công nghiệp Nam Cầu Kiền, phường Thiên Hương, thành phố Hải Phòng",Công ty Cổ phần Logistics Hưng Vượng,10-02-2026,Hết hạn
6150,DTM,"Dự án: ""Dự án đầu tư xây dựng nhà máy xử lý, tái chế chất thải rắn tỉnh Bắc Kạn (Điều chỉnh)""","Tổ Khuổi Mật, phường Đức Xuân, tỉnh Thái Nguyên",Công ty Cổ phần môi trường Bắc Kạn.,09-02-2026,Hết hạn
6145,DTM,"Dự án: ""Dự án đầu tư xây dựng và kinh doanh kết cấu hạ tầng Khu công nghiệp Trấn Dương – Hòa Bình (khu B) – Giai đoạn 1""","Thuộc địa giới hành chính xã xã Nguyễn Bỉnh Khiêm, thuộc Khu kinh tế ven biển phía Nam Hải Phòng, thành phố Hải Phòng.",Công ty Cổ phần khu công nghiệp MV Hải Phòng,06-02-2026,Hết hạn
6146,DTM,"Dự án: ""Nhà máy sản xuất hợp kim nhôm""","Khu 3, phố Phúc Sơn, phường Nhị Chiểu, thành phố Hải Phòng",Công ty Cổ phần Pramac,06-02-2026,Hết hạn
6147,DTM,"Dự án: ""Đầu tư xây dựng Nhà máy sản xuất giấy An Huy""","Lô CN 03-06, Cụm Công nghiệp Hạnh Phúc - Xuân Phương, xã Phú Bình, tỉnh Thái Nguyên",Công ty Cổ phần Sản xuất giấy và thương mại An Huy,06-02-2026,Hết hạn
6142,DTM,"Dự án: ""Đầu tư xây dựng và kinh doanh kết cấu hạ tầng Khu công nghiệp Phù Ninh""","Xã Dân Chủ và xã Phù Ninh, tỉnh Phú Thọ",Công ty Cổ phần Viglacera Phú Thọ,05-02-2026,Hết hạn
6137,DTM,"Dự án: ""Khu liên hợp thể dục thể thao quốc gia Rạch Chiếc""","phường Bình Trưng, thành phố Hồ Chí Minh",Công ty TNHH Mặt trời Vũng Tàu,04-02-2026,Hết hạn
6140,DTM,"Dự án: ""Dự án Nhà máy Seojin Việt Nam""","B1, B2, B3, B6, B7 Khu công nghiệp Song Khê - Nội Hoàng (phía Bắc), phường Tiền Phong, tỉnh Bắc Ninh",Công ty TNHH Seojin Việt Nam,04-02-2026,Hết hạn
6141,DTM,"Dự án: ""Xây dựng nhà máy luyện, cán thép Anh Tú""","Lô CN6-3, Cụm công nghiệp tập trung Đồng Côi mở rộng, xã Nam Trực, tỉnh Ninh Bình.",Công ty TNHH Thép Anh Tú,04-02-2026,Hết hạn
6144,DTM,Dự án: “Dự án Nhà máy sản xuất giấy Bắc Hà”,"Cụm công nghiệp Yên Lư, phường Yên Dũng, tỉnh Bắc Ninh",Công ty TNHH Bắc Hà.,04-02-2026,Hết hạn
6136,DTM,Dự án: “Đầu tư xây dựng và kinh doanh kết cấu hạ tầng Khu công nghiệp Quang Châu 2”,"phường Nếnh, tỉnh Bắc Ninh",Công ty Cổ phần HPC Quang Châu.,03-02-2026,Hết hạn
6133,DTM,"Dự án: ""Nhà máy chế biến năng lượng tái tạo từ chất thải""","Lô B5, Khu xử lý chât thải tập trung Tóc Tiên, thuộc địa bàn xã Châu Pha, thành phổ Hồ Chí Minh",Công ty Cổ phần Năng lượng tái tạo DVA,30-01-2026,Hết hạn
6125,DTM,"Dự án: ""Cảng Cái Mép Gemadept - Terminal Link""","Phường Tân Phước, Thành phố Hồ Chí Minh",Công ty Cổ phần Cảng Cái Mép Gemadept - Terminal Link.,23-01-2026,Hết hạn
6120,DTM,"Dự án: ""Dự án Đầu tư Kinh doanh cơ sở hạ tầng Khu công nghiệp Bạch Đằng, tỉnh Quảng Ninh""","phường Liên Hòa, tỉnh Quảng Ninh",Công ty TNHH Một thành viên sửa chữa ô tô Hải Phòng,22-01-2026,Hết hạn
6123,DTM,"Dự án: ""Nhà máy giấy bao bì công nghệ cao Thái Bình""","Lô VIII, Khu công nghiệp Cầu Nghìn, xã Phụ Dực, tỉnh Hưng Yên",Công ty Cổ phần giấy GĐT Thái Bình,20-01-2026,Hết hạn
6114,DTM,Dự án: “Nhà máy đốt rác phát điện Tâm Sinh Nghĩa” (công suất xử lý 2.600 tấn rác tươi/ngày - công suất phát điện 60 MW),"xã Tân An Hội và xã Thái Mỹ, thành phố Hồ Chí Minh",Công ty cổ phần Đầu tư – Phát triển Tâm Sinh Nghĩa,19-01-2026,Hết hạn
6118,DTM,"Dự án: ""Dự án khai thác lộ thiên kết hợp với cải tạo các hồ mỏ Nam Tràng Bạch (điều chỉnh)""","Phường Hoàng Quế, tỉnh Quảng Ninh",Tổng Công ty Đông Bắc.,19-01-2026,Hết hạn
6109,DTM,"Dự án: ""Nhà máy điện rác Định Quán - giai đoạn 1""","Ấp suối Dzui, xã La Ngà, tỉnh Đồng Nai",Công ty Cổ phần năng lượng Môi trường Đồng Nai,16-01-2026,Hết hạn
6104,DTM,"Dự án: ""Dự án đầu tư xây dựng và kinh doanh kết cấu hạ tầng Khu công nghiệp Trấn Dương – Hòa Bình (khu A) – Giai đoạn 1""","xã Hòa Bình, huyện Vĩnh Bảo (nay là xã Nguyễn Bỉnh Khiêm), thuộc Khu kinh tế ven biển phía Nam Hải Phòng, thành phố Hải Phòng",Công ty Cổ phần Titan Hải Phòng,10-01-2026,Hết hạn
6105,DTM,"Dự án: “Khu dân cư tại xã Mỹ Hạnh Bắc, huyện Đức Hòa, tỉnh Long An”","Xã Đức Lập, tỉnh Tây Ninh",Công ty Cổ phần Bất động sản Trường Sơn,10-01-2026,Hết hạn
6098,DTM,"Dự án: ""Nhà máy xử lý rác và phát điện Bắc Giang""","Phường Đa Mai, tỉnh Bắc Ninh",Công ty TNHH năng lượng môi trường Bắc Giang,06-01-2026,Hết hạn
6099,DTM,"Dự án: ""Khu Công nghiệp VSIP Nghệ An 3""","xã Hưng Nguyên, tỉnh Nghệ An.",Công ty TNHH VSIP Nghệ An,05-01-2026,Hết hạn
6090,DTM,"Dự án: ""Khu đô thị Đại học Quốc tế""","xã Xuân Thới Sơn, thành phố Hồ Chí Minh",Công ty Cổ phần đô thị Đại học Quốc tế Berjaya Việt Nam,31-12-2025,Hết hạn
6082,DTM,"Dự án: ""Đầu tư xây dựng và kinh doanh hạ tầng khu công nghiệp Thịnh Minh""","xã Thịnh Minh, tỉnh Phú Thọ",Công ty TNHH Đầu tư và Kinh doanh Hợp Long,30-12-2025,Hết hạn
6083,DTM,"Dự án: “Đầu tư khai thác và tuyển quặng Volfram tại khu vực Thiện Kế-Hội Kế, xã Thiện Kế, xã Ninh Lai, huyện Sơn Dương, tỉnh Tuyên Quang""","Xã Sơn Thủy, tỉnh Tuyên Quang",Công ty Cổ phần Xây dựng Khoáng sản Du lịch Hà Nội,30-12-2025,Hết hạn
6084,DTM,"Dự án: ""DATP 1-5: Bồi thường, hỗ trợ, tái định cư và xây dựng đường gom, đường bên trên địa phận Thành phố Hồ Chí Minh (đoạn từ ranh giới với tỉnh Tây Ninh đến Cảng Hiệp Phước, thành phố Hồ Chí Minh)""","xã Hiệp Phước, thành phố Hồ Chí Minh",Ban Quản lý dự án Đầu tư xây dựng các công trình giao thông,30-12-2025,Hết hạn
6085,DTM,Dự án: “Đầu tư dây chuyền sản xuất giấy kraft công suất 100.000 tấn/năm”.,"Lô đất CN17, Cụm công nghiệp Thục Luyện, xã Thanh Sơn, tỉnh Phú Thọ",Công ty Cổ phần Xây dựng HM Group.,30-12-2025,Hết hạn
6092,DTM,"Dự án: ""Bến phao HS-18 trên sông Gò Gia và Bến phao HS-15 trên sông Ngã Bảy khu vực Thiềng Liềng""","xã Thạnh An và xã Cần Giờ, thành phố Hồ Chí Minh",Công ty Trách nhiệm Hữu hạn Tư vấn Thiết kế và Thương mại Hải Sư,30-12-2025,Hết hạn
6081,DTM,"Dự án: ""DATP 1-3 Bồi thường, hỗ trợ, tái định cư và xây dựng đường gom, đường bên trên địa phận Thành phố Hồ Chí Minh (đoạn từ sông Sài Gòn đến kênh Thầy Cai)""","Tại các xã Nhuận Đức, xã Tân An Hội – Thành phố Hồ Chí Minh",Ban quản lý dự án đầu tư xây dựng các công trình giao thông.,26-12-2025,Hết hạn
6076,DTM,"Dự án: ""Nhà máy Xi măng Long Thành""","Phường Lý Thường Kiệt và phường Châu Sơn, tỉnh Ninh Bình.",Công ty Cổ phần Xi măng Long Thành.,25-12-2025,Hết hạn
6078,DTM,"Dự án: ""DATP 2-5: Xây dựng đường cao tốc đoạn từ đường cao tốc Thành phố Hồ Chí Minh - Trung Lương đến Cảng Hiệp Phước thuộc Dự án Đầu tư xây dựng đường Vành đai 4 thành phố Hồ Chí Minh""","Xã Bến Lức, Mỹ Yên, Long Cang, Rạch Kiến, Mỹ Lệ, Mỹ Lộc, Phước Vĩnh Tây, Cần Giuộc và Tân Lập thuộc tỉnh Tây Ninh và Xã Hiệp Phước thuộc TP. Hồ Chí Minh.",Ban Quản lý dự án Đầu tư xây dựng Long An,25-12-2025,Hết hạn
6079,DTM,"Dự án: ""DATP 2-4: Xây dựng đường cao tốc đoạn từ kênh Thầy Cai đến đường cao tốc Thành phố Hồ Chí Minh - Trung Lương thuộc Dự án Đầu tư xây dựng đường Vành đai 4 thành phố Hồ Chí Minh""","Xã Hậu Nghĩa, Đức Lập, Hòa Khánh, Đức Huệ, Thạnh Lợi, Bình Đức và Bến Lức thuộc tỉnh Tây Ninh",Ban Quản lý dự án Đầu tư xây dựng Long An,25-12-2025,Hết hạn
6080,DTM,"Dự án: ""DATP 1-4: Bồi thường, hỗ trợ, tái định cư và xây dựng đường gom, đường bên trên địa phận tỉnh Tây Ninh thuộc Dự án Đầu tư xây dựng đường Vành đai 4 thành phố Hồ Chí Minh""","Xã Hậu Nghĩa, xã Đức Lập, xã Hòa Khánh, xã Đức Huệ, xã Thạnh Lợi, xã Bình Đức, xã Bến Lức, xã Mỹ Yên, xã Long Cang, xã Rạch Kiến, xã Mỹ Lệ, xã Mỹ Lộc, xã Phước Vĩnh Tây, xã Cần Giuộc và xã Tân Tập thuộc tỉnh Tây Ninh",Ban Quản lý dự án Đầu tư xây dựng Long An,25-12-2025,Hết hạn
6102,DTM,"Dự án: ""Đầu tư xây dựng và kinh doanh kết cấu hạ tầng khu công nghiệp Tiên Lãng 1”","xã Hùng Thắng, thành phố Hải Phòng",Công ty Cổ phần phát triển xanh bền vững Châu Á Thái Bình Dương,25-12-2025,Hết hạn
6075,DTM,"Dự án: “Đầu tư xây dựng công trình khai thác quặng sắt mỏ Nam Lương, xã Thái An và xã Đông Hà, huyện Quản Bạ, và xã Thuận Hòa, huyện Vị Xuyên, tỉnh Hà Giang (nay là xã Lùng Tám và xã Thuận Hòa, tỉnh Tuyên Quang) – Giai đoạn điều chỉnh""","xã Lùng Tám và xã Thuận Hòa, tỉnh Tuyên Quang",Công ty Cổ phần khai thác và chế biến khoáng sản Nam Lương,24-12-2025,Hết hạn
6072,DTM,"Dự án: ""Khu đô thị mới Tân Mỹ""","xã Hậu Nghĩa, tỉnh Tây Ninh",Liên danh Thái Sơn – Đại An,23-12-2025,Hết hạn
6073,DTM,"Dự án: “Kế hoạch phát triển mỏ Thăng Long – Đông Đô, điều chỉnh năm 2025, Lô 01/97&02/97"".","Lô 01/97&02/97, ngoài khơi Đông Nam Việt Nam.",Chi nhánh tại Thành phố Hồ Chí Minh – Công ty trách nhiệm hữu hạn – Tổng công ty Thăm dò Khai thác Dầu khí,23-12-2025,Hết hạn
6074,DTM,"Dự án: ""Mở rộng, nâng công suất kho chứa LNG 1 triệu tấn/năm tại Thị Vải lên 3 triệu tấn/năm""","Kho cảng PV GAS Vũng Tàu hiện hữu, khu công nghiệp Cái Mép (phường Tân Phước, Thành phố Hồ Chí Minh)",Tổng Công ty khí Việt Nam – CTCP (PV GAS).,23-12-2025,Hết hạn
6061,DTM,"Dự án: ""Đầu tư xây dựng và kinh doanh kết cấu hạ tầng Khu công nghiệp Thanh Bình – giai đoạn II""","xã Thanh Thịnh, tỉnh Thái Nguyên",Công ty cổ phần Onsen Fuji Bắc Kạn,18-12-2025,Hết hạn
6063,DTM,"Dự án: “Nhà máy chế biến tinh bột mì Quốc Vinh, công suất 150 tấn bột mì/ngày và 30 tấn bã mì sấy/ngày""","ấp Hòa Đông A, xã Phước Vinh, tỉnh Tây Ninh",Công ty TNHH Quốc Vinh HS,18-12-2025,Hết hạn
6091,DTM,"Dự án: ""Đường dây 500kV Krông Buk – Tây Ninh 1""","các tỉnh Đắk Lắk, Lâm Đồng (Đăk Nông cũ), Đồng Nai (Bình Phước cũ), thành phố Hồ Chí Minh (Bình Dương cũ), Tây Ninh",Ban QLDA các công trình điện miền Nam,16-12-2025,Hết hạn
6055,DTM,"Dụ án: “Kế hoạch phát triển cụm mỏ Sư Tử Đen - Sư Tử Vàng năm 2025, Lô 15-1""","Lô 15-1, ngoài khơi Đông Nam Việt Nam",Chi nhánh Điều hành Dầu khí Cửu Long - Công ty TNHH - Tổng công ty Thăm dò Khai thác Dầu khí (PVEP-CUU LONG),15-12-2025,Hết hạn
6086,DTM,"Dự án: “Nhà máy nhiệt điện LNG Quảng Trạch III""","thuộc quy hoạch phân khu 1 của Khu kinh tế Hòn La, xã Phú Trạch, tỉnh Quảng Trị",Ban Quản lý dự án Điện 2,15-12-2025,Hết hạn
6053,DTM,"Dự án: ""Dự án của Công ty TNHH SanHua (Việt Nam)""","Thửa đất B16, B17, B18, B19, B20, B21 thuộc lô đất CN6, KCN An Dương, phường An Phong, thành phố Hải Phòng",Công ty TNHH SanHua (Việt Nam).,12-12-2025,Hết hạn
6050,DTM,"Dự án: ""Dự án đầu tư xây dựng cầu Cát Lái và đường dẫn""","phường Cát Lái, thành phố Hồ Chí Minh và xã Đại Phước, tỉnh Đồng Nai",Tổng công ty xây dựng số 1 - CTCP,11-12-2025,Hết hạn
6052,DTM,"Dự án: ""Nhà máy Nhựa Khải Phát – Việt Nam""","lô A12, A13, A14, A15, A16, A17, A24, A25, A26, A27, A28, B10, B11, KCN Sông Hậu, xã Lai Vung, tỉnh Đồng Tháp",Công ty TNHH Khải Phát Việt Nam,11-12-2025,Hết hạn
6056,DTM,"Dự án: ""Dự án thành phần 1-2: Bồi thường, hỗ trợ, tái định cư và xây dựng đường gom, đường bên trên địa phận tỉnh Đồng Nai thuộc dự án đầu tư xây dựng đường Vành Đai 4 thành phố Hồ Chí Minh""","gồm các xã Xuân Đường, Xuân Quế Bình An, Dầu Giây, An Viễn, Hưng Thịnh, Trảng Bom, Bình Minh và Tân An, tỉnh Đồng Nai",Ban quản lý dự án đầu tư xây dựng tỉnh Đồng Nai,11-12-2025,Hết hạn
6041,DTM,"Dự án: ""Nhà máy giấy bao bì đóng gói thiết bị điện tử công nghệ cao""","Lô A2, Khu công nghiệp Khánh Phú, phường Đông Hoa Hoa Lư, tỉnh Ninh Bình",Công ty cổ phần GĐT Ninh Bình,10-12-2025,Hết hạn
6042,DTM,"Dự án: ""Đầu tư xây dựng và kinh doanh kết cấu hạ tầng Khu công nghiệp Lý thường Kiệt – Giai đoạn 1""","Xã Yên Mỹ và xã Việt Tiến, tỉnh Hưng Yên",Công ty Cổ phần Phát triển hạ tầng Khu công nghiệp Lý Thường Kiệt,10-12-2025,Hết hạn
6043,DTM,"Dự án: ""Nhà máy điện rác Khánh Hòa""","xã Suối Dầu, tỉnh Khánh Hòa",Công ty Cổ phần Thành phố mới KH,10-12-2025,Hết hạn
6046,DTM,"Dự án: “Đầu tư xây dựng và kinh doanh kết cấu hạ tầng kỹ thuật Khu công nghiệp Văn Nhuệ - Hoàng Hoa Thám (KCN Tân Á Đại Thành)""","xã Ẩn Thi và xã Nguyễn Trãi, tỉnh Hưng Yên",Công ty Cổ phần Đầu tư Phát triển bất động sản công nghiệp Hưng Yên,10-12-2025,Hết hạn
6051,DTM,"Dự án: “Tái định cư phục vụ Cảng hàng không quốc tế Gia Bình theo phương thức đối tác công tư (PPP), loại hợp đồng Xây dựng – Chuyển giao (BT), thanh toán bằng quỹ đất""","xã Đông Cứu, Gia Bình, Lương Tài, Trung Chính, tỉnh Bắc Ninh",Công ty CP Phát triển Hạ tầng và Bất động sản Song Giang,10-12-2025,Hết hạn
6040,DTM,"Dự án: “Đầu tư xây dựng công trình khai thác và chế biến graphit mỏ xã Bảo Hà và xã Yên Sơn (nay là xã Bảo Yên), tỉnh Lào Cai”","Xã Bảo Hà và xã Yên Sơn (nay là xã Bảo Yên), tỉnh Lào Cai.",Công ty Cổ phần Khoáng sản sông Đà Lào Cai,09-12-2025,Hết hạn
6037,DTM,"Dự án: ""Nhà máy giấy bao bì công nghệ cao từ nguyên liệu giấy đã qua sử dụng""","Ô số 2,3,4 Lô đất CN8 và ô số 1 Lô đất CN7, Cụm công nghiệp Phương Nam, phường Yên Tử, tỉnh Quảng Ninh",Công ty Cổ phần giấy Quảng Ninh,04-12-2025,Hết hạn
6035,DTM,"Dự án: ""Khu công nghệ thông tin tập trung Yên Bình""","phường Vạn Xuân và xã Điềm Thụy, tỉnh Thái Nguyên",Liên danh Công ty Cổ phần Tổng Công ty Cổ phần Địa ốc Sài Gòn và Công ty Cổ phần Lizen,03-12-2025,Hết hạn
6027,DTM,"Dự án: ""Đầu tư xây dựng và kinh doanh kết cấu hạ tầng khu công nghiệp Xuân Quế - Sông Nhạn (giai đoạn 1)""","xã Xuân Quế, tỉnh Đồng Nai",Công ty Cổ phần KCN Xuân Quế,02-12-2025,Hết hạn
6028,DTM,"Dự án: ""Khu du lịch sinh thái nghỉ dưỡng Đồi Thống Nhất""","Phường Lâm Viên – Đà Lạt, tỉnh Lâm Đồng",Công ty TNHH du lịch Thành Thành Công Lâm Đồng,02-12-2025,Hết hạn
6031,DTM,"Dự án: ""Đầu tư xây dựng và kinh doanh cơ sở hạ tầng Khu công nghiệp Hiệp Thạnh - giai đoạn 1""","Xã Phước Thạnh, tỉnh Tây Ninh",Tập đoàn Công nghiệp Cao su Việt Nam – Công ty Cổ phần,02-12-2025,Hết hạn
6026,DTM,"Dự án: ""Đầu tư xây dựng và kinh doanh kết cấu hạ tầng Khu công nghiệp Hòa Tâm - Giai đoạn 1""","thôn Phước Tân, xã Hòa Xuân, tỉnh Đắk Lắk",Công ty Cổ phần Phát triển hạ tầng Khu công nghiệp Hòa Tâm,01-12-2025,Hết hạn
6017,DTM,"Dự án: ""Khu du lịch sinh thái, nghỉ dưỡng, giải trí phức hợp Enclave Phú Quốc""","Ấp Bãi Thơm và Ấp Đá Chồng, đặc khu Phú Quốc, tỉnh An Giang",Công ty Cổ Phần Enclave Phú Quốc,28-11-2025,Hết hạn
6018,DTM,"Dự án: ""Nhà máy sản xuất giấy Anh Đức công suất 97.000 tấn/năm""","Lô E3.2 và E4.1 khu công nghiệp Nhơn Hòa, phường An Nhơn Nam, tỉnh Gia Lai",Công ty Cổ phần sản xuất giấy Anh Đức,28-11-2025,Hết hạn
6019,DTM,"Dự án: ""Đầu tư xây dựng Nhà máy sản xuất giấy carton Thiện Thắng""","Lô CN24+29, Cụm công nghiệp Vạn Xuân, xã Vạn Xuân, tỉnh Phú Thọ",Công ty Cổ phần Giấy Thiện Thắng,28-11-2025,Hết hạn
6011,DTM,"Dự án: ""Dự án Nhà máy Seojin Việt Nam""","Lô B1, B2, B3, B6, B7 Khu công nghiệp Song Khê - Nội Hoàng (phía Bắc), phường Tiền Phong, tỉnh Bắc Ninh",Công ty TNHH Seojin Việt Nam,24-11-2025,Hết hạn
6012,DTM,"Dụ án: ""Dự án đầu tư xây dựng Nhà máy xi măng Liên Khê""","Tổ dân phố Thủy Minh, phường Bạch Đằng, thành phố Hải Phòng",Công ty Cổ phần xi măng Bạch Đằng,24-11-2025,Hết hạn
6013,DTM,"Dự án: ""Đầu tư xây dựng và kinh doanh kết cấu hạ tầng kỹ thuật Khu công nghiệp Bình Giang""","xã Thượng Hồng, xã Nguyễn Lương Bằng, thành phố Hải Phòng",Tổng Công ty Phát triển Đô thị Kinh Bắc - CTCP,24-11-2025,Hết hạn
6015,DTM,"Dự án: ""Đường ống thu gom, vận chuyển khí mỏ Sư Tử Trắng""","ngoài khơi, khu vực Lô dầu khí 15-1, thuộc bể Cửu Long, cách bờ biển Vũng Tàu khoảng 190km",Tổng Công ty khí Việt Nam - CTCР (PV GAS).,24-11-2025,Hết hạn
6007,DTM,"Dự án: ""Nhà máy Công ty cổ phần Q.M.T – JP Plastic""","Đường số 1 và Đường số 4, Khu công nghiệp Hố Nai, phường Hố Nai, tỉnh Đồng Nai",Công ty cổ phần Q.M.T – JP Plastic,21-11-2025,Hết hạn
6014,DTM,"Dự án: “Kế hoạch phát triển mỏ Kình Ngư Vàng, Lô 01/10&02/10""","Lô 01/10&02/10, ngoài khơi Đông Nam Việt Nam.",Công ty TNHH – Tổng Công ty Thăm dò Khai thác Dầu khí (PVEP).,21-11-2025,Hết hạn
6006,DTM,"Dự án: ""Thủy điện Háng Đồng B (Công suất 28MW)""","xã Tà Xùa và xã Suối Tọ, tỉnh Sơn La.",Công ty TNHH Xuân Thiện Ninh Bình,20-11-2025,Hết hạn
6005,DTM,"Dự án: ""Đầu tư xây dựng và kinh doanh kết cấu hạ tầng Khu công nghiệp Hòa Yên""","Xã Hiệp Hòa, phường Vân Hà và phường Tự Lạn, tỉnh Bắc Ninh.",Công ty cổ phần Fecon Hòa Yên,19-11-2025,Hết hạn
6036,DTM,"Dự án: ""Thủy điện Cốc Rế 2""","thuộc địa phận xã Trung Thịnh, xã Xín Mần, tỉnh Tuyên Quang.",Công ty Cổ phần Thủy điện Cốc Rế,18-11-2025,Hết hạn
6034,DTM,"Dự án: ""Dự án Du lịch sinh thái, nghỉ dưỡng, giải trí núi Chứa Chan, xã Xuân Lộc, tỉnh Đồng Nai""","xã Xuân Lộc, tỉnh Đồng Nai",Công ty TNHH dịch vụ cáp treo núi Chứa Chan,17-11-2025,Hết hạn
5997,DTM,"Dự án: ""Cải thiện hệ thống thoát nước, nước thải và thích ứng với biến đổi khí hậu tại lưu vực Tham Lương – Bến Cát""","tại các phường: An Phú Đông, Thới An, Tân Thới Hiệp, An Nhơn, Gò Vấp, Hạnh Thông, Thông Tây Hội, An Hội Tây, An Hội Đông, Bình Lợi Trung, An Lạc, Thành phố Hồ Chí Minh.",Ban quản lý dự án đầu tư xây dựng hạ tầng đô thị Thành phố Hồ Chí Minh,14-11-2025,Hết hạn
5998,DTM,"Dự án: “Phát triển Mỏ Nam Du (Lô 46/07)""","Lô 46/07, ngoài khơi Tây Nam Việt Nam.",Mitra Energy (Vietnam Nam Du) Pte Ltd (MEVND) - là công ty con của Jadestone Energy,14-11-2025,Hết hạn
6000,DTM,Dự án: “Phát triển Mỏ U Minh (Lô 51)”,"Lô 51, ngoài khơi Tây Nam Việt Nam.",Mitra Energy (Vietnam Thổ Chu) Pte Ltd (MEVTC)- là Công ty con của Jadestone Energy,14-11-2025,Hết hạn
5986,DTM,"Dự án: ""Đầu tư xây dựng và kinh doanh kết cấu hạ tầng Khu công nghiệp Thượng Đình, tỉnh Thái Nguyên""","Xã Thượng Đình, huyện Phú Bình, tỉnh Thái Nguyên (nay thuộc xã Điểm Thuy, tỉnh Thái Nguyên).",Công ty TNHH Nhân Đạt Tiến,13-11-2025,Hết hạn
5987,DTM,"Dự án: ""Nhà máy nhôm Á Châu Việt Nam (điều chỉnh)""","Lô 136B, 136C Khu công nghiệp Long Giang, xã Tân Phước 3, tỉnh Đồng Tháp",Công ty TNHH Nhôm Á Châu Việt Nam,13-11-2025,Hết hạn
5988,DTM,"Dự án: ""Đầu tư xây dựng và Kinh doanh kết cấu hạ tầng Khu công nghiệp Đông Nam Á giai đoạn 2""","xã Tân Tập, tỉnh Tây Ninh",Công ty TNHH Dịch vụ Công nghiệp Cảng Long An,13-11-2025,Hết hạn
5991,DTM,"Dự án: ""Dự án đầu tư xây dựng Cảng hàng không Quốc tế Gia Bình""","xã Gia Bình, Lương Tài, Lâm Thao và Nhân Thắng, tỉnh Bắc Ninh.",Công ty cổ phần tập đoàn Masterise,13-11-2025,Hết hạn
5982,DTM,Dự án: “Khu bến cảng và trung tâm logistics Nam Đồ Sơn”,"xã Kiến Hải và phường Nam Đồ Son, thành phố Hải Phòng",Tập đoàn Vingroup – Công ty CP,12-11-2025,Hết hạn
5990,DTM,"Dự án: ""Khu đô thị phức hợp Hạ Long Xanh tại thị xã Quảng Yên và thành phố Hạ Long""","phường Tuần Châu và phường Hà An, tỉnh Quảng Ninh",Liên danh Tập đoàn Vingroup - Công ty CP và Công ty cổ phần Vinhomes.,12-11-2025,Hết hạn
5981,DTM,"Dự án: ""Đầu tư xây dựng và kinh doanh kết cấu hạ tầng Khu công nghiệp Thuận Thành III - Phân khu C""","Phường Thuận Thành và Phường Trí Quả, tỉnh Bắc Ninh",Công ty TNHH Khu công nghiệp Gilimex Bắc Ninh,10-11-2025,Hết hạn
5978,DTM,"Dự án: ""Khu đô thị du lịch lấn biển Cần Giờ""","xã Cần Giờ, thành phố Hồ Chí Minh.",Công ty cổ phần Đô thị Du lịch Cần Giờ,07-11-2025,Hết hạn
5984,DTM,"Dự án: ""Dự án tuyến đường sắt Bến Thành – Cần Giờ""","thuộc địa phận 08 xã phường gồm phường Bến Thành, phường Xóm Chiều, phường Tân Thuận, phường Tân Mỹ, xã Nhà Bè, xã Bình Khánh, xã An Thới Đông và xã Cần Giờ, Thành phố Hồ Chí Minh",Công ty Cổ phần Đầu tư và phát triển đường sắt cao tốc VINSPEED,06-11-2025,Hết hạn
5970,DTM,"Dự án: ""Đầu tư xây dựng Nhà máy sản xuất giấy carton Thành Lộc Phát Thái Nguyên""","Lô CN 03-05, Cụm công nghiệp Hạnh Phúc  – Xuân Phương, xã Phú Bình, tỉnh Thái Nguyên",Công ty TNHH Thành Lộc Phát Thái Nguyên,04-11-2025,Hết hạn
5971,DTM,"Dự án: “Đầu tư xây dựng Khu xử lý rác thải tập trung""","Tổ dân phố Cửu Yên, phường Song Liễu, tỉnh Bắc Ninh",Công ty cổ phần Môi trường Thuận Thành,04-11-2025,Hết hạn
5974,DTM,"Dự án: “Trung tâm xử lý chất thải rắn tại xã Thống Nhất, tỉnh Quảng Ninh”","xã Thống Nhất, tỉnh Quảng Ninh",Công ty cổ phần Tập đoàn INDEVCO,04-11-2025,Hết hạn
5976,DTM,"Dự án: ""Nhà máy sản xuất xơ bông nhựa Vũ Gia""","KCN Đồng Văn IV, phường Lê Hồ và phường Kim Thanh, tỉnh Ninh Bình",Chi nhánh Công ty TNHH Quốc tế Vũ Gia tại Hà Nam,04-11-2025,Hết hạn
5967,DTM,"Dự án: ""Đầu tư xây dựng và kinh doanh kết cấu hạ tầng Khu công nghiệp Đông Triều""","phường Hoàng Quế, tỉnh Quảng Ninh",Công ty Cổ phần Công nghệ - Viễn thông Sài Gòn,03-11-2025,Hết hạn
5964,DTM,"Dự án: ""Cải thiện hệ thống thoát nước, nước thải và thích ứng với biến đổi khí hậu tại lưu vực Tây Sài Gòn""","Tại các phường: Đông Hưng Thuận, Trung Mỹ Tây, Tân Thới Hiệp, An Hội Tây, Tân Sơn, Tây Thạnh, Tân Sơn Nhì, Bình Hưng Hòa tại thành phố Hồ Chí Minh",Ban quản lý dự án đầu tư xây dựng hạ tầng đô thị thành phố Hồ Chí Minh,31-10-2025,Hết hạn
5969,DTM,"Dự án: ""Đầu tư xây dựng và kinh doanh kết cấu hạ tầng Khu công nghiệp Bàu Cạn – Tân Hiệp (giai đoạn 1)""","xã Phước Thái và xã Long Phước, tỉnh Đồng Nai",Công ty Cổ phần KCN Tân Hiệp,31-10-2025,Hết hạn
5973,DTM,"Dự án: ""Đường sắt Hà Nội - Quảng Ninh""","địa phận 22 xã phường của 04 tỉnh/thành phố gồm: Thành phố Hà Nội, tỉnh Bắc Ninh, thành phố Hải Phòng và tỉnh Quảng Ninh",Công ty Cổ phần Đầu tư và Phát triển Đường sắt cao tốc VinSpeed,31-10-2025,Hết hạn
5963,DTM,"Dự án: ""Dự án 03 tuyến Quốc lộ (53, 62, 91B) kết nối vùng, thích ứng biến đổi khí hậu khu vực Đồng bằng sông Cửu Long, sử dụng vốn vay Ngân hàng thế giới""","04 tỉnh/thành phố gồm: tỉnh Tây Ninh, Vĩnh Long, Cà Mau và thành phố Cần Thơ",Cục Đường bộ Việt Nam,30-10-2025,Hết hạn
5959,DTM,"Dự án: “Công viên công cộng Tuần Châu tại các phường Tuần Châu, Việt Hưng”","phường Tuần Châu và phường Việt Hưng, tỉnh Quảng Ninh",Tập đoàn Vingroup – Công ty CP,29-10-2025,Hết hạn
5956,DTM,"Dự án: ""Hồ EaKhal giai đoạn 1""","xã Ea Khăl, Ea Wy, tỉnh Đắk Lắk",Ban Quản lý Đầu tư và Xây dựng Thủy lợi 7,27-10-2025,Hết hạn
5947,DTM,"Dự án: ""Đường kết nối Mường La (Sơn La), Than Uyên, Tân Uyên (Lai Châu), Mù Cang Chải, Văn Chấn, Văn Yên (Yên Bái) với đường cao tốc Nội Bài - Lào Cai (IC15)","Xã Mù Cang Chải, xã Nậm Có và xã Phong Dụ Thượng, tỉnh Lào Cai",Ban Quản lý dự án đầu tư xây dựng số 1 tỉnh Lào Cai,21-10-2025,Hết hạn
5946,DTM,"Dự án: ""Dự án của Công ty Cổ phần sản xuất và thương mại thép HPS""","Lô CN3, KCN Nam Cầu Kiền, phường Thiên Hương, thành phố Hải Phòng",Công ty cổ phần sản xuất và thương mại thép HPS,20-10-2025,Hết hạn
5944,DTM,"Dự án: ""Nhà máy điện rác Nghệ An""","Xã Hải Lộc, tỉnh Nghệ An",Công ty Cổ phần Galax,17-10-2025,Hết hạn
5943,DTM,"Dự án: ""Đầu tư xây dựng và kinh doanh kết cấu hạ tầng Khu công nghiệp số 1- giai đoạn 1""","Xã Yên Mỹ và xã Xuân Trúc, tỉnh Hưng Yên",Công ty Cổ phần Viglacera Hung Yên,16-10-2025,Hết hạn
5942,DTM,"Dự án: ""Đầu tư xây dựng và kinh doanh kết cấu hạ tầng Khu công nghiệp Hoàng Diệu""","Xã Gia Phúc, Thành phố Hải Phòng",Công ty Cổ phần Phát triển hạ tầng Khu công nghiệp Hoàng Diệu,15-10-2025,Hết hạn
5936,DTM,"Dự án: ""Nhà máy dệt nhuộm Rise Sun Việt Nam""","Lô A12, đường D3 (thuộc phân khu dệt – may và công nghiệp hỗ trợ), Khu công nghiệp Thành Thành Công, phường Trảng Bàng, tỉnh Tây Ninh",Công ty TNHH Dệt may Rise Sun Hông Kông (Việt Nam),14-10-2025,Hết hạn
5937,DTM,"Dự án: ""Dự án Đầu tư phát triển kết cấu hạ tầng khu công nghiệp Sân bay Tiên Lãng - Khu B, xã Chấn Hưng, thành phố Hải Phòng""","xã Chấn Hưng, thành phố Hải Phòng",Công ty Cổ phần phát triển khu công nghiệp C.E.O,14-10-2025,Hết hạn
5939,DTM,"Dự án: ""Tổ hợp du lịch nghỉ dưỡng - giải trí cao cấp, sân golf và khu dân cư Monbay Vân Đồn tương tác hoạt động du lịch""","Khu vực Ao Tiên, đặc khu Vân Đồn, tỉnh Quảng Ninh",Công ty TNHH Đầu tư địa ốc Hải Đăng,14-10-2025,Hết hạn
5940,DTM,"Dự án: ""Đầu tư xây dựng và kinh doanh kết cấu hạ tầng khu công nghiệp Cà Ná – Giai đoạn I""","xã Cà Ná, tỉnh Khánh Hòa (trước đây là xã Phước Diêm, huyện Thuận Nam, tỉnh Ninh Thuận)",Công ty cổ phần đầu tư hạ tầng khu công nghiệp Trung Nam Cà Ná,14-10-2025,Hết hạn
5933,DTM,"Dự án: “Xây dựng nhà xưởng và dây chuyền sản xuất màng BOPP, nâng công suất từ 32.400 tấn sản phẩm/năm lên 36.000 tấn sản phẩm/năm”","Lô F2, cặp đường số 1 và số 6, CCN Lợi Bình Nhơn, xã Lợi Bình Nhơn, TP. Tân An, tỉnh Long An (nay là Lô F2, cặp đường số 1 và số 6, CCN Lợi Bình Nhơn, Phường Khánh Hậu, tỉnh Tây Ninh)",Công ty Cổ phần Màng Châu Âu,10-10-2025,Hết hạn
5934,DTM,"Dự án: ""Đầu tư xây dựng và kinh doanh kết cấu hạ tầng Khu công nghiệp WHA Smart Technology 2 – Thanh Hóa""","Khu A của KCN Giang Quang Thịnh, nằm trên địa bàn xã Thiệu Quang, tỉnh Thanh Hóa (trước đây là xã Thiệu Giang, Thiệu Quang, Thiệu Thịnh, Thiệu Hợp, huyện Thiệu Hóa, tỉnh Thanh Hóa)",Công ty Cổ phần WHA Industrial Zone Thanh Hóa,10-10-2025,Hết hạn
5935,DTM,"Dự án: ""Dự án Nhà máy sản xuất thép thành phẩm""","Lô CN2.8, Cụm công nghiệp Đặng Lễ, xã Nguyễn Trãi, tỉnh Hưng Yên",Công ty TNHH Sản xuất và Thương mại Minh Ngọc,10-10-2025,Hết hạn
5928,DTM,"Dự án: ""Đầu tư xây dựng, khai thác quặng apatit khai trường 30, thành phố Lào Cai""","Phường Cam Đường, tỉnh Lào Cai",Công ty TNHH Một thành viên Apatit Việt Nam,08-10-2025,Hết hạn
5927,DTM,"Dự án: “Dự án Đầu tư xây dựng cầu cảng số 2 thuộc Bến cảng dầu Nam Đình Vũ""","Khu bến chuyên dụng hàng lỏng và Lô KXD2-01 thuộc Khu phi thuế quan và khu công nghiệp Nam Đình Vũ (khu 1), phường Đông Hải, thành phố Hải Phòng",Công ty TNHH Cảng Dầu khí Quốc Tế Sao Đỏ,06-10-2025,Hết hạn
5919,DTM,"Dự án: ""Phát triển thành phố Hải Phòng thích ứng với biến đổi khí hậu""","Các phường Bạch Đằng, Hòa Bình, Đông Hải, Lưu Kiếm, Thủy Nguyên, Nam Triệu, Hồng Bàng, An Hải, Ngô Quyền, Gia Viên, Lê Chân, An Biên, An Dương – Thành phố Hải Phòng",Ban quản lý dự án Đầu tư xây dựng các Công trình Giao thông và Nông nghiệp Hải Phòng,03-10-2025,Hết hạn
5922,DTM,Dự án: “Dự án Công ty TNHH SHENGYUAN Việt Nam”,"Unit 1, Nhà xưởng RBF 06 (thuê lại của Công ty TNHH Classic Leaf Việt Nam), Lô CN15-02, Khu phi thuế quan và Khu công nghiệp Nam Đình Vũ (Khu 1), thuộc Khu kinh tế Đình Vũ - Cát Hải, phường Đông Hải, thành phố Hải Phòng, Việt Nam",Công ty TNHH SHENGYUAN Việt Nam,03-10-2025,Hết hạn
5918,DTM,Dự án: “Đầu tư xây dựng và kinh doanh hạ tầng KCN Vĩnh Thạnh (giai đoạn 2) (Phú Mỹ 3 Cần Thơ IP)”,"xã Vĩnh Trinh và xã Vĩnh Bình, huyện Vĩnh Thạnh, thành phố Cần Thơ (nay là xã Vĩnh Trinh, thành phố Cần Thơ)",Công ty Cổ phần Thanh Bình Phú Mỹ,02-10-2025,Hết hạn
5914,DTM,"Dự án: ""Đầu tư xây dựng tuyến đường kết nối sân bay Gia Bình với thủ đô Hà Nội theo phương thức đối tác công tư (PPP), loại hợp đồng Xây dựng - Chuyển giao (BT)","06 xã/phường: xã Thuận An, Phù Đồng, Thư Lâm, Đông Anh, thành phố Hà Nội và phường Từ Sơn, phường Phù Khê, tỉnh Bắc Ninh",Liên danh Công ty Cổ phần Đầu tư và Xây dựng giao thông Công Thành - Công ty TNHH Mặt Trời Cát Bà,01-10-2025,Hết hạn
5915,DTM,"Dự án: ""Dự án đầu tư xây dựng và kinh doanh kết cấu hạ tầng Khu công nghiệp Thủy Nguyên (Giai đoạn 1)""","phường Hoà Bình, Bạch Đằng, Nam Triệu, thành phố Hải Phòng",Công ty Cổ phần Khu công nghiệp Taseco Hải Phòng,01-10-2025,Hết hạn
5911,DTM,"Dự án: ""Đầu tư xây dựng và kinh doanh hạ tầng Khu công nghiệp LeDaNa""","Khu kinh tế cửa khẩu Hoa Lư, xã Lộc Thạnh, tỉnh Đồng Nai",Công ty Cổ phần Phát triển Thanh Dung,30-09-2025,Hết hạn
5907,DTM,"Dự án: “Kế hoạch phát triển mỏ chỉnh sửa, mỏ Sao Vàng và mỏ Đại Nguyệt năm 2025, Lô 05-1b & 05-1c, ngoài khơi -Việt Nam”","Lô 05-1b & 05-1c, ngoài khơi Đông Nam Việt Nam",Văn phòng điều hành Idemitsu Gas Production (Vietnam) Co. Ltd. tại Thành phố Hồ Chí Minh,26-09-2025,Hết hạn
5908,DTM,"Dự án: ""Aqua City (Đầu tư xây dựng và kinh doanh khu đô thị diện tích 110,34ha)""","Phường Long Hưng, tỉnh Đồng Nai",Công ty TNHH thành phố Aqua,26-09-2025,Hết hạn
5910,DTM,Dự án: “Đầu tư xây dựng nhà xưởng cho thuê sản xuất ngành phụ trợ ô tô điện”.,"Ô đất quy hoạch CN4-1, CN4-2 thuộc Khu Công nghiệp Trung tâm Lô CN4, CN5 Khu Kinh tế Vũng Áng, phường Vũng Áng, tỉnh Hà Tĩnh.",Công ty Cổ phần đầu tư Khu công nghiệp VINHOMES Hà Tĩnh.,26-09-2025,Hết hạn
5903,DTM,"Dự án: ""Đầu tư xây dựng và kinh doanh kết cấu hạ tầng Khu Công nghiệp Phước An""","xã Phước An, tỉnh Đồng Nai",Công ty Cổ phần Dầu khí Đầu tư khai thác Cảng Phước An,24-09-2025,Hết hạn
5904,DTM,"Dự án: “Nhà máy xử lý chất thải công nghiệp, chất thải nguy hại - giai đoạn 3”","Thôn Ninh Ích, xã Bắc Ninh Hòa, tỉnh Khánh Hòa",Công ty cổ phần môi trường Khánh Hòa,24-09-2025,Hết hạn
5906,DTM,Dự án: “Đầu tư xây dựng và kinh doanh kết cấu hạ tầng Khu công nghiệp Phúc Yên”,"Phường Phúc Yên, tỉnh Phú Thọ (trước là Phường Phúc Thắng và phường Nam Viêm, thành phố Phúc Yên, tỉnh Vĩnh Phúc)",Công ty Cổ phần Khu công nghiệp và Dịch vụ Quốc tế Vĩnh Phúc và Công ty Cổ phần Shinec,24-09-2025,Hết hạn
5901,DTM,"Dự án: ""Đồng Nai WATERFRONT (Quy mô diện tích 169,396 ha; Dân số 24.500 người)""","Phường Long Hưng, tỉnh Đồng Nai",Công ty TNHH Thành phố Waterfront Đồng Nai,23-09-2025,Hết hạn
5902,DTM,"Dự án: “Khu đô thị Nghi Liên tại xã Nghi Liên, thành phố Vinh”","Phường Vinh Hưng, tỉnh Nghệ An (trước đây là xã Nghi Liên, thành phố Vinh, tỉnh Nghệ An)",Công ty TNHH Đầu tư Khu đô thị Nghi Liên,23-09-2025,Hết hạn
5897,DTM,"Dự án: ""Nâng công suất Xí nghiệp cấp nước Nguyễn Chí Thanh, tổng công suất 31.400 m³/ngày.đêm""","Số 16, đường Nguyễn Chí Thanh, phường Sóc Trăng, thành phố Cần Thơ.",Công ty cổ phần cấp nước Sóc Trăng,22-09-2025,Hết hạn
5898,DTM,Dự án: “Đầu tư xây dựng và kinh doanh kết cấu hạ tầng KCN Sông Hậu – Giai đoạn 1” (Hạng mục: Trạm xử lý nước thải KCN Sông Hậu (trạm 2)),"Km số 10, Quốc lộ Nam Sông Hậu, xã Châu Thành, TP. Cần Thơ",Công ty Phát triển Hạ tầng Khu công nghiệp Hậu Giang,22-09-2025,Hết hạn
5889,DTM,"Dự án: “Xây dựng nhà máy sản xuất, gia công xuất khẩu các loại linh kiện điện tử MSL”","Thửa đất số 331, tờ bản đồ số 8, Xóm Trung Thượng, Đại Đê, xã Đại An, huyện Vụ Bản, tỉnh Nam Định (nay là phường Thành Nam, tỉnh Ninh Bình)",Công ty cổ phần sản xuất và dịch vụ thương mại điện tử Toàn Cầu,19-09-2025,Hết hạn
5890,DTM,"Dụ án thành phần 1: ""Đầu tư hạ tầng kết nối các ga trên tuyến và quảng trường ga. (Thuộc Dự án đầu tư xây dụng tuyến đường sắt Lào Cai  – Hà Nội  – Hải Phòng)""","06 tỉnh/thành phố Lào Cai, Phú Thọ, Hà Nội, Bắc Ninh, Hưng Yên và Hải Phòng",Ban quản lý dự án đường sắt,19-09-2025,Hết hạn
5891,DTM,"Dự án: ""Đầu tư xây dựng và kinh doanh kết cấu hạ tầng Khu công nghiệp Quế Võ mở rộng 2""","Phường Bồng Lai, phường Phương Liễu và xã Chi Lăng tỉnh Bắc Ninh",Tổng Công ty Phát triển Đô thị Kinh Bắc - CTCP,19-09-2025,Hết hạn
5892,DTM,"Dự án: “Nhà máy Công ty Trách nhiệm hữu hạn Juki (Việt Nam)""","Lô BE.28-40, đường Tân Thuận, Lô BI.29-33, đường số 6 và Lô E.17-27, đường Tân Thuận, Khu chế xuất Tân Thuận, phường Tân Thuận, Thành phố Hồ Chí Minh; Lô P1.15a-17-19-21-23b, đường 14, Khu chế xuất Tân Thuận, phường Tân Thuận, Thành phố Hồ Chí Minh; Lô BF 01-10, đường Tân Thuận, Khu chế xuất Tân Thuận, phường Tân Thuận, Thành phố Hồ Chí Minh",Công Ty TNHH JUKI (Việt Nam),19-09-2025,Hết hạn
5886,DTM,"Dự án: ""Đầu tư xây dựng và kinh doanh kết cấu hạ tầng Khu công nghiệp Tam Thăng mở rộng 2""","Xã Thăng Trường, thành phố Đà Nẵng (trước đây là xã Bình Nam, huyện Thăng Bình, tỉnh Quảng Nam).",Công ty Cổ phần Capella Quảng Nam,18-09-2025,Hết hạn
5887,DTM,"Dự án: “Đầu tư xây dựng và kinh doanh kết cấu hạ tầng Khu công nghiệp Phú Bình, tỉnh Thái Nguyên”","Xã Phú Bình, xã Kha Sơn và xã Tân Thành, tỉnh Thái Nguyên",Tổng Công ty phát triển đô thị Kinh Bắc -CTCP,18-09-2025,Hết hạn
5888,DTM,"Dự án: “Nhà máy cán thép inox và kim loại""","Phường Đông Mai, tỉnh Quảng Ninh",Công ty Cổ phần Nhôm thép Việt Pháp,18-09-2025,Hết hạn
5884,DTM,"Dự án: “Nhà máy phân loại xử lý rác thải, sản xuất biogas và phân bón khoáng hữu cơ""","Nhà máy của dự án nằm tại xã Nam Trạch, tỉnh Quảng Trị (trước đây là xã Lý Trạch và xã Nam Trạch, huyện Bố Trạch, tỉnh Quảng Bình) và Nhà chuyên gia của Dự án nằm tại phường Đồng Sơn, tỉnh Quảng Trị (trước đây là xã Thuận Đức, thành phố Đồng Hới, tỉnh Quảng Bình)",Công ty TNHH Phát triển dự án Việt Nam (VNP),17-09-2025,Hết hạn
5932,DTM,"Dự án: ""Đầu tư xây dựng cầu Đại Ngãi trên Quốc lộ 60 thuộc địa phận các tỉnh Trà Vinh và Sóc Trăng (nay là tỉnh Vĩnh Long và thành phố Cần Thơ)""",Tỉnh Vĩnh Long và thành phố Cần Thơ,Ban Quản lý dự án 85,15-09-2025,Hết hạn
5881,DTM,"Dự án: ""Khai thác lộ thiên Mỏ sắt Nà Lũng, phường Tân Giang , tỉnh Cao Bằng""","Phường Tân Giang, tỉnh Cao Bằng",Công ty Cổ phần khoáng sản và luyện kim Cao Bằng,12-09-2025,Hết hạn
5875,DTM,"Dự án: “Nhà máy điện mặt trời Dầu Tiếng 5""","Khu đất bán ngập hồ Dầu Tiếng thuộc xã Dương Minh Châu, tỉnh Tây Ninh (trước đây là khu đất bán ngập hồ Dầu Tiếng, xã Suối Đá, huyện Dương Minh Châu, tỉnh Tây Ninh)",Công ty Cổ phần Năng lượng DT5.1,11-09-2025,Hết hạn
5877,DTM,"Dự án: ""Đầu tư xây dựng và kinh doanh hạ tầng nam khu A- Khu công nghiệp Bỉm Sơn, Thanh Hóa""","Phường Bắc Sơn, thị xã Bỉm Sơn, tỉnh Thanh Hóa (nay là phường Quang Trung, tỉnh Thanh Hóa)",Công ty cổ phần tập đoàn Tân Phục Hưng,11-09-2025,Hết hạn
5871,DTM,"Dự án: ""Khai thác lộ thiên mỏ đá vôi núi Cây Xoài và núi Bãi Voi thuộc xã Kiên Lương, tỉnh An Giang (giai đoạn điều chỉnh)""","Khu vực núi cây Xoài và núi Bãi Voi Xã Kiên Lương, tỉnh An Giang.",Công ty TNHH Siam City Cement (Việt Nam).,10-09-2025,Hết hạn
5872,DTM,"Dự án: ""Nhà máy xử lý chất thải rắn sinh hoạt 1.000 tấn theo hình thức PPP""","Khu liên hiệp xử lý chất thải rắn Khánh Sơn, phường Hòa Khánh, thành phố Đà Nẵng",Sở Nông nghiệp và Môi trường thành phố Đà Nẵng,10-09-2025,Hết hạn
5874,DTM,"Dự án: “Khai thác quặng sắt bằng phương pháp kết hợp lộ thiên và hầm lò tại khu Cao Vinh và Khuôn Làng-mỏ sắt Tùng Bá, thuộc xã Lùng Tám, xã Thuận Hoà và xã Tùng Bá tỉnh Tuyên Quang""","Xã Lùng Tám, xã Thuận Hòa và xã Tùng Bá, tỉnh Tuyên Quang",Công ty Cổ phần Đầu tư khoáng sản An Thông,10-09-2025,Hết hạn
5869,DTM,Dự án: “Đầu tư xây dựng và kinh doanh kết cấu hạ tầng Khu công nghiệp Mỹ Xuân B1- CONAC mở rộng”,"Phường Phú Mỹ, Thành phố Hồ Chí Minh",Công ty cổ phần đầu tư xây dựng dầu khí IDICO,05-09-2025,Hết hạn
5865,DTM,Dự án: “Nhà máy sản xuất các sản phẩm nhôm và các sản phẩm nhựa Eurostanrk”.,"Lô CN-24, Khu công nghiệp phía Nam, phường Văn Phú, tỉnh Lào Cai.",Công ty Cổ phần Đầu tư và Phát triển nhựa gỗ Châu Âu.,29-08-2025,Hết hạn
5867,DTM,"Dự án: “Đầu tư hoàn hiện đường Mỹ Phước – Tân Vạn theo hình thức BOT, quy mô: 64 km”.","Các phường: Đông Hòa, Tân Đông Hiệp, An Phú, Thuận Giao, Phú Lợi, Bình Dương, Chánh Hiệp, Hòa Lợi, Thới Hòa, Chánh Phú Hòa, Bến Cát và các xã Bàu Bàng; Trừ Văn Thố, thành phố Hồ Chí Minh.",Tổng Công ty Đầu tư và Phát triển công nghiệp – CTCP.,29-08-2025,Hết hạn
5860,DTM,"Dự án thành phần 1: Di dân tái định cư, giải phóng mặt bằng dự án nhà máy điện hạt nhân Ninh Thuận 1.","Xã Phước Dinh, tỉnh Khánh Hòa.",Ban Quản lý dự án Đầu tư xây dựng tỉnh Khánh Hòa.,28-08-2025,Hết hạn
5861,DTM,Dự án: “Nhà máy công ty TNHH Mustang Battery”.,"Lô B2-X, đường D1B, khu công nghiệp Becamex – Bình Phước, phường Chơn Thành, tỉnh Đồng Nai.",Công ty TNHH Mustang Battery.,28-08-2025,Hết hạn
5862,DTM,Dự án: Bến cảng tổng hợp Long Sơn - Mỹ Xuân.,"Phường Phú Mỹ, thành phố Hồ Chí Minh.",Công ty TNHH Long Sơn.,28-08-2025,Hết hạn
5864,DTM,Dự án: “Khu dịch vụ du lịch phức hợp cao cấp tại Khu kinh tế Vân Đồn”.,"Đặc Khu Vân Đồn, tỉnh Quảng Ninh.",Công ty Cổ phần Mặt trời Vân Đồn.,28-08-2025,Hết hạn
5856,DTM,Dự án: “Đầu tư xây dựng hạ tầng kỹ thuật cụm công nghiệp Thịnh Minh 1”.,"Xã Thịnh Minh, tỉnh Phú Thọ.",Liên danh: Công ty Cổ phần Thương mại Dạ Hợp và Công ty Cổ phần Đầu tư xuất nhập khẩu Thăng Long.,27-08-2025,Hết hạn
5857,DTM,Dự án: “Phát triển mỏ Nam Du (lô 46/07) và U Minh (lô 51)”.,Lô 46/07 và Lô 51 ngoài khơi phía Nam Việt Nam.,Công ty Jadestone Energy (JSE).,27-08-2025,Hết hạn
5858,DTM,Dự án: “Đầu tư xây dựng và kinh doanh hạ tầng Khu công nghiệp Bắc Đồng Phú giai đoạn 2”.,"Xã Đồng Phú và phường Bình Phước, tỉnh Đồng Nai.",Công ty Cổ phần Khu công nghiệp Bắc Đồng Phú.,27-08-2025,Hết hạn
5863,DTM,"Dự án: “Khai thác và chế biến quặng atimon Mậu Duệ, tại xã Mậu Duệ, huyện Yên Minh, tỉnh Hà Giang” (nay là xã Mậu Duệ, tỉnh Tuyên Quang).","Xã Mậu Duệ, tỉnh Tuyên Quang.",Công ty Cổ phần Cơ khí và Khoáng sản Hà Giang.,27-08-2025,Hết hạn
5854,DTM,"Dự án: “Nhà máy giấy"".","Lô CN08, CN09, CN10, CN12, CN13, Cụm công nghiệp Long Phước, xã Giao Long, tỉnh Vĩnh Long.",Công ty TNHH Giấy Giao Long.,25-08-2025,Hết hạn
5852,DTM,Dự án: “Đầu tư xây dựng và kinh doanh kết cấu hạ tầng khu công nghiệp Long Đức 3”.,"Xã Bình An và xã Long Thành, tỉnh Đồng Nai.",Công ty Cổ phần khu công nghiệp Long Đức 3.,22-08-2025,Hết hạn
5855,DTM,Dự án: “Công ty TNHH Paihong Việt Nam”.,"Lô C_6A_CN và Lô C_6B_CN, Khu công nghiệp Bàu Bàng mở rộng, xã Bàu Bàng, Thành phố Hồ Chí Minh.",Công ty TNHH Paihong Việt Nam.,22-08-2025,Hết hạn
5850,DTM,"Dự án: ""Dự án sản xuất các sản phẩm từ nhựa, hạt nhựa tái sinh và vải manh PP không dệt”","Lô CN14.3, Đường N6, Khu công nghiệp Châu Sơn, phường Châu Sơn, tỉnh Ninh Bình.",Công ty Cổ phần Casla.,21-08-2025,Hết hạn
5851,DTM,Dự án: “Dự án pha chế các sản phẩm sản xuất bản mạch điện tử”.,"Thôn Nha Hoàng, xã Lạc Đạo, tỉnh Hưng Yên.",Công ty TNHH Miwon Vietchem.,21-08-2025,Hết hạn
5846,DTM,"Dự án: Đầu tư xây dựng tuyến đường kết nối sân bay Gia Bình về thủ đô Hà Nội (đoạn qua địa bàn tỉnh Bắc Ninh) theo phương thức đối tác công tư (PPP), loại hợp đồng Xây dựng-Chuyển giao (BT).","Xã Trung Kênh; xã Lương Tài; xã Gia Bình; xã Lâm Thao và phường Trạm Lộ; phường Mão Điền; phường Thuận Thành, phường Trí Quả, tỉnh Bắc Ninh.",Đại diện Liên danh: Công ty Cổ phần Đầu tư xây dựng Giao thông Công Thành.,20-08-2025,Hết hạn
5848,DTM,Dự án: “Nâng công suất xưởng sản xuất bao bì nhựa và sản xuất hạt nhựa lên công suất 25.000 tấn sản phẩm/năm”.,"Đường số 2, Cụm công nghiệp Liên Hưng, ấp Bình Tiền 2, xã Đức Hòa, tỉnh Tây Ninh.",Công ty TNHH TM Nhựa Huy Hoàng Long An.,20-08-2025,Hết hạn
5843,DTM,"Dự án “Đầu tư xây dựng Bãi Chôn lấp số 3” (Nâng công suất tiếp nhận chất thải rắn sinh hoạt hằng ngày từ 2.000 tấn/ngày lên công suất 3.500 tấn/ngày, giữ nguyên công suất bãi chôn lấp số 3 là 6.474.000 tấn).","Khu liên hợp xử lý chất thải rắn Tây Bắc, xã Tân An Hội, thành phố Hồ Chí Minh.",Công ty TNHH MTV Môi trường đô thị Thành phố Hồ Chí Minh.,19-08-2025,Hết hạn
5844,DTM,"Dự án: Nhà máy tái chế và xử lý chất thải nguy hại, công suất 241,4 tấn/ngày.","Lô C4, Khu xử lý chất thải Quang Trung, xã Gia Kiệm, tỉnh Đồng Nai.",Công ty Cổ phần Môi trường Quốc Đại Thành.,19-08-2025,Hết hạn
5845,DTM,Dự án: “Công ty Cổ phần Galaxy Việt Nam”.,"Lô 48, Khu công nghiệp Quang Minh, xã Quang Minh, thành phố Hà Nội.",Công ty Cổ phần Galaxy Việt Nam.,19-08-2025,Hết hạn
5849,DTM,Dự án: Khu du lịch Dốc Lết – Phương Mai.,"Phường Đông Ninh Hòa, tỉnh Khánh Hòa.",Công ty Cổ phần Phương Mai.,19-08-2025,Hết hạn
5837,DTM,Dự án: Khu đô thị Đông An Tây.,"Phường Tây Nam và phường Phú An, thành phố Hồ Chí Minh.",Công ty TNHH Đầu tư & Phát triển Đông An Tây.,15-08-2025,Hết hạn
5838,DTM,Dự án: “Nhà máy xử lý chất thải công nghiệp và nguy hại”.,"Khu công nghiệp Tằng Loỏng, xã Tằng Loỏng, tỉnh Lào Cai.",Công ty Cổ phần Dịch vụ Xử lý Môi trường Xanh Việt Sơn.,15-08-2025,Hết hạn
5839,DTM,Dự án: “Nhà máy xử lý chất thải thông thường và nguy hại Vĩnh Tân (điều chỉnh)”.,"Xã Tân An, tỉnh Đồng Nai.",Công ty cổ phần môi trường Thiên Thanh.,15-08-2025,Hết hạn
5842,DTM,"Dự án: ""Trồng chuối cấy mô ứng dụng công nghệ cao của Công ty TNHH MTV Cao Su Phú Riềng”.","Xã Đa Kia, tỉnh Đồng Nai.","Công ty TNHH MTV Cao su Phú Riềng, Tập đoàn Công nghiệp Cao su Việt Nam.",15-08-2025,Hết hạn
5835,DTM,Dự án: Đầu tư xây dựng và kinh doanh kết cấu hạ tầng Khu công nghiệp Vinhomes Vũng Áng.,"Khu công nghiệp trung tâm Lô CN4-CN5, Khu Kinh tế Vũng Áng, phường Vũng Áng, tỉnh Hà Tĩnh.",Công ty Cổ phần đầu tư Khu công nghiệp Vinhomes Vũng Áng.,14-08-2025,Hết hạn
5836,DTM,Dự án: “Khu dân cư Hai Thành L.A”.,"Xã Cần Giuộc, tỉnh Tây Ninh.",Công ty TNHH Hai Thành L.A.,14-08-2025,Hết hạn
5833,DTM,"Dự án: “Đầu tư xây dựng đường Đồng Phú – Bình Dương, theo phương thức đối tác công tư (hình thức BT)”.","Các xã: Đồng Phú, Đồng Tâm, Tân Lợi, tỉnh Đồng Nai.",Công ty Cổ phần Đầu tư – Bất động sản Thành Phương.,12-08-2025,Hết hạn
5841,DTM,Dự án: Đầu tư nâng công suất Nhà máy bia Sài Gòn – Củ Chi từ 264 triệu lít/năm lên 350 triệu lít/năm và xây dựng nhà xưởng cho thuê sản xuất.,"Khu C1, đường D3, Khu công nghiệp Tây Bắc Củ Chi, xã Tân An Hội, thành phố Hồ Chí Minh.",Tổng Công ty cổ phần Bia – Rượu – Nước giải khát Sài Gòn.,12-08-2025,Hết hạn
5829,DTM,Dự án: “Nhà máy sản xuất giấy Trung Kiên”.,"Lô CN 06-02.02, Cụm công nghiệp Hạnh Phúc – Xuân Phương, xã Phú Bình, tỉnh Thái Nguyên.",Công ty Cổ phần Sản xuất và Thương mại Giấy Kraft Trung Kiên.,11-08-2025,Hết hạn
5830,DTM,"Dự án: Khu du lịch và nghỉ dưỡng sinh thái cao cấp hồ Yên Quang, quy mô 274 ha.","Khu vực hồ Yên Quang, xã Nho Quan và xã Cúc Phương, tỉnh Ninh Bình.",Công ty TNHH Bất động sản CT.,11-08-2025,Hết hạn
5831,DTM,Dự án: “Nhà máy tái chế và xử lý chất thải nguy hại”.,"Lô B4, Khu công nghiệp Bỉm Sơn, phường Quang Trung, tỉnh Thanh Hóa.",Công ty Cổ phần môi trường Việt Thảo.,11-08-2025,Hết hạn
5832,DTM,"Dự án: “Nhà máy dệt bao bì xuất khẩu số 2” tại xã Quỹ Nhất, tỉnh Ninh Bình.","Khu phố 1, xã Quỹ Nhất, tỉnh Ninh Bình.",Công ty Cổ phần Trịnh Nghiên.,11-08-2025,Hết hạn
5823,DTM,Dự án: Đầu tư xây dựng và kinh doanh kết cấu hạ tầng khu công nghiệp Hải Yên.,"Phường Móng Cái 3, tỉnh Quảng Ninh.",Tổng Công ty Viglacera – CTCP.,08-08-2025,Hết hạn
5824,DTM,Dự án: Nhà máy nhiệt điện LNG Hải Phòng.,"Xã Kiến Hưng, thành phố Hải Phòng.",Liên danh: Vingroup – Công ty cổ phần và Công ty Cổ phần năng lượng Vinenergo.,08-08-2025,Hết hạn
5825,DTM,Dự án: “Nhà máy sản xuất các sản phẩm bằng nhôm công suất 65.000 tấn/năm”.,"Thửa đất số 552, 672, 673, tờ bản đồ số 40, 41, xã Bắc Tân Uyên, Thành phố Hồ Chí Minh.",Công ty TNHH Nhôm Tiến Đạt.,08-08-2025,Hết hạn
5826,DTM,"Dự án: Đầu tư khai thác vàng gốc tại khu vực Tà Sỏi, xã Quỳ Châu, tỉnh Nghệ An.","Xã Quỳ Châu, tỉnh Nghệ An.",Công ty Cổ phần Đô Linh.,08-08-2025,Hết hạn
5828,DTM,Dự án: “Nhà máy sản xuất ống đồng hợp kim cao cấp”.,"Lô 67, 68, 69a, 73, 75, 76a, Khu công nghiệp Long Giang, xã Tân Phước 3, tỉnh Đồng Tháp.",Công ty TNHH Gia công đồng Hải Lượng (Việt Nam).,08-08-2025,Hết hạn
5822,DTM,Dự án: Nhà máy sản xuất thép hình Đại Việt Phú Bình.,"Cụm công nghiệp Bảo lý – Xuân Phương, xã Phú Bình, tỉnh Thái Nguyên.",Công ty Cổ phần Đại Việt PB.,07-08-2025,Hết hạn
5821,DTM,"Dự án: Nhà máy sửa chữa, đóng mới các loại tàu biển và gia công các kết cấu thép.","Phường Đông Ninh Hòa, tỉnh Khánh Hòa.",Công ty TNHH đóng tàu HD Hyundai Việt Nam.,06-08-2025,Hết hạn
5820,DTM,Dự án: “Nâng công suất Hệ thống cấp nước khu công nghiệp An Nghiệp – Sóc Trăng”.,"Đường N4 và đường D4, Khu công nghiệp An Nghiệp, phường Sóc Trăng, thành phố Cần Thơ.",Công ty Cổ phần cấp nước Sóc Trăng.,04-08-2025,Hết hạn
5834,DTM,"Dự án: Khu liên hợp sản xuất, lắp ráp Kim Long Motors Huế.","Khu phi thuế quan thuộc Khu Kinh tế Chân Mây – Lăng Cô, xã Chân Mây – Lăng Cô, thành phố Huế.",Công ty Cổ phần Kim Long Motor Huế.,04-08-2025,Hết hạn
5818,DTM,Dự án: “Nhà máy đốt chất thải rắn phát điện”.,"Ấp 2, phường Phú Tân, tỉnh Vĩnh Long.",Công ty Cổ phần Xử lý rác thải Bến Tre.,31-07-2025,Hết hạn
5817,DTM,"Dự án: Khu liên hợp sản xuất gang thép Hòa Phát Dung Quất 2 (nâng công suất từ 5,6 triệu tấn lên 6,1 triệu tấn sản phẩm/năm).","Khu công nghiệp phía Đông Khu kinh tế Dung Quất, thôn Tân Hy 2, xã Vạn Tường, tỉnh Quảng Ngãi.",Công ty Cổ phần Thép Hòa Phát Dung Quất.,30-07-2025,Hết hạn
5815,DTM,Dự án: Nhà máy sản xuất sợi màu BROTEX (VIỆT NAM).,"Lô số 29-1 đến 29-11, 29-12a, 29-12b, 29-14 đến 29-18, 31-15, 31-16, 35-1, 35-2, 35-4, 35-6 Đường N14 và Lô số 31-1 đến 31-11, 31-12a, 31-12b, 31-14, 34-1 đến 34-11, 34-12a, 34-12b, 34-14 đến 34-18, 35-3, 35-5, 35-7, 35-8, 35-15 đến 35-18 Đường D11, Khu công nghiệp Phước Đông, phường Gia Lộc, tỉnh Tây Ninh và Lô CCCN.A1 đường D11, Khu đô thị – dịch vụ Phước Đông, xã Hưng Thuận, tỉnh Tây Ninh.",Công ty TNHH Brotex (Việt Nam).,29-07-2025,Hết hạn
5814,DTM,Dự án: Khu chuyển tải tạm thời tại khu vực Quảng Ninh.,"Phía Nam đảo Hòn Miều, tỉnh Quảng Ninh",Công ty cổ phần Dịch vụ - Vận tải biển Hải Vân.,25-07-2025,Hết hạn
5812,DTM,Dự án: Khu đô thị mới phía Tây thành phố Bắc Ninh (Khu 1).,"Phường Kinh Bắc, tỉnh Bắc Ninh.",Tập đoàn Vingroup – Công ty CP.,24-07-2025,Hết hạn
5808,DTM,Dự án: “Khu 1 – Khu đô thị Mới Cam Lâm”.,"Xã Cam Lâm và phường Bắc Cam Ranh, tỉnh Khánh Hòa.",Liên danh Công ty đô thị mới Cam Lâm.,23-07-2025,Hết hạn
5810,DTM,Dự án: “Nâng công suất Nhà máy cấp nước số 1 và số 2 thành phố Bạc Liêu”.,"Phường Bạc Liêu và phường Vĩnh Trạch, tỉnh Cà Mau.",Công ty Cổ phần Cấp nước Bạc Liêu.,23-07-2025,Hết hạn
5803,DTM,Dự án: Đầu tư phát triển kết cấu hạ tầng khu công nghiệp Ngũ Phúc (giai đoạn 1).,"Xã Nghi Dương, thành phố Hải Phòng.",Công ty cổ phần đầu tư khu công nghiệp Vinhomes Hải Phòng.,22-07-2025,Hết hạn
5809,DTM,Dự án: “Nhà máy xử lý nước thải và chất thải công nghiệp”.,"Cụm công nghiệp Tân Quang, xã Như Quỳnh, tỉnh Hưng Yên.",Công ty Cổ phần Đầu tư Phát triển Công nghệ & Môi trường Việt Nam.,22-07-2025,Hết hạn
5067,DTM,Dự án: Đầu tư xây dựng phân khu A – Khu đô thị phía Bắc Quốc lộ 5 thuộc Khu đô thị Phố Nối.,"Xã Lạc Đạo và phường Mỹ Hào, tỉnh Hưng Yên.",Công ty Cổ phần Phát triển khu đô thị xanh.,17-07-2025,Hết hạn
5069,DTM,Dự án: Khu đô thị Hiệp Hòa.,"Phường Trấn Biên, tỉnh Đồng Nai.",Công ty TNHH Đầu tư và Phát triển Mặt trời Đồng Nai.,17-07-2025,Hết hạn
5070,DTM,Dự án: “Đầu tư xây dựng và kinh doanh kết cấu hạ tầng KCN Châu Giang II”.,"Phường Duy Tân, tỉnh Ninh Bình.",Công ty TNHH Đầu tư Phát triển Hạ tầng Khu công nghiệp Thanh Bình.,17-07-2025,Hết hạn
5063,DTM,Dự án: Dự án mở rộng nhà máy sản xuất đá ốp lát Thạch Anh.,"Lô CN-03 và Lô CN-C3, Khu công nghiệp Châu Sơn, phường Châu Sơn, tỉnh Ninh Bình.",Công ty Cổ phần Casablanca Việt Nam.,16-07-2025,Hết hạn
5064,DTM,Dự án: Công ty TNHH Daeha Cable Việt Nam tại VSIP II.,"Số 10, đường số 23, Khu công nghiệp Việt Nam Singapore II-A, phường Vĩnh Tân, thành phố Hồ Chí Minh.",Công ty TNHH Daeha Cable Việt Nam.,16-07-2025,Hết hạn
5065,DTM,Dự án: Nhà máy sản xuất vải thành phẩm.,"Lô số 32-1, 32-2, 32-3, 32-4, 32-5, 32-6, 32-7, 32-8, 32-9, 32-10, 32-11, 32-12, 32-12a, 32-14, 32-15, 32-16, 33-1, 33-2, 33-3, 33-4, Khu công nghiệp Phước Đông, phường Gia Lộc, tỉnh Tây Ninh.",Công ty TNHH Global Hantex.,16-07-2025,Hết hạn
5066,DTM,Dự án: “Tổ hợp khu thể dục thể thao và Sân golf Mỹ Lâm”.,"Phường Mỹ Lâm, tỉnh Tuyên Quang.",Công ty Cổ phần Vinpearl.,16-07-2025,Hết hạn
5068,DTM,Dự án: Đầu tư xây dựng và kinh doanh kết cấu hạ tầng khu công nghiệp Tân Trào (giai đoạn I).,"Xã Kiến Hưng và xã Nghi Dương, thành phố Hải Phòng",Công ty Cổ phần Đầu tư Khu công nghiệp Vinhomes Hải Phòng.,16-07-2025,Hết hạn
5056,DTM,"Dự án: Thủy điện Phú Tân 1, Nlm 28MW.","Các Xã: Thanh Sơn, Phú Vinh, Tà Lài, tỉnh Đồng Nai.",Công ty Cổ phần Đầu tư Năng lượng Đồng Nai.,11-07-2025,Hết hạn
5057,DTM,Dự án: Đầu tư xây dựng hạ tầng và kinh doanh kết cấu hạ tầng khu công nghiệp Yên Phong II – A  (điều chỉnh hạ tầng kỹ thuật và bổ sung ngành nghề).,"Xã Tam Giang, tỉnh Bắc Ninh.",Công ty Cổ phần hạ tầng Western Pacific.,11-07-2025,Hết hạn
5058,DTM,Dự án: “Đầu tư xây dựng công trình khai thác đá hoa trắng làm bột carbonat canxi”.,"Khu vực Mông Sơn VIII, xã Bảo Ái, tỉnh Lào Cai.",Công ty TNHH Xây dựng Bình Long.,11-07-2025,Hết hạn
5060,DTM,Dự án: “Thuỷ điện Phiêng Khon”.,"Xã Mường Khoa, tỉnh Lai Châu.",Công ty Cổ phần thủy điện Nà An.,11-07-2025,Hết hạn
5061,DTM,Dự án: “Đầu tư xây dựng và kinh doanh kết cấu hạ tầng Khu công nghiệp Phú Xuân”.,"Xã Cuôr Đăng, tỉnh Đắk Lắk.",Công ty Cổ phần DPV Đắk Lắk.,11-07-2025,Hết hạn
5062,DTM,Dự án: “Nhà máy sản xuất nhôm thỏi công suất 56.000 tấn/năm”.,"Lô L1, Khu công nghiệp Phước Nam, xã Thuận Nam, tỉnh Khánh Hoà.",Công ty TNHH Đầu tư và Xuất nhập khẩu APL.,11-07-2025,Hết hạn
5055,DTM,Dự án: Quản lý tổng hợp rủi ro lũ lụt thích ứng biến đổi khí hậu – thành phần Bộ Nông nghiệp và Phát triển nông thôn (ADB10).,"Địa bàn các tỉnh, thành phố: Hà Nội, Bắc Ninh, Hải Phòng, Ninh Bình, Hưng Yên, Thanh Hóa.",Ban Quản lý Trung ương các dự án Thủy lợi (CPO).,09-07-2025,Hết hạn
5059,DTM,"Dự án: Thủy điện Đăk Roong, Nlm 5MW.","Xã Dục Nông, xã Đăk Môn, xã Đăk Pék, tỉnh Quảng Ngãi.",Công ty Cổ phần thuỷ điện Đăk Roong.,09-07-2025,Hết hạn
5047,DTM,"Dự án: Thủy điện Long Sơn, tỉnh Quảng Ngãi; Nlm= 18MW.","Các xã: Sơn Kỳ, Ba Vì và Minh Long, tỉnh Quảng Ngãi.",Công ty Cổ phần Thuỷ điện Long Sơn.,04-07-2025,Hết hạn
5049,DTM,Dự án: Đầu tư xây dựng và kinh doanh cơ sở hạ tầng Khu công nghiệp Cam Liên.,"Xã Cam Hồng, tỉnh Quảng Trị.",Công ty TNHH Đầu tư Capella Quảng Bình.,04-07-2025,Hết hạn
5052,DTM,Dự án: “Nhà máy sản xuất giấy” (điều chỉnh)”.,"Lô E8, Khu công nghiệp Đông Bắc Sông Cầu – Khu vực 1, xã Xuân Lộc, tỉnh Đắk Lắk.",Công ty Cổ phần Giấy Hoàng Hà Phú Yên.,04-07-2025,Hết hạn
5053,DTM,Dự án: Nhà máy xử lý rác và phát điện Bắc Giang.,"Phường Đa Mai, tỉnh Bắc Ninh.",Công ty TNHH năng lượng môi trường Bắc Giang.,04-07-2025,Hết hạn
5045,DTM,Dự án: Đầu tư xây dựng công trình mỏ than Bắc Cọc Sáu.,"Phường Mông Dương, tỉnh Quảng Ninh.",Chi nhánh Tập đoàn Công nghiệp Than - Khoáng sản Việt Nam - Công ty Than Hạ Long - TKV.,03-07-2025,Hết hạn
5048,DTM,"Dự án: “Đầu tư xây dựng công trình khai thác đất hiếm Bến Đền, huyện Bảo Thắng và xã Thống Nhất, thành phố Lào Cai”.","Xã Gia Phú, xã Bảo Thắng, tỉnh Lào Cai.",Công ty Cổ phần Công nghiệp Khánh An.,03-07-2025,Hết hạn
5044,DTM,Dự án: Nhà máy Công ty TNHH Sản xuất nhôm Vạn Xuân Thành.,"Ô 4, Lô A8, đường D3, khu B, KCN Đất Cuốc, xã Đất Cuốc, huyện Bắc Tân Uyên, tỉnh Bình Dương.",Công ty TNHH Sản xuất nhôm Vạn Xuân Thành.,27-06-2025,Hết hạn
5041,DTM,Dự án: Đầu tư xây dựng và kinh doanh kết cấu hạ tầng Khu công nghiệp chuyên ngành cơ khí.,"Xã Bình Mỹ, xã Tân Lập, huyện Bắc Tân Uyên và phường Hội Nghĩa, thành phố Tân Uyên, tỉnh Bình Dương.",Công ty TNHH Đầu tư phát triển Khu công nghiệp Thadico – Bình Dương.,25-06-2025,Hết hạn
5042,DTM,"Dự án: Khu du lịch và nghỉ dưỡng sinh thái cao cấp hồ Yên Quang, quy mô 274 ha.","Xã Yên Quang và xã Văn Phương, huyện Nho Quan.",Công ty Cổ Phần Bất động sản CT.,25-06-2025,Hết hạn
5043,DTM,Dự án: “Đầu tư xây dựng Khu đô thị Đại học Nam Cao địa phận thị xã Duy Tiên”.,"Xã Tiên Ngoại, phường Hoàng Đông, phường Tiên Nội, thị xã Duy Tiên, tỉnh Hà Nam.",Công ty TNHH Khu đô thị mới Duy Tiên.,25-06-2025,Hết hạn
5038,DTM,"Dự án: “Đầu tư xây dựng và kinh doanh kết cấu hạ tầng khu công nghiệp Bình Đông, tỉnh Tiền Giang”.","Xã Bình Đông, thành phố Gò Công, tỉnh Tiền Giang.",Công ty TNHH Khu công nghiệp Gò Công Tiền Giang.,24-06-2025,Hết hạn
5039,DTM,Dự án: “Đầu tư xây dựng công trình Nạo vét và cải tạo đáy hồ chứa nước thô Kiên Lương (cụm 6 hồ)”.,"Khu phố Lò Bom, thị trấn Kiên Lương, huyện Kiên Lương, tỉnh Kiên Giang.",Công ty TNHH MTV Cấp thoát nước Kiên Giang.,24-06-2025,Hết hạn
5040,DTM,Dự án: Nhà máy xử lý chất thải công nghiệp và nguy hại.,"Khu phố 1B, phường Chánh Hòa Phú, thành phố Bến Cát, tỉnh Bình Dương.",Công ty TNHH Môi trường Sen Vàng.,24-06-2025,Hết hạn
5029,DTM,"Dự án: “Khu đô thị Châu Sơn, thị xã Duy Tiên”, tại xã Tiên Sơn, thị xã Duy Tiên, tỉnh Hà Nam.","Xã Tiên Sơn, thị xã Duy Tiên, tỉnh Hà Nam.",Công ty TNHH Đầu tư Tây Hà Nội.,20-06-2025,Hết hạn
5030,DTM,"Dự án: “Đầu tư xây dựng khu đô thị mới, du lịch, sinh thái, văn hóa, nghỉ dưỡng, vui chơi giải trí trên địa bàn thành phố Từ Sơn (Tiểu khu 112.3)”.","Phường Tam Sơn, và phường Tương Giang thành phố Từ Sơn, tỉnh Bắc Ninh.",Công ty TNHH Đầu tư Tây Bắc.,20-06-2025,Hết hạn
5031,DTM,"Dự án: “Đầu tư xây dựng khu đô thị mới, du lịch, sinh thái, văn hóa, nghỉ dưỡng, vui chơi giải trí trên địa bàn huyện Tiên Du (Tiểu khu 112.1)”.","Thị trấn Lim, xã Phú Lâm và xã Nội Duệ, huyện Tiên Du, tỉnh Bắc Ninh.",Công ty TNHH Đầu tư Tây Hà Nội.,20-06-2025,Hết hạn
5032,DTM,"Dự án: “Khu đô thị Đông Nam Tiên Sơn, thị xã Duy Tiên” tại xã Tiên Sơn, thị xã Duy Tiên, tỉnh Hà Nam.","Xã Tiên Sơn, thị xã Duy Tiên, tỉnh Hà Nam.",Công ty TNHH Quản lý Bất động sản Mặt trời miền Bắc.,20-06-2025,Hết hạn
5035,DTM,"Dự án: Nhà máy chế tạo thiết bị điện tử, phương tiện thiết bị mạng và các sản phẩm âm thanh đa phương tiện.","Lô N-1, N-2, N-3, N-4, N-5, N-6 (Khu D), Lô P, Q, Z (Khu E), Lô E 10-1 (Khu F), Lô T-1 (Khu J), Lô L-2, L-3 (Khu B), Lô K-08, K-09, K-16 (Khu A) thuộc Khu công nghiệp Quế Võ, phường Nam Sơn, thành phố Bắc Ninh, tỉnh Bắc Ninh và Lô CN2-10 (Khu G) thuộc Khu công nghiệp Quế Võ III, thị xã Quế Võ, tỉnh Bắc Ninh.",Công ty TNHH khoa học kỹ thuật Goertek Vina.,20-06-2025,Hết hạn
5036,DTM,Dự án: “Xây dựng mở rộng đoạn Yên Bái – Lào Cai thuộc tuyến cao tốc Nội Bài – Lao Cai”.,Địa phận tỉnh Lào Cai và tỉnh Yên Bái.,Tổng Công ty Đầu tư phát triển đường cao tốc Việt Nam.,20-06-2025,Hết hạn
5037,DTM,Dự án: Nhà máy luyện và cán thép HD Miền Trung.,"Khu H, đường 1, Khu công nghiệp Du Long, xã Lợi Hải – xã Bắc Phong, huyện Thuận Bắc, tỉnh Ninh Thuận.",Công ty cổ phần Gang thép HD Miền Trung.,20-06-2025,Hết hạn
5025,DTM,Dự án: “Nhà máy sản xuất vật liệu hợp kim Bedra Việt Nam” (điều chỉnh).,"Lô CN-06, Khu công nghiệp Hòa Phú, huyện Hiệp Hòa, tỉnh Bắc Giang.",Công ty TNHH Vật liệu hợp kim Bedra Việt Nam.,19-06-2025,Hết hạn
5026,DTM,"Dự án: “Xây dựng công trình khai thác đá sét làm nguyên liệu xi măng” tại thôn Đồng Nhất và thôn Đồng Hải, xã Đồng Tâm, huyện Lạc Thủy, tỉnh Hòa Bình.","Xã Đồng Tâm, huyện Lạc Thủy, tỉnh Hòa Bình.",Công ty Cổ phần Xi măng Thành Thắng Group.,19-06-2025,Hết hạn
5027,DTM,"Dự án: Đầu tư xây dựng và kinh doanh kết cấu hạ tầng Phân khu B - Khu công nghiệp Nam Thăng Bình, quy mô 346 ha.","Các xã: Bình Trung, Bình Sa, Bình Nam, huyện Thăng Bình, tỉnh Quảng Nam.",Công ty Cổ phần hạ tầng KCN Nam Thăng Bình.,19-06-2025,Hết hạn
5028,DTM,Dự án: Đầu tư khai thác xuống sâu dưới mức - 50 mỏ than Ngã Hai - Công ty Than Quang Hanh – TKV.,"Xã Dương Huy và phường Quang Hanh, thành phố Cẩm Phả, tỉnh Quảng Ninh.",Công ty Than Quang Hanh – TKV.,19-06-2025,Hết hạn
5033,DTM,"Dự án: “Nhà máy pha chế các sản phẩm hóa chất, xử lý môi trường”.","Xã Minh Hải, huyện Văn Lâm, tỉnh Hưng Yên.",Công ty Cổ phầnSản xuất Tân Thành.,19-06-2025,Hết hạn
5034,DTM,"Dự án ""Xây dựng hệ thống cấp nước thô chuỗi đô thị dọc Quốc lộ 47, thành phố Thanh Hóa và vùng phụ cận tại các huyện Thọ Xuân, Triệu Sơn, Như Thanh, Đông Sơn, thành phố Thanh Hóa.","Các huyện: Thọ Xuân, Triệu Sơn, Như Thanh, Đông Sơn và thành phố Thanh Hoá, tỉnh Thanh Hóa.",Tổng công ty đầu tư xây dựng và thương mại Anh Phát - Công ty cổ phần.,19-06-2025,Hết hạn
5018,DTM,Dự án: Quần thể khu du lịch sinh thái và đô thị Bà Nà - Suối Mơ.,"Xã Hòa Ninh và xã Hòa Phú, huyện Hòa Vang, thành phố Đà Nẵng.",Công ty Cổ phần Dịch vụ cáp treo Bà Nà.,17-06-2025,Hết hạn
5019,DTM,"Dự án: “Kế hoạch phát triển mỏ Bạch Hổ, Lô 09-1, điều chỉnh năm 2025”.","Lô 09-1, ngoài khơi Đông Nam Việt Nam.",Liên doanh Việt - Nga (Vietsovpetro).,17-06-2025,Hết hạn
5020,DTM,Dự án: “Khu dịch vụ du lịch và trục cảnh quan văn hoá thuộc quần thể khu du lịch Am Tiên”.,"Thị trấn Nưa, huyện Triệu Sơn, tỉnh Thanh Hoá.",Công ty TNHH Du lịch cáp treo Thanh Hoá.,17-06-2025,Hết hạn
5021,DTM,Dự án: Đầu tư xây dựng công trình khai thác và nghiền sàng đá vôi làm nguyên liệu sản xuất vôi công nghiệp”.,"Xã Thanh Nghị, huyện Thanh Liêm, tỉnh Hà Nam.",Công ty TNHH 26868.,17-06-2025,Hết hạn
5022,DTM,Dự án: Nhà máy sản xuất đồng Xingda Việt Nam công suất 16.000 tấn/năm.,"Nhà xưởng B9.5, đường N8, Khu công nghiệp Thành Thành Công, phường An Hòa, thị xã Trảng Bàng, tỉnh Tây Ninh.",Công ty TNHH Công nghiệp Copper Xingda Việt Nam.,17-06-2025,Hết hạn
5023,DTM,"Dự án: ""Khu đô thị Đọi Sơn, thị xã Duy Tiên"" tại xã Tiên Sơn, thị xã Duy Tiên, tỉnh Hà Nam.","Xã Tiên Sơn, thị xã Duy Tiên, tỉnh Hà Nam.",Công ty TNHH Bất Động sản Bảo An 247.,17-06-2025,Hết hạn
5024,DTM,Dự án: Mở rộng đoạn cao tốc thành phố Hồ Chí Minh - Long Thành.,"Thành phố Thủ Đức, thành phố Hồ Chí Minh và huyện Long Thành, huyện Nhơn Trạch, tỉnh Đồng Nai.",Tổng Công ty Đầu tư Phát triển đường cao tốc Việt Nam (VEC).,17-06-2025,Hết hạn
5012,DTM,"Dự án: “Đầu tư xây dựng công trình khai thác, chế biến đá vôi trắng tại khu vực Thung Dược xã Thanh Thủy, huyện Thanh Liêm, tỉnh Hà Nam”","Xã Thanh Thủy, huyện Thanh Liêm, tỉnh Hà Nam.",Công ty CP ATA Paint Hà Nam.,16-06-2025,Hết hạn
5013,DTM,"Dự án: “Đầu tư xây dựng công trình khai thác lộ thiên mỏ đá hoa tại Bản San, xã Tri Lễ, huyện Quế Phong, tỉnh Nghệ An”.","Bản San, xã Tri Lễ, huyện Quế Phong, tỉnh Nghệ An.",Công ty CP Đầu tư An Châu.,16-06-2025,Hết hạn
5014,DTM,Dự án: “Sân gôn (golf) Quang Hanh”.,"Phường Quang Hanh, thành phố Cẩm Phả, tỉnh Quảng Ninh.",Công ty Cổ phần Đầu tư xây dựng Thái Sơn.,16-06-2025,Hết hạn
5015,DTM,"Dự án: “Hợp tác liên kết trồng, chăm sóc, quản lý và thu hoạch chuối tại Đội sản xuất VII” tại ấp 7, xã Suối Dây, huyện Tân Châu, tỉnh Tây Ninh.","Ấp 7, xã Suối Dây, huyện Tân Châu, tỉnh Tây Ninh.",Công ty Cổ phần Hàng tiêu dùng Biên Hòa.,16-06-2025,Hết hạn
5016,DTM,Dự án: “Sân golf 36 hố và khu phụ trợ”.,"Phường Tượng Lĩnh, thị xã Kim Bảng, tỉnh Hà Nam.",Công ty Cổ phần Phát triển Golf Thiên Đường.,16-06-2025,Hết hạn
5017,DTM,"Dự án: Trung tâm sản xuất nước giải khát, nhà máy sản xuất bao bì nhựa tái chế, nhà máy sản xuất đường Fructose và trung tâm logistics”","Khu công nghiệp Sông Hậu - giai đoạn 1, xã Đông Phú, huyện Châu Thành, tỉnh Hậu Giang.",Công ty TNHH Number One Hậu Giang.,16-06-2025,Hết hạn
5001,DTM,"Dự án: “Nhà máy sản xuất phụ tùng ô tô, phụ tùng ngành công nghiệp điện tử, công nghiệp bán dẫn, thiết bị xử lý môi trường công nghệ cao Bei Ke Yuan”.","Lô CN7A, CN7B, CN8, CN9A, CN9B, Cụm công nghiệp Văn Phong, xã Văn Phong, huyện Nho Quan, tỉnh Ninh Bình.",Công ty TNHH công nghệ Bei Ke Yuan.,13-06-2025,Hết hạn
5002,DTM,Dự án: “Đầu tư xây dựng và kinh doanh kết cấu hạ tầng Khu công nghiệp Kim Bảng IV - Giai đoạn I”.,"Phường Tân Tựu, xã Văn Xá và xã Hoàng Tây, thị xã Kim Bảng, tỉnh Hà Nam.",Công ty TNHH Hai Pha Việt Nam.,13-06-2025,Hết hạn
5003,DTM,Dự án: Đầu tư xây dựng và kinh doanh hạ tầng kỹ thuật Khu công nghiệp Bờ trái sông Đà.,"Khu công nghiệp bờ trái sông Đà, phường Hữu Nghị, thành phố Hòa Bình, tỉnh Hòa Bình.",Công ty Cổ phần thương mại Dạ Hợp.,13-06-2025,Hết hạn
5004,DTM,Dự án: “Đầu tư xây dựng sân gôn Uông Bí”.,"Phường Phương Đông, thành phố Uông Bí, tỉnh Quảng Ninh.",Công ty Cổ phần đầu tư sân golf Hạ Long Bay.,13-06-2025,Hết hạn
5005,DTM,"Dự án: “Khách sạn, sân golf Hoàng Đồng – Lạng Sơn”.","Thôn Nà Tâm, xã Hoàng Đồng, thành phố Lạng Sơn, tỉnh Lạng Sơn.",Công ty Cổ phần Quốc tế Lạng Sơn.,13-06-2025,Hết hạn
5008,DTM,Dự án: “Nhà máy đốt chất thải rắn phát điện công nghệ hiện đại”.,"Xã Thụy Trình, huyện Thái Thụy, tỉnh Thái Bình.",Công ty TNHH Năng Lượng Xanh Long Hưng.,13-06-2025,Hết hạn
5009,DTM,Dự án: Nhà máy Kyocera Avx Components Bắc Giang.,"Lô CN-07, Khu công nghiệp Vân Trung, phường Vân Trung, thị xã Việt Yên, tỉnh Bắc Giang.",Công ty TNHH Kyocera Avx Components (Bắc Giang).,13-06-2025,Hết hạn
5011,DTM,"Dự án: “Khai thác, chế biến mỏ đá hoa khu vực Đồi Keo, xã Châu Tiến, huyện Quỳ Hợp, tỉnh Nghệ An”.","Xã Châu Tiến, huyện Quỳ Hợp, tỉnh Nghệ An.",Công ty Cổ phần Khoáng sản Nam Sơn.,13-06-2025,Hết hạn
4996,DTM,Dự án: “Công viên nghĩa trang thành phố Sơn La”.,"Khu vực bản Phường, bản Nà Ngần và bản Ka Láp, xã Chiềng Ngần, thành phố Sơn La, tỉnh Sơn La.",Công ty Cổ phần Đầu tư Phúc Lạc Viên Sơn La.,12-06-2025,Hết hạn
4997,DTM,"Dự án: “Đầu tư xây dựng công trình khai thác quặng đồng khu vực xã Suối Thầu – Phìn Ngàn Chải, huyện Bát Xát, tỉnh Lào Cai”.","Khu vực Suối Thầu – Phìn Ngàn Chải, xã Cốc Mỳ, huyện Bát Xát, tỉnh Lào Cai.",Công ty Cổ phần Tập đoàn Lào Cai.,12-06-2025,Hết hạn
4998,DTM,"Dự án: “Đầu tư xây dựng công trình khai thác đá vôi làm nguyên liệu xi măng và khoáng sản đi kèm tại xã Ninh Dân, huyện Thanh Ba, tỉnh Phú Thọ”.","Xã Ninh Dân, huyện Thanh Ba, tỉnh Phú Thọ.",Công ty Cổ phần xi măng Vicem Sông Thao.,12-06-2025,Hết hạn
4999,DTM,Dự án: “Nhà máy sản xuất phân bón”.,"Lô CN-21A, Cụm công nghiệp Tiên Tiến, xã Quang Tiến, thành phố Hòa Bình, tỉnh Hòa Bình.",Công ty Cổ phần vật tư Nông nghiệp Bio Việt Nam.,12-06-2025,Hết hạn
4991,DTM,Dự án: “Công ty TNHH Quốc tế Unilever Việt Nam”.,"Lô A2 – 3, Khu Công nghiệp Tây Bắc Củ Chi, xã Tân An Hội, huyện Củ Chi, thành phố Hồ Chí Minh.",Công ty TNHH Quốc tế Unilever Việt Nam.,11-06-2025,Hết hạn
4992,DTM,Dự án: Đầu tư xây dựng và kinh doanh cơ sở hạ tầng khu công nghiệp Song Tân – Đức Hòa III.,"Xã Mỹ Hạnh Bắc và xã Đức Lập Hạ, huyện Đức Hòa, tỉnh Long An.",Công ty Cổ phần Đầu tư AMIC.,11-06-2025,Hết hạn
4993,DTM,Dự án: Đầu tư xây dựng hệ thống hạ tầng và kinh doanh khu công nghiệp Đức Hòa III – Long Đức.,"Xã Mỹ Hạnh Bắc, huyện Đức Hòa, tỉnh Long An.",Công ty Cổ phần Đầu tư Phát triển Long Đức – ILD.,11-06-2025,Hết hạn
4994,DTM,"Dự án: Đầu tư xây dựng, kinh doanh kết cấu hạ tầng Khu công nghiệp Đức Hòa III – Mười Đây.","Xã Mỹ Hạnh Bắc, huyện Đức Hòa, tỉnh Long An.",Công ty Cổ phần Đầu tư và Kinh doanh Bất động sản Mười Đây.,11-06-2025,Hết hạn
4995,DTM,"Dự án: Đầu tư xây dựng và kinh doanh kết cấu hạ tầng khu công nghiệp Tiên Sơn – Ninh Sơn (giai đoạn 1), thị xã Việt Yên.","Xã Tiên Sơn và phường Ninh Sơn, thị xã Việt Yên, tỉnh Bắc Giang.",Công ty Cổ phần Đầu tư công nghiệp công nghệ Ninh Sơn.,11-06-2025,Hết hạn
4987,DTM,Dự án: “Mở rộng nâng công suất mỏ Núi Hồng”.,"Xã Yên Lãng, xã Phú Cường, huyện Đại Từ, tỉnh Thái Nguyên.",Tổng công ty Công nghiệp mỏ Việt Bắc TKV - CTCP.,10-06-2025,Hết hạn
4988,DTM,"Dự án: Đầu tư khai thác đá hoa tại khu vực thung Dên, xã Châu Cường, huyện Quỳ Hợp, tỉnh Nghệ An.","Xã Châu Cường, huyện Quỳ Hợp, tỉnh Nghệ An.",Công ty TNHH Sản xuất – Thương mại – Dịch vụ Liên Hiệp.,10-06-2025,Hết hạn
4989,DTM,"Dự án: “Kế hoạch phát triển mỏ Rồng, Lô 09-1, điều chỉnh năm 2025”.","Lô 09-1, thềm lục địa phía Nam Việt Nam.",Liên doanh Việt – Nga Vietsovpetro.,10-06-2025,Hết hạn
4990,DTM,Dự án: “Đầu tư xây dựng và kinh doanh kết cấu hạ tầng khu công nghiệp Kim Bảng I”.,"Các phường: Lê Hồ, Đồng Hóa và Đại Cương, thị xã Kim Bảng, tỉnh Hà Nam.",Công ty TNHH Đầu tư xây dựng phát triển Khu công nghiệp Kim Bảng.,10-06-2025,Hết hạn
4983,DTM,Dự án: “Đầu tư xây dựng và kinh doanh kết cấu hạ tầng Khu công nghiệp Phù Mỹ - Giai đoạn 1”.,"Xã Mỹ An, huyện Phù Mỹ, tỉnh Bình Định.",Công ty Cổ phần Tập đoàn Đầu tư Phù Mỹ.,06-06-2025,Hết hạn
4984,DTM,"Dự án: “Nhà máy công ty TNHH Mustang Battery (Sản xuất pin kẽm mangan, Giai đoạn 1: công suất 750.000.000 viên/năm)”.","Lô B2-X, đường D1B, khu công nghiệp Becamex – Bình Phước, phường Minh Thành, thị xã Chơn Thành, tỉnh Bình Phước.",Công ty TNHH Mustang Battery.,06-06-2025,Hết hạn
4985,DTM,Dự án: Nhà máy Nhiệt điện LNG Thái Bình.,"Xã Thái Đô, huyện Thái Thụy, tỉnh Thái Bình.",Công ty Cổ phần Điện khí LNG Thái Bình.,06-06-2025,Hết hạn
4975,DTM,"Dự án: “Xã hội hóa nạo vét tuyến luồng hàng hải sông Tiền (đoạn từ phao P0 đến phao P17-P18) qua Cửa Tiểu, tỉnh Tiền Giang theo hình thức tận thu sản phẩm cát nhiễm mặn bù chi phí, không sử dụng ngân sách nhà nước”.","Xã Phú Tân, huyện Tân Phú Đông và xã Tân Thành, huyện Gò Công Đông, tỉnh Tiền Giang.",Công ty Cổ phần Gia Phú.,05-06-2025,Hết hạn
4978,DTM,"Dự án: “Khu đô thị mới số 01, thị trấn Rừng Thông, huyện Đông Sơn, tỉnh Thanh Hóa”.","Phường Rừng Thông, thành phố Thanh Hóa, tỉnh Thanh Hóa.",Công ty Cổ phần Đô thị số 01 Đông Sơn.,05-06-2025,Hết hạn
4981,DTM,Dự án: “Công trình thủy điện Sông Mã 2”.,"Các xã: Phình Giang, Háng Lìa, Tìa Dình, Pú Hồng, huyện Điện Biên Đông, tỉnh Điện Biên.",Công ty Cổ phần Thủy điện sông Mã 2 Điện Biên.,05-06-2025,Hết hạn
4982,DTM,"Dự án: ""Công trình Thủy điện Sông Mã 1"".","Các xã: Tìa Dình, Pú Hồng, Háng Lìa, Phình Giàng, huyện Điện Biên Đông; xã Mường Lói, huyện Điện Biên, tỉnh Điện Biên; các xã: Sam Kha, Mường Lèo, huyện Sốp Cộp, tỉnh Sơn La",Công ty Cổ phần thủy điện Sông Mã 1 Điện Biên.,05-06-2025,Hết hạn
4974,DTM,Dự án: “Khu đô thị và du lịch sinh thái Diêm Vân”.,"Xã Phước Thuận, huyện Tuy Phước, tỉnh Bình Định.",Công ty Cổ phần đầu tư Bờ Biển Vàng.,04-06-2025,Hết hạn
4973,DTM,"Dự án: “Sản xuất giày dép, màng nhựa (PET, PC, PP, PS) và bao bì phục vụ thị trường trong nước, xuất khẩu”.","Lô CN5, Cụm công nghiệp thị trấn Tiên Lãng, thị trấn Tiên Lãng, huyện Tiên Lãng, thành phố Hải Phòng.",Công ty Cổ phần Giầy Thống Nhất Hải Phòng.,03-06-2025,Hết hạn
4972,DTM,"Dự án: “Đầu tư xây dựng và kinh doanh kết cấu hạ tầng Khu công nghiệp Yên Bình 2, tỉnh Thái Nguyên”.","Phường Hồng Tiến, phường Đồng Tiến, phường Tiên Phong, thành phố Phổ Yên và xã Điềm Thụy, xã Nga My, huyện Phú Bình, tỉnh Thái Nguyên.",Công ty Cổ phần Đầu tư phát triển Yên Bình.,02-06-2025,Hết hạn
4965,DTM,"Dự án: “Nhà máy sản xuất, xử lý, tái chế chất thải công nghiệp và chất thải nguy hại”.","Lô CN4, Khu công nghiệp Nam Cầu Kiền, phường Lê Hồng Phong, thành phố Thủy Nguyên, thành phố Hải Phòng.",Công ty TNHH Tân Thuận Phong.,30-05-2025,Hết hạn
4967,DTM,Dự án: Nhà máy sản xuất giấy bao bì công nghiệp (1.000.000 tấn/năm và giấy tiêu dùng (50.000 tấn/năm)”.,"Khu số 4, Khu công nghiệp Quốc tế Protrade, phường An Tây, thành phố Bến Cát, tnh Bình Dương.",Công ty TNHH Cheng Loong Bình Dương Paper.,30-05-2025,Hết hạn
4968,DTM,Dự án: Đầu tư xây dựng và kinh doanh kết cấu hạ tầng Khu công nghiệp Hải Long (VSIP Nam Định) giai đoạn 1.,"Xã Giao Long và xã Giao Châu, huyện Giao Thủy, tỉnh Nam Định.",Công ty TNHH VSHIP Nam Định.,30-05-2025,Hết hạn
4970,DTM,Dự án: “Khu đô thị thương mại và nhà ở sông Bùi”.,"Thị trấn Lương Sơn; xã Tân Vinh, xã Nhuận Trạch và xã Hoà Sơn, huyện Lương Sơn, tỉnh Hòa Bình.",Công ty TNHH Đô Thị Hòa Bình River.,30-05-2025,Hết hạn
4971,DTM,"Dự án: “Nhà máy gia công xi mạ (Kẽm, Niken, Nhôm, crom,…..), các sản phẩm xe máy, cơ khí, đồ gia dụng và điện tử với quy mô 400.000 sản phẩm tương đương 50.000 tấn sản phẩm/năm”.","Đường số 6, Khu công nghiệp Hố Nai, xã Hố Nai 3, huyện Trảng Bom, tỉnh Đồng Nai.",Công ty TNHH Công Nghiệp Vietshuenn.,30-05-2025,Hết hạn
4963,DTM,"Dự án: “Đầu tư xây dựng công trình khai thác đá vôi làm nguyên liệu sản xuất vôi công nghiệp” tại khu vực I mỏ T20.1 và T21, xã Thanh Thủy, huyện Thanh Liêm, tỉnh Hà Nam.","Khu vực I, mỏ T20.1 và T21, xã Thanh Thủy, huyện Thanh Liêm, tỉnh Hà Nam.",Công ty Cổ phần sản xuất vôi công nghiệp 218.,29-05-2025,Hết hạn
4964,DTM,Dự án: “Khu dân cư Long Hưng”.,"Xã Long Hưng, thành phố Biên Hòa, tỉnh Đồng Nai.",Liên hiệp Hợp tác xã Dịch vụ Nông nghiệp tổng hợp Đồng Nai.,29-05-2025,Hết hạn
4961,DTM,Dự án: “Khu công nghiệp cơ khí ô tô Chu Lai Trường Hải mở rộng”.,"Xã Tam Hiệp, huyện Núi Thành, tỉnh Quảng Nam.",Công ty TNHH MTV Đầu tư Phát triển Hạ tầng Khu công nghiệp và Đô thị Chu Lai Trường Hải.,27-05-2025,Hết hạn
4962,DTM,Dự án: “Đầu tư xây dựng sân gôn Cồn Vành”.,"Xã Nam Phú, huyện Tiền Hải, tỉnh Thái Bình.",Công ty Cổ phần Phát triển hạ tầng và Đô thị Hoàng Huy.,27-05-2025,Hết hạn
4958,DTM,"Dự án: “Kế hoạch phát triển mỏ Đại Hùng, Lô 05-1(a), điều chỉnh năm 2025 – Khu vực khối D”.","Lô 05-1(a), ngoài khơi Đông Nam Việt Nam.",Chi nhánh Điều hành Dầu khí trong nước - Công ty TNHH – Tổng Công ty Thăm dò Khai thác Dầu khí (PVEP-POC).,26-05-2025,Hết hạn
4960,DTM,Dự án: Đầu tư xây dựng và kinh doanh kết cấu hạ tầng khu công nghiệp Đồng Văn VI.,"Xã Tiên Ngoại, xã Yên Nam và xã Tiên Sơn, thị xã Duy Tiên, tỉnh Hà Nam.",Công ty Cổ phần Cảng Quốc tế Hà Nam.,26-05-2025,Hết hạn
4956,DTM,"Dự án: Khu phức hợp đô thị, du lịch sinh thái, sân gôn Khoái Châu, tỉnh Hưng Yên.","Các xã: Tứ Dân, Tân Châu, Đông Kết, Đông Ninh, Đại Tập, Liên Khê, Chí Minh, huyện Khoái Châu, tỉnh Hưng Yên.",Công ty Cổ phần Tập đoàn Đầu tư và Phát triển Hưng Yên.,23-05-2025,Hết hạn
4957,DTM,Dự án: “Nhà máy sản xuất ắc quy”.,"Lô C12, Khu công nghiệp Khánh Phú, xã Khánh Phú, huyện Yên Khánh, tỉnh Ninh Bình.",Công ty Cổ phần Ắc quy Eni-florence.,23-05-2025,Hết hạn
4950,DTM,"Dự án: “Khai thác lộ thiên khu Bắc Bàng Danh tại các phường Hà Tu, Hà Phong, Hà Khánh, thành phố Hạ Long, tỉnh Quảng Ninh” (Dự án điều chỉnh lần 02).","Phường Hà Khánh, phường Hà Phong, thành phố Hạ Long, tỉnh Quảng Ninh.",Công ty Cổ phần Than Hà Tu - Vinacomin.,22-05-2025,Hết hạn
4953,DTM,Dự án: Đầu tư xây dựng và kinh doanh kết cấu hạ tầng Khu công nghiệp Thăng Long Thanh Hóa (giai đoạn 1).,"Xã Đông Văn, xã Đông Yên, huyện Đông Sơn (nay là thành phố Thanh Hoá) và xã Đồng Tiến, xã Đồng Thắng, huyện Triệu Sơn, tỉnh Thanh Hóa.",Công ty TNHH Khu công nghiệp Thăng Long Thanh Hóa.,22-05-2025,Hết hạn
4954,DTM,Dự án: Nhà máy nhiệt điện LNG Quảng Trạch II.,"Trung tâm điện lực Quảng Trạch, thôn Vĩnh Sơn, xã Quảng Đông, huyện Quảng Trạch, thuộc Khu kinh tế Hòn La, tỉnh Quảng Bình.","Ban Quản lý Dự án Điện 2 (EVNPMB2), Tập đoàn điện lực Việt Nam.",21-05-2025,Hết hạn
4945,DTM,"Dự án: “Đầu tư xây dựng công trình khai thác laterit làm phụ gia xi măng” tại xã Vũ Bình, huyện Lạc Sơn, tỉnh Hòa Bình.","Xã Vũ Bình, huyện Lạc Sơn, tỉnh Hòa Bình.",Công ty Cổ phần Xi măng Thành Thắng Group.,20-05-2025,Hết hạn
4946,DTM,"Dự án: Khai thác mỏ đá hoa Thung Thom xã Châu Cường, huyện Quỳ Hợp, tỉnh Nghệ An.","Xã Châu Cường, huyện Quỳ Hợp, tỉnh Nghệ An.",Công ty Cổ phần Tư vấn thiết kế và khai thác khoáng sản Miền Tây.,20-05-2025,Hết hạn
4949,DTM,Dự án: Sân golf Vĩnh Hưng.,"Xã Trung Trạch và xã Đại Trạch, huyện Bố Trạch, tỉnh Quảng Bình.",Công ty TNHH sân Golf  Vĩnh Hưng.,20-05-2025,Hết hạn
4942,DTM,Dự án: “Nhà máy Chlorine Stavian VP”.,"Lô B10.2, Đường C3, Khu công nghiệp Thành Thành Công, khu phố An Hội, phường An Hòa, thị xã Trảng Bàng, tỉnh Tây Ninh.",Công ty Cổ phần Stavian VP Tây Ninh.,19-05-2025,Hết hạn
4943,DTM,Dự án: “Thiết lập kết cấu hạ tầng cảng biển tạm thời 02 điểm neo chuyển tải hàng hóa tại Duyên Hải – Trà Vinh”.,"Khu vực biển thuộc huyện Duyên Hải, tỉnh Trà Vinh.",Công ty Cổ phần Thương mại và Dịch vụ Hàng hải HD.,19-05-2025,Hết hạn
4944,DTM,Dự án: “Công trình Trạm bơm cấp nước cho xí nghiệp sản xuất nước sạch Việt Trì”.,"Khu I, phường Dữu Lâu, thành phố Việt Trì, tỉnh Phú Thọ.",Công ty Cổ phần cấp nước Phú Thọ.,19-05-2025,Hết hạn
4935,DTM,"Dự án: “Kế hoạch Phát triển Mỏ Khánh Mỹ - Đầm Dơi, lô 46/13”.","Lô 46/13, ngoài khơi Tây Nam Việt Nam.","Chi nhánh Điều hành Dầu khí Khánh Mỹ, Tổng công ty Thăm dò Khai thác Dầu khí.",16-05-2025,Hết hạn
4936,DTM,Dự án: “Khu tái định cư và nhà ở xã hội Phúc Long”.,"Xã Long Cang, huyện Cần Đước, tỉnh Long An.",Công ty TNHH Đầu tư và Xây dựng Phúc Long.,16-05-2025,Hết hạn
4937,DTM,Dự án: Nhà máy điện tử BYD Việt Nam.,"Lô CN-2A, Khu công nghiệp Phú Hà, xã Hà Lộc, thị xã Phú Thọ, tỉnh Phú Thọ.",Công ty TNHH Điện tử BYD (Việt Nam).,16-05-2025,Hết hạn
4939,DTM,"Dự án: Khu nghỉ dưỡng Khoáng nóng Địa chất tại phường Cẩm Thủy và Cẩm Thạch, thành phố Cẩm Phả, tỉnh Quảng Ninh.","Phường Cẩm Thủy và phường Cẩm Thạch, thành phố Cẩm Phả, tỉnh Quảng Ninh.",Công ty Cổ phần địa chất mỏ - TKV.,16-05-2025,Hết hạn
5010,DTM,"Dự án: “Nhà máy sản xuất tôn các loại, công suất 400.000 tấn sản phẩm/năm (bao gồm công đoạn xi mạ)”.","Khu công nghiệp Châu Đức, xã Suối Nghệ, huyện Châu Đức, tỉnh Bà Rịa - Vũng Tàu.",Công ty TNHH Broad-Ocean Motor (BaRia VungTau).,16-05-2025,Hết hạn
4929,DTM,Dự án: Mở rộng nâng công suất mỏ đồng Sin Quyền.,"Xã Cốc Mỳ và xã Bản Vược, huyện Bát Xát, tỉnh Lào Cai.",Tổng công ty Khoáng sản - TKV (VIMICO).,15-05-2025,Hết hạn
4928,DTM,Nhà máy của Công ty TNHH Fullway.,"Đường số 5, Khu công nghiệp Long Khánh, xã Bình Lộc, thị xã Long Khánh, tỉnh Đồng Nai.",Công ty TNHH Fullway.,14-05-2025,Hết hạn
4930,DTM,Dự án: “Đầu tư xây dựng và kinh doanh kết cấu hạ tầng khu công nghiệp Phúc Long mở rộng”.,"Xã Long Hiệp, huyện Bến Lức và xã Long Định, huyện Cần Được, tỉnh Long An.",Công ty TNHH Đầu tư và xây dựng Phúc Long.,14-05-2025,Hết hạn
4931,DTM,Dự án: “Kế hoạch phát triển mỏ Sư Tử Trắng – Giai đoạn 2B”.,"Lô 15-1, ngoài khơi Đông Nam Việt Nam.",Công ty liên doanh điều hành Cửu Long.,14-05-2025,Hết hạn
4933,DTM,Dự án: Đầu tư xây dựng và kinh doanh kết cấu hạ tầng khu công nghiệp Xuân Kiên (giai đoạn 1).,"Xã Xuân Phúc, huyện Xuân Trường, tỉnh Nam Định.",Công ty Cổ phần tập đoàn GLB Group.,14-05-2025,Hết hạn
4925,DTM,"Dự án: Xây dựng hạ tầng Cụm công nghiệp, Hợp Thành 1, Hợp Thành 2 và Khu tái định cư Hợp Thành.","Thị trấn Cao Lộc và xã Hợp Thành, huyện Cao Lộc, tỉnh Lạng Sơn.",Công ty Cổ phần Đầu tư Bác Nguyên Lạng Sơn.,12-05-2025,Hết hạn
4926,DTM,Dự án: “Khai thác hầm lò xuống sâu dưới mức -175 Mỏ than Vàng Danh”.,"Phường Vàng Danh, thành phố Uông Bí, tỉnh Quảng Ninh.",Công ty cổ phần than Vàng Danh – Vinacomin.,12-05-2025,Hết hạn
4927,DTM,"Dự án: “Khu dân cư biệt thự nhà vườn” tại xã An Thạch, huyện Bến Lức, tỉnh Long An.","Xã An Thạch, huyện Bến Lức, tỉnh Long An.",Công ty TNHH Phát triển Bất động sản Hưng Phát Bến Lức.,12-05-2025,Hết hạn
4920,DTM,Dự án: “Dự án Nhà máy sản xuất bảng mạch có độ chính xác cao”.,"Lô CN.05, Khu công nghiệp Kim Bảng I, thị xã Kim Bảng, tỉnh Hà Nam.",Công ty TNHH Công nghệ RED BOARD (VIỆT NAM).,09-05-2025,Hết hạn
4921,DTM,Dự án: “Nhà máy sản xuất tinh bột sắn Kon Tum”.,"Xã Sa Bình, huyện Sa Thầy, tỉnh Kon Tum.",Công ty TNHH Tinh bột sắn Kon Tum.,09-05-2025,Hết hạn
4923,DTM,"Dự án: Tổ hợp công trình thương mại, dịch vụ và căn hộ lưu trú tại lô đất HHO-B1.3, Đa giác 4, Khu đô thị dịch vụ Hùng Thắng, phường Hùng Thắng, thành phố Hạ Long, tỉnh Quảng Ninh.","Lô HHO-B1.3, đa giác số 4, Trung tâm du lịch dịch vụ và vui chơi giải trí (Phân khu 6), phường Hùng Thắng, thành phố Hạ Long, tỉnh Quảng Ninh.",Công ty TNHH Đầu tư phát triển sản xuất Hạ Long.,09-05-2025,Hết hạn
4924,DTM,Dự án: Nhà máy sản xuất Hydro xanh Trà Vinh.,"Xã Đông Hải, huyện Duyên Hải, tỉnh Trà Vinh.",Công ty Cổ phần TGS Trà Vinh Green Hydrogen.,09-05-2025,Hết hạn
4918,DTM,Dự án: “Nhà máy sản xuất ô tô điện Vinfast”.,"Phường Kỳ Thịnh và xã Kỳ Lợi, thị xã Kỳ Anh, tỉnh Hà Tĩnh.",Công ty Cổ phần Sản xuất và Kinh doanh Vinfast.,08-05-2025,Hết hạn
4922,DTM,"Dự án: Đầu tư xây dựng và quản lý kinh doanh hạ tầng kỹ thuật Cụm công nghiệp phụ trợ Tràng Duệ, huyện An Dương (nay là quận An Dương)”.","Xã Hồng Phong và xã An Hòa, huyện An Dương, thành phố Hải Phòng (nay là phường Hồng Phong và phường An Hòa, quận An Dương, thành phố Hải Phòng).",Công ty Cổ phần Khu công nghiệp Sài Gòn – Hải Phòng.,08-05-2025,Hết hạn
4951,DTM,Dự án: Công trình nạo vét duy tu luồng hàng hải Soài Rạp (công trình thực hiện năm 2024 – 2025).,"Địa bàn thành phố Hồ Chí Minh, tỉnh Long An, tỉnh Tiền Giang.",Cục Hàng hải và Đường thuỷ Việt Nam.,08-05-2025,Hết hạn
4910,DTM,Dự án: Nhà máy mới Nitto Việt Nam.,"Lô T3, T4 và T10, Khu công nghiệp Thăng Long 2, phường Phùng Chí Kiên và phường Dị Sử, thị xã Mỹ Hào, tỉnh Hưng Yên.",Công ty TNHH Nitto Việt Nam.,07-05-2025,Hết hạn
4913,DTM,Dự án: Đầu tư xây dựng và kinh doanh kết cấu hạ tầng kỹ thuật khu công nghiệp Minh Châu (giai đoạn 1).,"Xã Đồng Thịnh và xã Nghĩa Châu, thành phố Nam Định, tỉnh Nam Định.",Công ty Cổ phần Thịnh Vượng Minh Châu.,07-05-2025,Hết hạn
4904,DTM,"Dự án: “Nhà máy giấy Đồng Tiến Long An công suất 103.000 tấn/năm"".","Lô A216-A217-A218, đường số 2, Khu công nghiệp Thái Hòa, ấp Tân Hòa, xã Đức Lập Hạ, huyện Đức Hòa, tỉnh Long An.",Công ty Cổ phần Giấy Đồng Tiến – Long An.,05-05-2025,Hết hạn
4894,DTM,Dự án: “Công ty TNHH Dongtai Hardware Precision Manufacturing (Việt Nam)”.,"Lô 34, đường Đ.02 và Đ.29, Khu công nghiệp Châu Đức, xã Nghĩa Thành, huyện Châu Đức, tỉnh Bà Rịa – Vũng Tàu.",Công ty TNHH Dongtai Hardware Precision Manufacturing (Việt Nam)”.,29-04-2025,Hết hạn
4896,DTM,"Dự án: Dự án thành phần 3: Xây dựng mở rộng quy mô cao tốc Hòa Lạc – Hòa Bình theo hình thức BOT thuộc Dự án đầu tư xây dựng đường Hòa Lạc - Hòa Bình và cải tạo, nâng cấp Quốc lộ 6 đoạn Xuân Mai - Hòa Bình theo phương thức đối tác công tư.","Xã Yên Bài, huyện Ba Vì; xã Yên Bình, xã Yên Trung, huyện Thạch Thất, thành phố Hà Nội; xã Quang Tiến, xã Mông Hóa, phường Kỳ Sơn, phường Trung Minh, thành phố Hòa Bình, tỉnh Hòa Bình.",Công ty Cổ phần Đầu tư Infinity Group.,29-04-2025,Hết hạn
4897,DTM,"Dự án: “Amtran Investment” (Dự án điều chỉnh quy mô, công suất từ 50.674.000 sản phẩm/năm tương đương 37.624 tấn/năm lên 382.604.000 sản phẩm/năm tương đương 47.392 tấn/năm).","Lô IN2-1B2 và IN2-9A và IN1-5*F, Khu đô thị, công nghiệp và Dịch vụ VSIP Hải Phòng, thuộc Khu kinh tế Đình Vũ – Cát Hải, thành phố Thủy Nguyên, thành phố Hải Phòng.",Công ty TNHH Công nghệ Amtran Việt Nam.,29-04-2025,Hết hạn
4898,DTM,Dự án: Khu đô thị phức hợp Suối Tân.,"Xã Suối Tân, huyện Cam Lâm, tỉnh Khánh Hòa.",Công ty Cổ phần đầu tư Khu phức hợp Suối Tân.,29-04-2025,Hết hạn
4903,DTM,"Dự án: ""Khu tái định cư huyện Cam Lâm và thành phố Cam Ranh”.","Xã Cam Hải Đông, huyện Cam Lâm và xã Cam Thành Nam, phường Cam Nghĩa, thành phố Cam Ranh, tỉnh Khánh Hòa.",Công ty Cổ phần Vinhomes.,29-04-2025,Hết hạn
4890,DTM,Dự án: “Công trình nạo vét duy tu luồng hàng hải Cửa Hội - Bến Thủy (đoạn Cửa Hội) (công trình thực hiện năm 2024 - 2025)”.,"Luồng hàng hải Cửa Hội – Bến Thủy, tỉnh Nghệ An.",Cục Hàng hải và Đường thủy Việt Nam.,28-04-2025,Hết hạn
4882,DTM,Dự án: “Đầu tư xây dựng và kinh doanh kết cấu hạ tầng Khu công nghiệp Phú Long”.,"Xã Phú Long, huyện Nho Quan, tỉnh Ninh Bình.",Công ty Cổ phần IDICO Ninh Bình.,26-04-2025,Hết hạn
4883,DTM,Dự án: “Trạm bơm nước thô nhà máy nước Đồng Tâm và hệ thống tuyến ống truyền tải”.,"Xã Bình Đức; xã Tân Hội Đông, huyện Châu Thành, tỉnh Tiền Giang và địa bàn tỉnh Long An và tỉnh Bến Tre.",Công ty TNHH nước thô DNP – Sông Tiền.,26-04-2025,Hết hạn
4884,DTM,"Dự án: “Khai thác hầm lò quặng chì kẽm khu Nà Bưa, xã Ngọc Phái, huyện Chợ Đồn, tỉnh Bắc Kạn”.","Xã Ngọc Phái, huyện Chợ Đồn, tỉnh Bắc Kạn.",Công ty TNHH Thương mại Dịch vụ Hoàng Nam.,26-04-2025,Hết hạn
4886,DTM,"Dự án: “Đầu tư xây dựng và kinh doanh kết cấu hạ tầng khu công nghiệp Mỹ Thái, huyện Lạng Giang, tỉnh Bắc Giang”.","Xã Mỹ Thái, thị trấn Vôi và xã Dương Đức, huyện Lạng Giang, tỉnh Bắc Giang.",Công ty Cổ phần thép Việt Úc.,26-04-2025,Hết hạn
4888,DTM,Dự án: “Công ty TNHH Fu Wing Interconnect Technology (Nghệ An)”.,"Lô B3-A, B3-B, B3-C, B3-D và B5-3, Khu công nghiệp WHA Industrial Zone 1 - Nghệ An, huyện Nghi Lộc, tỉnh Nghệ An (giai đoạn 2).",Công ty TNHH Fu Wing Interconnect Technology (Nghệ An).,26-04-2025,Hết hạn
4889,DTM,Dự án: “Đầu tư xây dựng và kinh doanh kết cấu hạ tầng Khu công nghiệp Yên Bình 3”.,"Xã Điềm Thuỵ và xã Nga My, huyện Phú Bình, tỉnh Thái Nguyên.",Công ty Cổ phần Tập đoàn BMK.,26-04-2025,Hết hạn
4881,DTM,Dự án: Đầu tư Nhà máy sản xuất phân đạm Cà Mau.,"Xã Khánh An, huyện U Minh, tỉnh Cà Mau.",Công ty Cổ phần Phân bón Dầu khí Cà Mau.,25-04-2025,Hết hạn
4900,DTM,Dự án: “Khu đô thị hỗn hợp thành phố Nha Trang”.,"Xã Vĩnh Thái và phường Phước Long, thành phố Nha Trang, tỉnh Khánh Hòa.",Công ty TNHH Mặt Trời Hạ Long.,25-04-2025,Hết hạn
4877,DTM,Dự án: Đầu tư xây dựng và kinh doanh kết cấu hạ tầng khu công nghiệp Nghĩa Hưng.,"Xã Đào Mỹ và xã Nghĩa Hưng, huyện Lạng Giang, tỉnh Bắc Giang.",Công ty Cổ phần Khu công nghiệp Gilimex Bắc Giang.,24-04-2025,Hết hạn
4879,DTM,Dự án: Đầu tư Nhà máy sản xuất nhựa LTT.,"Cụm công nghiệp Âu Lâu, thành phố Yên Bái, tỉnh Yên Bái.",Công ty Cổ phần nhựa LTT.,24-04-2025,Hết hạn
4874,DTM,Dự án: Nhà máy chế biến thực phẩm sạch TH Bình Dương.,"Lô CN11, đường số 5, đường N6 Khu công nghiệp Sóng Thần 3, phường Phú Tân, thành phố Thủ Dầu Một, tỉnh Bình Dương.",Công ty TNHH Thực phẩm sạch TH Bình Dương.,23-04-2025,Hết hạn
4876,DTM,"Dự án: Nạo vét tuyến luồng tạm và hố trung chuyển phục vụ thi công Dự án Khu đô thị du lịch biển Cần Giờ, huyện Cần Giờ, thành phố Hồ Chí Minh.","Xã Long Hòa và thị trấn Cần Thạch, huyện Cần Giờ, thành phố Hồ Chí Minh.",Công ty Cổ phần Đô thị Du lịch Cần Giờ.,23-04-2025,Hết hạn
4872,DTM,"Dự án: Đầu tư xây dựng công trình khai thác và chế biến mỏ đá hoa tại khu vực Mông Sơn V, xã Mông Sơn, huyện Yên Bình, tỉnh Yên Bái.","Khu vực Mông Sơn V, xã Mông Sơn, huyện Yên Bình, tỉnh Yên Bái.",Công ty Cổ phần quốc tế khoáng chất công nghiệp Việt Nam.,22-04-2025,Hết hạn
4873,DTM,Dự án: “Đầu tư xây dựng công trình khai thác mỏ đồng Tả Phời (điều chỉnh)”.,"Xã Tả Phời, thành phố Lào Cai, tỉnh Lào Cai.",Công ty Cổ phần Đồng tả Phời – Vinacomin.,22-04-2025,Hết hạn
4862,DTM,Dự án: Khu đô thị phức hợp Cam Thượng.,"Xã Cam Tân và Suối Tân, huyện Cam Lâm, tỉnh Khánh Hòa.",Công ty Cổ phần Đầu tư khu phức hợp Cam Thượng.,18-04-2025,Hết hạn
4863,DTM,Dự án: “Khu phức hợp sân GOLF VINPEARL Hòn Tre”.,"Đảo Hòn Tre, phường Vĩnh Nguyên, thành phố Nha Trang, tỉnh Khánh Hòa.",Công ty Cổ phần Vinpearl.,18-04-2025,Hết hạn
4867,DTM,"Dự án: “Đầu tư đầu tư xây dựng công trình khai thác đá granit làm ốp lát khu vực núi Mavieck 5, xã Phước Dinh, huyện Thuận Nam, tỉnh Ninh Thuận.","Xã Phước Dinh, huyện Thuận Nam, tỉnh Ninh Thuận.",Công ty Cổ phần Nam Châu Sơn Ninh Thuận.,18-04-2025,Hết hạn
4869,DTM,Dự án: Đầu tư xây dựng bến số 7 – 8 khu bến cảng Lạch Huyện thuộc cảng biển Hải Phòng.,"Vị trí bến số 7, số 8 khu bến Cảng Lạch Huyện, khu vực đảo Cát Hải, thuộc Khu kinh tế Đình Vũ – Cát Hải, thành phố Hải Phòng.",Công ty TNHH MTV Tổng Công ty Tân cảng Sài Gòn.,18-04-2025,Hết hạn
4870,DTM,Dự án: “Mở rộng cơ sở hạ tầng và bến cảng nhà máy đóng tàu HD Hyundai Việt Nam”.,"Thôn Giang Mỹ, xã Ninh Phước, Thị xã Ninh Hòa, tỉnh Khánh Hòa.",Công ty TNHH đóng tàu HD Hyundai Việt Nam.,18-04-2025,Hết hạn
4871,DTM,Dự án: “Đầu tư xây dựng và kinh doanh cơ sở hạ tầng khu công nghiệp Nam Cầu Kiền”.,"Khu công nghiệp Nam Cầu Kiền, phường Thiên Hương, thành phố Thủy Nguyên, thành phố Hải Phòng.",Công ty Cổ phần Shinec.,18-04-2025,Hết hạn
4860,DTM,Dự án: “Dự án sản xuất bình ắc quy kijo battery – nâng công suất từ 24.000 tấn/năm tương đương 1.150.000 kwh/năm lên quy mô 48.000 tấn/năm tương đương 2.300.000 kwh/năm.,"Lô B14.1, đường N2, Khu công nghiệp Thành Thành Công, phường An Hòa, thị xã Trảng Bàng, tỉnh Tây Ninh.",Công ty TNHH Kijo Battery (Việt Nam).,17-04-2025,Hết hạn
4861,DTM,Dự án: Khu đô thị phức hợp Cam Hòa.,"Xã Cam Tân và xã Cam Hoà, huyện Cam Lâm, tỉnh Khánh Hoà.",Công ty Cổ phần Đầu tư khu phức hợp Cam Hoà.,17-04-2025,Hết hạn
4864,DTM,Dự án: Khu đô thị phức hợp Cam Tân.,"Xã Cam Tân và xã Suối Tân, huyện Cam Lâm, tỉnh Khánh Hòa.",Công ty Cổ phần đầu tư Khu phức hợp Cam Tân.,17-04-2025,Hết hạn
4866,DTM,Dự án: “Thành lập Công ty TNHH Luxshare – ICT (Việt Nam)”.,"Lô E, một phần Lô T và Lô U1, Khu công nghiệp Quang Châu, thị xã Việt Yên, tỉnh Bắc Giang.",Công ty TNHH Luxshare – ICT (Việt Nam).,17-04-2025,Hết hạn
4858,DTM,"Dự án: Đầu tư xây dựng Khu đô thị Đông Phú Thứ, thành phố Phủ Lý.","Xã Tiên Hiệp (nay là phường Tân Hiệp), xã Tân Hải (nay là phường Lam Hạ), thành phố Phủ Lý, tỉnh Hà Nam.",Công ty Cổ phần Đầu tư Thương mại Hà Nội Xanh.,16-04-2025,Hết hạn
4859,DTM,"Dự án: Đầu tư xây dựng Khu đô thị Tiên Hải, thành phố Phủ Lý.","Xã Tiên Hải (nay là phường Lam Hạ), thành phố Phủ Lý, tỉnh Hà Nam.",Công ty TNHH Quản lý Bất động sản Mặt trời.,16-04-2025,Hết hạn
4847,DTM,"Dự án: “Nhà máy sản xuất, gia công dệt vải của Công ty TNHH DongJin Textile Vina”.","Lô B307, 308, 309, 310, 311, 312 và Lô B504, 505, Khu công nghiệp Dệt may Nhơn Trạch, thị trấn Hiệp Phước, huyện Nhơn Trạch, tỉnh Đồng Nai.",Công ty TNHH DongJin Textile Vina.,15-04-2025,Hết hạn
4854,DTM,Dự án: “Nhà máy sản xuất phân bón tại Khu công nghiệp Tằng Loỏng”.,"Lô B29, B20 và CN18 tại Khu công nghiệp Tằng Loỏng, huyện Bảo Thắng, tỉnh Lào Cai.",Công ty Cổ phần Vật tư Nông sản.,15-04-2025,Hết hạn
4855,DTM,Dự án: “Nhà máy sản xuất chíp thạch anh điện tử; sản xuất và lắp ráp thiết bị bay UAV; sản xuất khí ngành bán dẫn công nghệ cao”.,"Lô A2, Khu công nghiệp Khánh Phú, phường Ninh Phúc, thành phố Hoa Lư, tỉnh Ninh Bình.",Công ty Cổ phần SHP Ninh Bình.,15-04-2025,Hết hạn
4841,DTM,Dự án: “Đầu tư xây dựng và kinh doanh kết cấu hạ tầng khu công nghiệp Song Mai - Nghĩa Trung”.,"Xã Nghĩa Trung, thị xã Việt Yên và phường Song Mai, phường Đa Mai, thành phố Bắc Giang, tỉnh Bắc Giang.",Công ty Cổ phần đầu tư hạ tầng khu công nghiệp Hà Nội – Bắc Giang.,11-04-2025,Hết hạn
4842,DTM,Dự án đầu tư xây dựng và kinh doanh kết cấu hạ tầng kỹ thuật Khu công nghiệp Nomura – Hải Phòng (giai đoạn 2).,"Phường An Hưng, phường An Hồng, phường Đại Bản, quận Hồng Bàng, thành phố Hải Phòng.",Công ty Cổ phần Khu công nghiệp quốc tế Hải Phòng.,11-04-2025,Hết hạn
4844,DTM,Dự án: Hạ tầng ưu tiên và phát triển đô thị thích ứng với biến đổi khí hậu thành phố Hà Tĩnh.,"Địa bàn thành phố Hà Tĩnh, tỉnh Hà Tĩnh.","Ban Quản lý Dự án Đầu tư xây dựng và Phát triển quỹ đất thành phố Hà Tĩnh, UBND thành phố Hà Tĩnh.",11-04-2025,Hết hạn
4839,DTM,Dự án: Mở rộng nâng công suất nhà máy đường An Khê.,"Thôn 2, xã Thành An, thị xã An Khê, tỉnh Gia Lai.",Công ty Cổ phần Đường Quảng Ngãi.,10-04-2025,Hết hạn
4840,DTM,"Dự án: “Đầu tư khai thác đá vôi làm nguyên liệu xi măng tại khu vực xã Thanh Tân và xã Thanh Nghị, huyện Thanh liêm, tỉnh Hà Nam”.","Xã Thanh Tân và xã Thanh Nghị, huyện Thanh Liêm, tỉnh Hà Nam.",Công ty Cổ phần xi măng Xuân Thành.,10-04-2025,Hết hạn
4835,DTM,Dự án: “Nhà máy phân lân nung chảy”.,"Khu công nghiệp Minh Quân, xã Giới Phiên, thành phố Yên Bái, tỉnh Yên Bái.",Công ty Cổ phần Phân lân Sông Thao.,09-04-2025,Hết hạn
4836,DTM,Dự án: Khu đô thị mới cao cấp Cổ Mã.,Công ty TNHH Mặt Trời Sông Hàn.,"Số 36 – 38, đường Bạch Đằng, phường Thạch Thang, quận Hải Châu, thành phố Đà Nẵng.",09-04-2025,Hết hạn
4830,DTM,Dự án: “Nhà máy KHVATEC Thái Nguyên”.,"Lô CN7, Khu công nghiệp Yên Bình, phường Đồng Tiến, thành phố Phổ Yên, tỉnh Thái Nguyên.",Công ty TNHH KHVATEC Thái Nguyên.,03-04-2025,Hết hạn
4828,DTM,Dự án: “Nhà máy sản xuất linh kiện điện tử AAC Bắc Giang”.,"Lô CN-04, Khu công nghiệp Hòa Phú, huyện Hiệp Hòa, tỉnh Bắc Giang.",Công ty TNHH AAC Technologies Bắc Giang.,02-04-2025,Hết hạn
4829,DTM,Dự án: “Đầu tư xây dựng và kinh doanh kết cấu hạ tầng khu công nghiệp Xuân Cẩm - Hương Lâm giai đoạn 1”.,"Xã Xuân Cẩm và xã Hương Lâm, huyện Hiệp Hòa, tỉnh Bắc Giang.",Công ty Cổ phần đầu tư hạ tầng S-Dragon.,02-04-2025,Hết hạn
4825,DTM,"Dự án: “Đầu tư xây dựng công trình khai thác mỏ đá hoa Liễu Đô 3, xã Liễu Đô và xã Vĩnh Lạc, huyện Lục Yên, tỉnh Yên Bái”.","Xã Liễu Đô và xã Vĩnh Lạc, huyện Lục Yên, tỉnh Yên Bái.",Công ty Cổ phần Nhựa công nghệ cao.,01-04-2025,Hết hạn
4826,DTM,"Dự án: ""Đầu tư xây dựng công trình khai thác đá vôi làm nguyên liệu sản xuất xi măng tại khu vực T12, T14, T17, T18 xã Thanh Thủy (khu 1) và khu vực T21, T22 các xã Thanh Tân, Thanh Thủy (khu 2), huyện Thanh Liêm, tỉnh Hà Nam"".","Xã Thanh Tân và xã Thanh Thuỷ, huyện Thanh Liêm, tỉnh Hà Nam.",Công ty Cổ phần xi măng Thành Thắng Group.,01-04-2025,Hết hạn
4809,DTM,Dự án: Nhà máy thiết bị bán dẫn Micro Commercial Components.,"Lô CN2-1, Khu công nghiệp Yên Phong II-C, xã Tam Giang, huyện Yên Phong, tỉnh Bắc Ninh.",Công ty TNHH Micro Commercial Components Việt Nam.,28-03-2025,Hết hạn
4812,DTM,Dự án: “FRIENDSHIP PROJECT”.,"Lô B3, Lô C3-1 và Lô C6-2, Khu công nghiệp Quế Võ, thành phố Bắc Ninh, tỉnh Bắc Ninh.",Công ty TNHH Funing Precision Component.,28-03-2025,Hết hạn
4813,DTM,"Dự án: Đầu tư xây dựng công trình khai thác, tuyển quặng titan sa khoáng và khoáng sản đi kèm tại các xã Ngư Thủy Bắc, Ngư Thủy và Hưng Thủy, huyện Lệ Thủy, tỉnh Quảng Bình.","Các xã: Ngư Thủy Bắc, Ngư Thủy, Hưng Thủy, huyện Lệ Thủy, tỉnh Quảng Bình.",Công ty Cổ phần Khoáng sản Hoàng Long.,28-03-2025,Hết hạn
4815,DTM,Dự án:“Dự án đầu tư xây dựng xưởng sản xuất muối Na2SiF6 10.000 tấn/năm và xưởng sản xuất thạch cao nhân tạo 800.000 tấn/năm” thuộc dự án mở rộng “Nhà máy sản xuất axit phốt pho ríc trích ly công suất 100.000 tấn/năm”.,"Khu công nghiệp Tằng Loỏng, thị trấn Tằng Loỏng, huyện Bảo Thắng, tỉnh Lào Cai.",Công ty TNHH MTV hóa chất Đức Giang Lào Cai.,28-03-2025,Hết hạn
4816,DTM,Dự án “Đầu tư xây dựng và kinh doanh kết cấu hạ tầng khu công nghiệp Tràng Duệ 3”.,"Xã Trường Thọ, Trường Thành, An Tiến và Bát Trang, huyện An Lão, thành phố Hải Phòng.",Công ty cổ phần Khu công nghiệp Sài Gòn – Hải Phòng.,28-03-2025,Hết hạn
4817,DTM,Dự án: “Nhà máy VSUN”.,"Lô III – Đồng Vàng, Khu công nghiệp Đình Trám, thị xã Việt Yên, tỉnh Bắc Giang.",Công ty Cổ phần Vietnam Sunergy.,28-03-2025,Hết hạn
4818,DTM,Dự án: “Đầu tư tuyến luồng qua khu vực cửa sông Hàm Luông theo tuyến mới”.,"Xã Thạnh Hải, huyện Thạnh Phú, tỉnh Bến Tre.",Công ty Cổ phần Tân Hoàn Cầu Bến Tre.,28-03-2025,Hết hạn
4819,DTM,"Dự án: Khai thác hầm lò Mỏ Đồng Vông tại phường Vàng Danh, thành phố Uông Bí, tỉnh Quảng Ninh.","Phường Vàng Danh, thành phố Uông Bí, tỉnh Quảng Ninh.","Công ty than Uông Bí, Tập đoàn Công nghiệp Than - Khoáng sản Việt Nam",28-03-2025,Hết hạn
4808,DTM,Dự án: Đầu tư xây dựng và kinh doanh kết cấu hạ tầng khu công nghiệp Đồng Phúc.,"Xã Đồng Phúc và xã Tư Mại, thành phố Bắc Giang, tỉnh Bắc Giang.",Công ty Cổ phần Phát triển Hạ tầng Khu công nghiệp Đồng Phúc.,27-03-2025,Hết hạn
4827,DTM,Dự án: “Đầu tư xây dựng và kinh doanh kết cấu hạ tầng Khu công nghiệp Vinh Quang (giai đoạn 1)”.,"Xã Vinh Quang, xã Thanh Lương và xã Cộng Hiền, huyện Vĩnh Bảo (nay là xã Vĩnh Hưng, Vĩnh Hải, Tiền Phong, huyện Vĩnh Bảo, thành phố Hải Phòng).",Công ty Cổ phần IDICO Vinh Quang.,27-03-2025,Hết hạn
4804,DTM,Dự án: “Nhà máy sản xuất các sản phẩm sau thép”.,"Lô Q1, Đường D3, Khu công nghiệp chuyên sâu Phú Mỹ 3, Phường Phước Hòa, thành phố Phú Mỹ, tỉnh Bà Rịa – Vũng Tàu.",Công ty TNHH MTV Đông Á – Phú Mỹ.,26-03-2025,Hết hạn
4805,DTM,Dự án: Đầu tư xây dựng mở rộng đường bộ cao tốc Bắc – Nam phía Đông đoạn Cam Lộ - La Sơn.,"Huyện Cam Lộ, thành phố Đông Hà, huyện Triệu Phong, thị xã Quảng Trị, huyện Hải Lăng, tỉnh Quảng Trị và huyện Phong Điền, thị xã Hương Trà, thị xã Hương Thủy, huyện Phú Lộc, thành phố Huế, tỉnh Thừa Thiên – Huế.",Ban Quản lý dự án đường Hồ Chí Minh.,26-03-2025,Hết hạn
4807,DTM,"Dự án: Nhà máy sản xuất, lắp ráp linh kiện điện tử cho điện thoại di động, đồ gia dụng và ôtô.","Lô FJ-14, FJ-15, FJ-16, KCN Song Khê – Nội Hoàng (khu phía Nam), phường Tiền Phong, thành phố Bắc Giang, tỉnh Bắc Giang.",Công ty TNHH Fine Eleccom Vina.,26-03-2025,Hết hạn
4811,DTM,"Dự án: Đầu tư xây dựng công trình khai thác, tuyển quặng titan sa khoáng và khoáng sản đi kèm tại các xã Ngư Thủy, Hưng Thủy và Sen Thủy, huyện Lệ Thủy, tỉnh Quảng Bình.","Các Xã: Ngư Thủy, Hưng Thủy và Sen Thủy, huyện Lệ Thủy, tỉnh Quảng Bình.","Số 90, đường Hữu Nghị, phường Nam Lý, thành phố Đồng Hới, tỉnh Quảng Bình.",26-03-2025,Hết hạn
4803,DTM,Dự án: “Nhà máy Công ty TNHH DSR Vina”.,"Lô D5G-CN, Khu công nghiệp Mỹ Phước 3, phường Thới Hòa, thành phố Bến Cát, tỉnh Bình Dương.",Công ty TNHH DSR Vina.,25-03-2025,Hết hạn
4806,DTM,"Dự án: ""Nhà máy chế biến, bảo quản thủy sản và các sản phẩm từ thủy sản công suất 18.000 tấn/năm”.","Số 969, đường Lý Thường Kiệt, phường 6, thành phố Cà Mau, tỉnh Cà Mau.",Công ty Cổ phần Camimex Foods.,25-03-2025,Hết hạn
4800,DTM,"Dự án: “Đầu tư xây dựng và kinh doanh phát triển hạ tầng kỹ thuật khu công nghiệp Nam Sơn – Hạp Lĩnh, tỉnh Bắc Ninh”.","Khu công nghiệp Lam Sơn – Hạp Lĩnh, Phường Hạp Lĩnh và phường Nam Sơn, thành phố Bắc Ninh và xã Lạc Vệ, huyện Tiên Du, tỉnh Bắc Ninh.",Tổng Công ty Phát triển Đô thị Kinh Bắc – CTCP.,21-03-2025,Hết hạn
4798,DTM,Dự án: “Dự án Nhà máy vải dệt kim New Wide Việt Nam”.,"Lô số 45-10-2, 45-12a, 45-l2b-2, 45-14, 45-15, 45-16, 45-17, 45-18 1, 45-19, 45-21-l; 45-6-2, 45-8, 45-9-2, 45-10-1, 45-11, 45-l2a-1 và 46-14, 46-16, 46-18-1, đường N15 Khu công nghiệp Phước Đông, xã Phước Đông, huyện Gò Dầu, tỉnh Tây Ninh và Lô A3-1, đường A16, Khu đô thị - Dịch vụ Phước Đông, xã Đôn Thuận, thị xã Trảng Bàng, tỉnh Tây Ninh.",Công ty TNHH New Wide (Việt Nam).,19-03-2025,Hết hạn
4786,DTM,Dự án: Nhà máy nhiệt điện LNG Quảng Trạch II.,"Thôn Vĩnh Sơn, xã Quảng Đông, huyện Quảng Trạch, thuộc Khu kinh tế Hòn La, tỉnh Quảng Bình.","Ban Quản lý Dự án Điện 2 (EVNPMB2), Tập đoàn điện lực Việt Nam.",18-03-2025,Hết hạn
4787,DTM,"Dự án: Chế biến, sản xuất alumin Bình Phước thuộc Tổ hợp khai thác bauxite, tuyển quặng và chế biến, sản xuất alumin.","Các xã: Nghĩa Bình, Nghĩa Trung và Thống Nhất, huyện Bù Đăng, tỉnh Bình Phước.",Công ty Cổ phần Khai tuyển Quặng Bình Phước.,18-03-2025,Hết hạn
4788,DTM,"Dự án: “Dự án Đầu tư nhà máy sản xuất các sản phẩm nhựa và bao bì, dầu FO-R, dầu DO-R, Silicone”.","Thị trấn Thống Nhất, huyện Yên Định, tỉnh Thanh Hóa.",Công ty Cổ phần Sản xuất nhựa và Bao bì Việt Nam.,18-03-2025,Hết hạn
4785,DTM,"Dự án: “Khu đô thị Nam Tiến 2” tại phường Nam Tiến, thành phố Phổ Yên, tỉnh Thái Nguyên.","Phường Nam Tiến, thành phố Phổ Yên, tỉnh Thái Nguyên.",Liên danh Sài Gòn Thái Nguyên - Công ty Cổ phần Tổng Công ty Cổ phần Địa ốc Sài Gòn.,17-03-2025,Hết hạn
4779,DTM,"Dự án: Đầu tư xây dựng công trình khai thác mỏ đá vôi và đôlômit tại khu vực xã Thanh Thủy, huyện Thanh Liêm, tỉnh Hà Nam làm nguyên liệu sản xuất vôi, đôlômit nung công nghiệp.","Xã Thanh Thủy, huyện Thanh Liêm, tỉnh Hà Nam.",Công ty TNHH Thành Thắng.,14-03-2025,Hết hạn
4781,DTM,"Dự án: Nhà máy sản xuất, pha loãng, phối trộn các sản phẩm hóa chất công nghiệp, hóa chất vô cơ cơ bản.","Đường số 2A, Khu công nghiệp Hố Nai – giai đoạn 2, phường Long Bình, thành phố Biên Hòa, tỉnh Đồng Nai.",Công ty Cổ phần Sản xuất kinh doanh hóa chất và Môi trường An Phú.,14-03-2025,Hết hạn
4782,DTM,"Dự án: “Nhà máy sản xuất các loại khuôn với quy mô 750 cái/năm tương đương 41,45 tấn sản phẩm/năm; sản xuất linh kiện, phụ tùng chi tiết bằng kim loại cho xe ôtô, xe gắn máy và máy móc công nghiệp quy mô 30.000.000 sản phẩm/năm tương đương 3.600 tấn sản phẩm/năm; sản xuất bộ lọc dầu và các loại bộ lọc khác bao gồm cả giấy lọc dầu dùng cho xe ôtô, máy móc công nghiệp với quy mô 8.000.000 sản phẩm/năm tương đương 800 tấn sản phẩm/năm và sản xuất thiết bị điện ghế, giường massage, máy lạnh quy mô 3.000.000 sản phẩm/năm tương đương 400.000 tấn sản phẩm/năm (có bao gồm công đoạn xi mạ trong quy trình sản xuất)”.","Lô VI-3A, Khu công nghiệp Hố Nai, xã Hố Nai 3, huyện Trảng Bom, tỉnh Đồng Nai.",Công ty TNHH Okura.,14-03-2025,Hết hạn
4783,DTM,Dự án: “Công trình nạo vét duy tu luồng hàng hải Hải Phòng (đoạn Lạch Huyện) (công trình thực hiện năm 2024 - 2025)”.,"Các xã: Đồng Bài, Phù Long, Hiền Hào, Xuân Đám, Trân Châu, thị trấn Cát Bà, thị trấn Cát Hải, huyện Cát Hải, thành phố Hải Phòng.",Cục Hàng hải và Đường thủy Việt Nam.,14-03-2025,Hết hạn
4776,DTM,Dự án: Tổ hợp sản xuất ôtô VINFAST,"Khu Kinh tế Đình Vũ – Cát Hải, thị trấn Cát Hải, huyện Cát Hải, thành phố Hải Phòng",Công ty Cổ phần Sản xuất và Kinh doanh VINFAST,13-03-2025,Hết hạn
4778,DTM,Dự án: “Công trình nạo vét duy tu luồng hàng hải Sài Gòn - Vũng Tàu (công trình thực hiện năm 2024 - 2025)”.,Thành phố Hồ Chí Minh và tỉnh Bà Rịa – Vũng Tàu.,Cục Hàng hải và Đường thủy Việt Nam.,13-03-2025,Hết hạn
4810,DTM,Dự án: Đầu tư xây dựng khu nhà ở cho người thu nhập thấp Khu công nghiệp Yên Mỹ II.,"Xã Trung Hòa và thị trấn Yên Mỹ, huyện Yên Mỹ, tỉnh Hưng Yên.",Công ty Cổ phần phát triển Hòa Phát Yên Mỹ.,12-03-2025,Hết hạn
4774,DTM,Dự án: Đầu tư xây dựng và kinh doanh kết cấu hạ tầng Khu công nghiệp Dốc Đá Trắng.,"Xã Vạn Hưng, huyện Vạn Ninh; xã Ninh Thọ, thị xã Ninh Hòa, tỉnh Khánh Hòa.",Công ty Cổ phần Phát triển Khu công nghiệp Viglacera Yên Mỹ.,11-03-2025,Hết hạn
4772,DTM,Dự án: Đầu tư xây dựng và kinh doanh kết cấu hạ tầng Khu công nghiệp Bình Hòa Nam 1.,"Ấp 3, xã Bình Hòa Nam, huyện Đức Huệ, tỉnh Long An.",Công ty TNHH Hoàn Cầu Long An.,10-03-2025,Hết hạn
4767,DTM,Dự án: Nạo vét duy tu luồng hàng hải cho tàu biển trọng tải lớn vào sông Hậu (công trình thực hiện 2024 – 2025).,"Huyện Duyên Hải, thị xã Duyên Hải và huyện Trà Cú, tỉnh Trà Vinh.",Cục Hàng hải Việt Nam.,28-02-2025,Hết hạn
4771,DTM,Dự án: Đầu tư xây dựng mở rộng đường cao tốc Thành phố Hồ Chí Minh – Trung Lương – Mỹ Thuận theo phương thức đối tác công tư,"Thành phố Hồ Chí Minh, tỉnh Long An và tỉnh Tiền Giang",Công ty Cổ phần tập đoàn Đèo Cả và các liên danh,28-02-2025,Hết hạn
4756,DTM,Dự án: “Dự án Hanyang DGT”.,"Lô CN-06, Khu công nghiệp Phú Hà, thị xã Phú Thọ, tỉnh Phú Thọ.",Công ty TNHH Hanyang Digitech Vina.,27-02-2025,Hết hạn
4759,DTM,Dự án: Đầu tư phát triển kết cấu hạ tầng khu công nghiệp Nam Tràng Cát.,"Phường Tràng Cát, quận Hải An, thành phố Hải Phòng.",Công ty Cổ phần Đầu tư Khu công nghiệp VINHOMES.,27-02-2025,Hết hạn
4765,DTM,Dự án: Đường dây 220 kV TĐ Đắk Mi 1 – TĐ Đắk Mi 2.,Tỉnh Quảng Nam và tỉnh Kon Tum.,Công ty Cổ phần Quang Đức Kon Tum.,27-02-2025,Hết hạn
4766,DTM,Dự án: Friendship Project.,"Lô B3, Lô 3-1 và Lô C6-2, Khu công nghiệp Quế Võ, thành phố Bắc Ninh, tỉnh Bắc Ninh.",Công ty TNHH Funing Precision Component.,27-02-2025,Hết hạn
4769,DTM,"Dự án: Nhà máy xử lý chất thải tại xã Hồng Lộc, huyện Lộc Hà.","Xã Hồng Lộc, huyện Lộc Hà, tỉnh Hà Tĩnh.",Công ty Cổ phần môi trường và Xử lý rác thải An Dương.,27-02-2025,Hết hạn
4751,DTM,Dự án: “Đầu tư khai thác lộ thiên mỏ đá sét G7A làm nguyên liệu sản xuất xi măng”.,"Phường Phú Thứ, thị xã Kinh Môn, tỉnh Hải Dương.",Công ty TNHH MTV Xi măng Vicem Hoàng Thạch.,26-02-2025,Hết hạn
4753,DTM,"Dự án: “Cụm nhà máy sấy, xây xát, lau bóng gạo và hệ thống kho chứa (Quy mô nhà máy sấy lúa 600 tấn/ngày; xay xát lúa 500 tấn/ngày; lau bóng gạo: 300 tấn/ngày; sản xuất phân bón hữu cơ: 100.000 tấn/năm; sản xuất phân bón vô cơ (NPK): 9.900 tấn/năm)”.","Ấp 1, xã Tân Thành B, huyện Tân Hồng, tỉnh Đồng Tháp.",Công ty TNHH ADC.,26-02-2025,Hết hạn
4761,DTM,Dự án: Đầu tư khai thác lộ thiên mỏ đá vôi Áng Dâu và Áng Rong làm nguyên liệu sản xuất xi măng.,"Phường Minh Tân, thị xã Kinh Môn, tỉnh Hải Dương.",Công ty TNHH MTV Xi măng Vicem Hoàng Thạch.,26-02-2025,Hết hạn
4770,DTM,Dự án: Khu chức năng đô thị Green City,"Các xã: Tân Hội, Liên Trung, Tân Lập, Liên Hà, huyện Đan Phượng, thành phố Hà Nội",Tập đoàn Vingroup - Công ty CP,26-02-2025,Hết hạn
4749,DTM,Dự án: Công ty TNHH sản xuất công nghệ Biel Crystal.,"Lô CN04 và CN07 và một phần lô CN06, Khu Công nghiệp An Phát 1, Km72, Quốc lộ 37, thuộc xã Quốc Tuấn, xã An Bình và xã An Lâm, huyện Nam Sách, tỉnh Hải Dương.",Công ty TNHH sản xuất công nghệ Biel Crystal.,24-02-2025,Hết hạn
4750,DTM,Dự án: “Đầu tư phát triển rừng trên đảo Hòn Tằm”.,"Đảo Hòn Tằm, phường Vĩnh Nguyên, thành phố Nha Trang.",Công ty Cổ phần Biển Hòn Tằm Nha Trang.,24-02-2025,Hết hạn
4739,DTM,Dự án: “Đầu tư xây dựng và kinh doanh kết cấu hạ tầngkhu công nghiệp Kim Thành 2 (giai đoạn 1)”.,"Xã Đại Đức và xã Tam Kỳ, huyện Kim Thành, tỉnh Hải Dương.",Công ty Cổ phần Tập đoàn đầu tư và Phát triển Hưng Yên.,21-02-2025,Hết hạn
4741,DTM,Dự án: Dự án Lens Việt Nam.,"Lô R (R2) và một phần Lô S, Khu công nghiệp Quang Châu, thị xã Việt Yên, tỉnh Bắc Giang.",Công ty TNHH Công nghệ Lens Việt Nam.,21-02-2025,Hết hạn
4742,DTM,Dự án: “Dự án Nhà máy KHVATEC HANOI”.,"Lô CN3, CN3-1, Khu công nghiệp Điềm Thụy, xã Điềm Thụy, huyện Phú Bình, tỉnh Thái Nguyên.",Công ty TNHH KHVATEC HANOI.,21-02-2025,Hết hạn
4744,DTM,Dự án: SEOUL SEMICONDUCTOR VINA.,"Khu công nghiệp Đồng Văn I, thị xã Duy Tiên, tỉnh Hà Nam.",Công ty TNHH SEOUL SEMICONDUCTOR VINA.,21-02-2025,Hết hạn
4746,DTM,Dự án: Đầu tư xây dựng Khu đô thị và Dịch vụ Tràng Cát.,"Phường Tràng Cát, quận Hải An, thuộc Khu Kinh tế Đình Vũ – Cát Hải thành phố Hải Phòng.",Công ty TNHH Một thành viên phát triển đô thị Tràng Cát.,21-02-2025,Hết hạn
4747,DTM,"Dự án: Nhà máy xử lý rác thải sinh hoạt phát điện tại xã Vĩnh Tân, huyện Vĩnh Cửu, tỉnh Đồng Nai theo phương thức đối tác công tư (PPP).","Xã Vĩnh Tân, huyện Vĩnh Cửu, tỉnh Đồng Nai.",Liên doanh: Công ty Cổ phần Le Delta và Công ty Cổ phần Thương mại và Đầu tư công nghệ ECOTECH Việt Nam.,21-02-2025,Hết hạn
4760,DTM,Dự án: Khu đô thị Thành phố Công nghệ xanh Hà Nội.,"Phường Đại Mỗ, quận Nam Từ Liêm, thành phố Hà Nội.",Công ty TNHH Thành phố Công nghệ Xanh Hà Nội.,21-02-2025,Hết hạn
4738,DTM,Dự án: “Dự án sản xuất thiết bị điện tử Tử Kiến Việt Nam”.,"Lô CN7, Khu công nghiệp Điềm Thụy (Khu A), phường Hồng Tiến, thành phố Phổ Yên, tỉnh Thái Nguyên.",Công ty TNHH VDL Electronic (Việt Nam).,20-02-2025,Hết hạn
4745,DTM,Dự án: “Nhà máy của Công ty TNHH Leoch Energy Việt Nam tại Khu công nghiệp Bàu Bàng mở rộng”.,"Nhà xưởng C1, Lô C-7-CN, đường N17, Khu công nghiệp Bàu Bàng mở rộng, thị trấn Lai Uyên, huyện Bàu Bàng, tỉnh Bình Dương.",Công ty TNHH Leoch Energy Việt Nam.,20-02-2025,Hết hạn
4735,DTM,Dự án: Nhà máy Tôn Phương Nam Nhơn Trạch 2 – Nhơn Phú (sản xuất tôn mạ kẽm công suất 100.000 tấn sản phẩm/năm và tôn mạ màu công suất 70.000 tấn sản phẩm/năm).,"Lô IVA, Khu công nghiệp Nhơn Trạch II – Nhơn Phú, xã Phú Hội, huyện Nhơn Trạch, tỉnh Đồng Nai.",Công ty Tôn Phương Nam.,19-02-2025,Hết hạn
4733,DTM,Dự án: Phụ tùng ô tô Lioho Việt Nam.,"Lô V1-2-3, Khu công nghiệp Thăng Long II, phường Phùng Chí Kiên, thị xã Mỹ Hào, tỉnh Hưng Yên.",Công ty TNHH phụ tùng ô tô Lioho Việt Nam.,17-02-2025,Hết hạn
4734,DTM,"Dự án: Khai thác, tuyển quặng bauxite Bình Phước thuộc Tổ hợp khai thác bauxite, tuyển quặng và chế biến, sản xuất alumin.","Huyện Bù Đăng và huyện Phú Riềng, tỉnh Bình Phước.",Công ty Cổ phần Khai tuyển quặng Bình Phước.,17-02-2025,Hết hạn
4727,DTM,Dự án: Nhà máy sản xuất phân bón supe lân và NPK.,"Lô CN03, Khu công nghiệp Đồng Vàng, Khu kinh tế Nghi Sơn, thị xã Nghi Sơn, tỉnh Thanh Hóa.",Công ty cổ phần phân bón Nghi Sơn.,14-02-2025,Hết hạn
4729,DTM,"Dự án: ""Công ty TNHH Việt Nam MINGYUE"".","Lô 42, Đường Đ.02, Khu công nghiệp Châu Đức, xã Nghĩa Thành, huyện Châu Đức, tỉnh Bà Rịa - Vũng Tàu.",Công ty TNHH Việt Nam MINGYUE.,14-02-2025,Hết hạn
4725,DTM,Dự án: Thủy điện Suối Lèo.,"Xã Tân Lang và xã Mường Cơi, huyện Phù Yên, tỉnh Sơn La.",Công ty TNHH Xây dựng và Thương mại Tiến Anh.,13-02-2025,Hết hạn
4726,DTM,Dự án: Khu đô thị mới Phước Vĩnh Tây.,"Xã Phước Vĩnh Tây, huyện Cần Giuộc, tỉnh Long An.",Liên doanh: Công ty Cổ phần Vinhomes - Công ty Cổ phần Tập đoàn Đầu tư Việt Nam.,13-02-2025,Hết hạn
4724,DTM,"Dự án: Khu du lịch nghỉ dưỡng Balm-Cricket tại xã Phước Thuận, huyện Xuyên Mộc, tỉnh Bà Rịa - Vũng Tàu.","Xã Phước Thuận, huyện Xuyên Mộc, tỉnh Bà Rịa – Vũng Tàu.",Công ty TNHH Du lịch Bất động sản Đoàn Lê.,12-02-2025,Hết hạn
4723,DTM,"Dự án: “Công ty TNHH SMC Manufacturing (Việt Nam)"".","Lô K, đường N2-5, Khu công nghiệp Long Đức, huyện Long Thành, tỉnh Đồng Nai.",Công ty TNHH SMC MANUFACTURING (VIỆT NAM).,11-02-2025,Hết hạn
4711,DTM,Dự án: Dự án thành phần 1: Đầu tư xây dựng Đường cao tốc Bắc - Nam phía Tây đoạn Gia Nghĩa (Đắk Nông) - Chơn Thành (Bình Phước) theo phương thức đối tác công tư.,Tỉnh Bình Phước và Đắk Nông.,Liên doanh: Tập đoàn Vingoup – Công ty Cổ phần và Ngân hàng Thương mại Cổ phần Kỹ thương Việt Nam.,07-02-2025,Hết hạn
4743,DTM,"Dự án: “Đầu tư xây dựng công trình khai thác quặng laterit làm phụ gia xi măng” tại xã Cự Nẫm và xã Sơn Lộc, huyện Bố Trạch, tỉnh Quảng Bình","Xã Cự Nẫm; xã Sơn Lộc, huyện Bố Trạch, tỉnh Quảng Bình",Công ty TNHH Miền Tây,07-02-2025,Hết hạn
4740,DTM,Dự án: Đầu tư công trình khai thác mỏ đá vôi làm nguyên liệu sản xuất xi măng cho dây chuyền 2 Nhà máy xi măng Duyên Hà,"Phường Tân Bình và xã Yên Sơn, thành phố Tam Điệp, tỉnh Ninh Bình",Công ty TNHH Duyên Hà,06-02-2025,Hết hạn
4737,DTM,"Dự án: “Nhà máy sản xuất, lắp ráp và thử nghiệm vật liệu, thiết bị bán dẫn”","Lô CN5B, Khu công nghiệp Yên Phong II-C, thị trấn Chờ, xã Tam Giang và xã Đông Tiến, huyện Yên Phong, tỉnh Bắc Ninh",Công ty TNHH Amkor Technology Việt Nam,05-02-2025,Hết hạn
4697,DTM,Dự án: “Nhà máy hóa chất Nhơn Trạch”.,"Khu công nghiệp Nhơn Trạch 6, huyện Nhơn Trạch, tỉnh Đồng Nai.",Công ty Cổ phần hóa chất cơ bản miền Nam.,24-01-2025,Hết hạn
4698,DTM,"Dự án: ""WHA Industrial Zone 2 - Nghệ An"".","Khu Kinh tế Đông Nam Nghệ An, xã Nghi Đồng, huyện Nghi Lộc, tỉnh Nghệ An.",Công ty Cổ phần WHA Industrial Zone Nghệ An.,24-01-2025,Hết hạn
4699,DTM,Dự án: Đầu tư xây dựng và kinh doanh kết cấu hạ tầng Khu công nghiệp Đồng Văn V giai đoạn 1.,"Phường Tiên Nội; xã Tiên Ngoại và xã Yên Nam, thị xã Duy Tiên, tỉnh Hà Nam.",Công ty Cổ phần Hạ tầng Hà Nam.,24-01-2025,Hết hạn
4700,DTM,Dự án: “Dự án Công ty TNHH Top Run Việt Nam Hải Phòng”.,"Lô LG; Lô C5-3 và Lô Q-4, Khu công nghiệp Tràng Duệ, huyện An Dương, thuộc Khu kinh tế Đình Vũ - Cát Hải, thành phố Hải Phòng.",Công ty TNHH Top Run Việt Nam.,24-01-2025,Hết hạn
4701,DTM,"Dự án: “Khai thác, Chế biến vonfram, fluorit, bismuth, đồng và vàng Núi Pháo, huyện Đại Từ, tỉnh Thái Nguyên (điều chỉnh)”.","Các xã: Hà Thượng; Tân Linh; Phục Linh và thị trấn Hùng Sơn, huyện Đại Từ, tỉnh Thái Nguyên.",Công ty TNHH Khai thác chế biến khoáng sản Núi Pháo.,24-01-2025,Hết hạn
4693,DTM,Dự án: “Nhà máy cung cấp nước sạch - Trảng Bàng”.,"Khu phố Lộc Khê, phường Gia Lộc, thị xã Trảng Bàng, tỉnh Tây Ninh.",Công ty Cổ phần Cấp thoát nước Tây Ninh.,23-01-2025,Hết hạn
4695,DTM,"Dự án: “Nhà máy xử lý, tái chế chất thải rắn xây dựng tại xã Dục Tú, huyện Đông Anh"".","Xã Dục Tú, huyện Đông Anh, thành phố Hà Nội.",Công ty TNHH Bê tông đúc sẵn và Cơ khí Bình Dương.,23-01-2025,Hết hạn
4696,DTM,Dự án: Khai thác hầm lò Mỏ Khe Chàm II-IV.,"Phường Mông Dương, thành phố Cẩm Phả, tỉnh Quảng Ninh.",Công ty than Hạ Long – TKV.,23-01-2025,Hết hạn
4702,DTM,"Dự án: “Đầu tư xây dựng công trình cải tạo khai thác quặng apatit khai trường Ngòi Đum – Đông Hồ, tỉnh Lào Cai (điều chỉnh)”.","Phường Bắc Cường và phường Nam Cường, thành phố Lào Cai, tỉnh Lào Cai.",Công ty TNHH MTV Apatit Việt Nam.,23-01-2025,Hết hạn
4687,DTM,"Dự án: YI DA DENIM MILL (VN) CO., LTD.","Lô R, Khu công nghiệp Dệt may Rạng Đông, thị trấn Rạng Đông, huyện Nghĩa Hưng, tỉnh Nam Định.",Công ty TNHH Nhà máy Yi Da Denim Việt Nam.,22-01-2025,Hết hạn
4688,DTM,"Dự án: “Nâng công suất Trạm cấp nước Hải Ngư, tổng công suất 10.000 m3/ngày.đêm”.","Khóm 6, phường 1, thị xã Vĩnh Châu, tỉnh Sóc Trăng.",Công ty Cổ phần Cấp nước Sóc Trăng.,22-01-2025,Hết hạn
4689,DTM,"Dự án: “Nâng công suất Xí nghiệp cấp nước Nguyễn Chí Thanh, tổng công suất 25.000 m3/ngày.đêm”.","Số 16, đường Nguyễn Chí Thanh, phường 6, thành phố Sóc Trăng, tỉnh Sóc Trăng.",Công ty Cổ phần Cấp nước Sóc Trăng.,22-01-2025,Hết hạn
4690,DTM,Dự án: Nhà máy Kyocera Avx Components Bắc Giang.,"Lô CN-07, Khu công nghiệp Vân Trung, phường Vân Trung, thị xã Việt Yên, tỉnh Bắc Giang.",Công ty TNHH Kyocera Avx Components (Bắc Giang).,22-01-2025,Hết hạn
4691,DTM,Dự án: Đầu tư xây dựng và kinh doanh kết cấu hạ tầng khu công nghiệp Trấn Yên (giai đoạn I).,"Xã Minh Quân, huyện Trấn Yên, tỉnh Yên Bái.",Tổng công ty Viglacera – CTCP.,22-01-2025,Hết hạn
4692,DTM,"Dự án: Đầu tư xây dựng công trình mỏ titan sa khoáng và khoáng sản đi kèm (cát thạch anh) tại khu vực xã Vĩnh Tú, huyện Vĩnh Linh, tỉnh Quảng Trị.","Xã Vĩnh Tú, huyện Vĩnh Linh, tỉnh Quảng Trị.",Công ty Cổ phần Khoáng sản Quảng Trị.,22-01-2025,Hết hạn
4684,DTM,Dự án: Nhà máy sản xuất Công ty TNHH Misan Vina.,"Nhà xưởng A1-5.F1, Lô A, đường số D3, Khu công nghiệp Nhơn Trạch II – Lộc Khang, xã Phú Hội, huyện Nhơn Trạch, tỉnh Đồng Nai.",Công ty TNHH MISAN VINA.,21-01-2025,Hết hạn
4685,DTM,"Dự án: “Nhà máy chế tạo các sản phẩm điện tử, phương tiện thiết bị mạng và các sản phẩm âm thanh đa phương tiện Goertek Nam Sơn – Hạp Lĩnh”.","Lô A1, Khu công nghiệp Nam Sơn – Hạp Lĩnh, phường Nam Sơn, Phường Hạp Lĩnh, thành phố Bắc Ninh và xã Lạc Vệ, huyện Tiên Du, tỉnh Bắc Ninh, tỉnh Bắc Ninh.",Công ty TNHH công nghệ thông minh Goertek Vina.,21-01-2025,Hết hạn
4686,DTM,"Dự án: “Khu đô thị thương mại, dịch vụ mới Hàm Tiến – Mũi Né (khu III)”.","Phường Phú Hài, phường Hàm Tiến và xã Thiện Nghiệp, thành phố Phan Thiết, tỉnh Bình Thuận.",Công ty TNHH Đầu tư và Phát triển Mặt trời Phan Thiết.,21-01-2025,Hết hạn
4704,DTM,Dự án: Nhà máy xử lý rác thải Thung Cổ Chày.,"Xã Thanh Thủy, huyện Thanh Liêm, tỉnh Hà Nam.",Công ty Cổ phần môi trường Hà Nam.,21-01-2025,Hết hạn
4643,DTM,Dự án: Thành lập Công ty TNHH Thiết bị điện tử LS Việt Nam.,"Số 5, đường 11, Khu công nghiệp, đô thị và dịch vụ VSIP Bắc Ninh, phường Phù Chẩn, thành phố Từ Sơn, tỉnh Bắc Ninh.",Công ty TNHH Thiết bị điện tử LS Việt Nam.,17-01-2025,Hết hạn
4651,DTM,Dự án: “Mega Textile – Vietnam”.,"Số 9, đường số 4A, Khu công nghiệp Thọ Lộc (giai đoạn 1), (khu công nghiệp VSIP Nghệ An 2), xã Diễn Thọ, huyện Diễn Châu, tỉnh Nghệ An.",Công ty TNHH Mega Textile Việt Nam.,17-01-2025,Hết hạn
4652,DTM,Dự án: Đầu tư xây dựng và kinh doanh hạ tầng khu công nghiệp Gia Lách mở rộng.,"Thị trấn Xuân An và xã Xuân Viên, huyện Nghi Xuân, tỉnh Hà Tĩnh.",Công ty Cổ phần Đầu tư Xuất nhập khẩu Thăng Long.,17-01-2025,Hết hạn
4673,DTM,"Dự án: “Kế hoạch phát triển Mỏ Rạng Đông - Phương Đông, Lô 15-2, năm 2025”.","Khu vực Lô 15-2, Mỏ Rạng Đông - Phương Đông.",Công ty Dầu khí Nhật - Việt.,17-01-2025,Hết hạn
4640,DTM,Dự án: Nhà máy ống thép Minh Phú Hải Dương.,"Lô CN7-3, Khu công nghiệp Tân Trường, xã Tân Trường, huyện Cẩm Giàng, tỉnh Hải Dương.",Công ty Cổ phần thép Minh Phú – Hải Dương.,16-01-2025,Hết hạn
4641,DTM,Dự án: “Đầu tư xây dựng và kinh doanh kết cấu hạ tầng khu công nghiệp Thanh Bình II - Giai đoạn I”.,"Xã Thanh Nguyên và xã Thanh Hải, huyện Thanh Liêm, tỉnh Hà Nam.",Công ty TNHH Đầu tư xây dựng phát triển khu công nghiệp Thanh Bình.,16-01-2025,Hết hạn
4642,DTM,"Dự án: “Sản xuất, gia công dệt nhuộm, in vải, cho thuê nhà xưởng dư thừa”.","Lô J7, Khu công nghiệp Minh Hưng – Hàn  Quốc, phường Minh Hưng, thị xã Chơn Thành, tỉnh Bình Phước.",Công ty TNHH Bauer Group Việt Nam.,16-01-2025,Hết hạn
4636,DTM,"Dự án: “Sản xuất, gia công thiết bị đầu cuối truyền thông”.","C-04 và một phần C-05 thuộc CN12, Khu công nghiệp An Dương, xã Hồng Phong, huyện An Dương, thành phố Hải Phòng.",Công ty TNHH Điện tử Tongwei (Việt Nam).,15-01-2025,Hết hạn
4633,DTM,"Dự án thành phần 5: Bồi thường, hỗ trợ, tái định cư đoạn qua tỉnh Bình Phước thuộc Dự án đầu tư xây dựng đường cao tốc Bắc - Nam phía Tây đoạn Gia Nghĩa (Đắk Nông) - Chơn Thành (Bình Phước).","Huyện Bù Đăng; huyện Đồng Phú; thành phố Đồng Xoài và thị xã Chơn Thành, tỉnh Bình Phước.",Ban Quản lý dự án đầu tư xây dựng tỉnh Bình Phước.,14-01-2025,Hết hạn
4634,DTM,"Dự án: “Nhà máy chế biến các sản phẩm hóa chất, xử lý môi trường mở rộng”.","Xã Minh Hải, huyện Văn Lâm, tỉnh Hưng Yên.",Công ty Cổ phần Sản xuất Tân Thành.,14-01-2025,Hết hạn
4635,DTM,Dự án: Đầu tư xây dựng cầu Đình Khao nối hai tỉnh Vĩnh Long và Bến Tre theo hình thức đối tác công tư.,"Huyện Mang Thít, tỉnh Vĩnh Long và huyện Chợ Lách, tỉnh Bến Tre.",Sở Giao thông vận tải tỉnh Vĩnh Long.,14-01-2025,Hết hạn
4631,DTM,Dự án: “Thành lập Công ty TNHH Arcadyan Technology (Việt Nam)”,"Lô số D4-5-6, Khu công nghiệp Thăng Long  - Vĩnh Phúc, xã Thiện Kế, huyện Bình Xuyên, tỉnh Vĩnh Phúc.",Công ty TNHH Arcadyan Technology (Việt Nam),08-01-2025,Hết hạn
4628,DTM,Dự án: “Trang trại chăn nuôi 24.000 con heo hậu bị”.,"Thôn Năm Tầng, xã Đắk R’la, huyện Đắk Mil, tỉnh Đắk Nông.",Công ty TNHH Chăn nuôi Lâm Thịnh Phát.,07-01-2025,Hết hạn
4629,DTM,Dự án: “Trang trại chăn nuôi heo Vĩnh Quang”.,"Thôn Định Quang, xã Vĩnh Quang, huyện Vĩnh Thạnh, tỉnh Bình Định.",Công ty TNHH Nông nghiệp Công nghệ cao Vĩnh Quang.,07-01-2025,Hết hạn
4630,DTM,Dự án: “Nhà máy Nhôm Tân Phú”.,"Lô CN2-4, Khu B, Khu công nghiệp Sông Công I, phường Bách Quang, thành phố Sông Công, tỉnh Thái Nguyên.",Công ty Cổ phần Aluminum Tân Phú.,07-01-2025,Hết hạn
4592,DTM,Dự án: “Nhà máy sản xuất ôtô điện”.,"Khu kinh tế Vũng Áng, phường Kỳ Thịnh và xã Kỳ Lợi, thị xã Kỳ Anh, tỉnh Hà Tĩnh.",Công ty Cổ phần Đầu tư Khu công nghiệp VINHOMES Hà Tĩnh.,03-01-2025,Hết hạn
4594,DTM,Dự án: Đầu tư xây dựng đường cao tốc thành phố Hồ Chí Minh – Mộc Bài (giai đoạn 1) theo phương thức đối tác công tư (Hợp đồng BOT).,"Địa phận huyện Củ Chi, thành phố Hồ Chí Minh; các huyện: Trảng Bàng, Gò Dầu, Bến Cầu, tỉnh Tây Ninh.",Ban Quản lý dự án Đầu tư xây dựng các công trình giao thông thành phố Hồ Chí Minh.,03-01-2025,Hết hạn
4595,DTM,Dự án: “Đầu tư trụ sở cơ quan thi hành án dân sự giai đoạn 2021 - 2025 trên địa bàn thành phố Cần Thơ và tỉnh Hậu Giang”.,Địa bàn tỉnh Hậu Giang và thành phố Cần Thơ.,Cục Thi hành án dân sự tỉnh Hậu Giang.,03-01-2025,Hết hạn
4596,DTM,Dự án: Đường dây 220 kV thủy điện Đắk Mi 1 – thủy điện Đắk Mi 2.,"Xã Phước Công, huyện Phước Sơn, tỉnh Quảng Nam và xã Đăk Choong, huyện Đắk Glei, tỉnh Kon Tum.",Công ty Cổ phần Quang Đức Kon Tum.,03-01-2025,Hết hạn
4597,DTM,Dự án: “Dự án Pegatron Việt Nam”.,"Lô CN3A và CN3B, Khu công nghiệp Deep C2A, phường Đông Hải 2, quận Hải An, thành phố Hải Phòng.",Công ty TNHH Pegatron Việt Nam.,03-01-2025,Hết hạn
4598,DTM,Dự án: Công nghệ điện tử Tianlida.,"Nhà xưởng RBF.E3 tại lô CN4-02, Khu phi thuế quan và khu công nghiệp Nam Đình Vũ (Khu 1), thuộc Khu kinh tế Đình Vũ – Cát Hải, phường Đông Hải 2, quận Hải An, thành phố Hải Phòng.",Công ty TNHH Công nghệ điện tử Tianlida (Việt Nam).,03-01-2025,Hết hạn
4627,DTM,Dự án: Khu chuyển tải tạm thời tại khu vực Quảng Ninh.,"Phía Nam đảo Hòn Miều, tỉnh Quảng Ninh.",Công ty cổ phần Dịch vụ - Vận tải biển Hải Vân.,03-01-2025,Hết hạn
4582,DTM,Dự án: Nhà máy Seville Signature Việt Nam.,"Lô D3, đường D3, Khu công nghiệp chuyên sâu Phú Mỹ 3, phường Phước Hòa, thị xã Phú Mỹ, tỉnh Bà Rịa – Vũng Tàu.",Công ty TNHH SEVILLE SIGNATURE Việt Nam.,31-12-2024,Hết hạn
4583,DTM,"Dự án: “Đầu tư Hệ thống cấp nước khu vực Bàu Bàng công suất 320.000 m3/ngày đêm, nâng tổng công suất lên 350.000m3/ngày đêm - giai đoạn 1: công suất 100.000 m3/ngày đêm”.","Thị trấn Lai Yên và xã Trừ Văn Thố, huyện Bàu Bàng, tỉnh Bình Dương.",Công ty Cổ phần Nước Thủ Dầu Một.,31-12-2024,Hết hạn
4584,DTM,Dự án: Nhà máy sản xuất đèn chiếu sáng và phụ kiện.,"Lô J1 - Đường N2, Khu công nghiệp Hựu Thạnh, huyện Đức Hoà, tỉnh Long An.",Công ty TNHH Công nghệ Chiếu sáng Sparkle.,31-12-2024,Hết hạn
4585,DTM,"Dự án: “Đầu tư trang trại chăn nuôi heo thịt Phú Cường Phát Một tại xã Uar, huyện Krông Pa, tỉnh Gia Lai”.","Xã Uar, huyện Krông Pa, tỉnh Gia Lai.",Công ty TNHH Chăn nuôi Phú Cường Phát Một.,31-12-2024,Hết hạn
4587,DTM,Dự án: Nhà máy Công ty TNHH HAO DING HARDWARE.,"Số 42 VSIP II-A, đường số 31, Khu công nghiệp Việt Nam – Singapore II-A, xã Tân Bình, huyện Bắc Tân Uyên, tỉnh Bình Dương.",Công ty TNHH Hao Ding Hardware,31-12-2024,Hết hạn
4588,DTM,Dự án: “Nhà máy sản xuất điện và điện tử thông minh Kwong Ming tại Việt Nam”.,"Lô 14, Khu công nghiệp Quang Minh, thị trấn Quang Minh, huyện Mê Linh, thành phố Hà Nội.",Công ty TNHH Kwong Ming Electrical (Việt Nam).,31-12-2024,Hết hạn
4589,DTM,"Dự án: “Mở rộng, nâng cấp Cảng hàng không Cà Mau” tại thành phố Cà Mau, tỉnh Cà Mau.","Phường 6 và phường Tân Thành, thành phố Cà Mau, tỉnh Cà Mau.",Tổng Công ty Cảng hàng không Việt Nam – CTCP.,31-12-2024,Hết hạn
4590,DTM,Dự án: “Dự án chế tạo thông minh JC”.,"Lô CN-01, khu công nghiệp Đông Mai, phường Đông Mai, thị xã Quảng Yên, tỉnh Quảng Ninh.",Công ty TNHH Chế tạo thông minh JC.,31-12-2024,Hết hạn
4591,DTM,"Dự án: “Công ty TNHH Vĩ Lợi” (Nâng công suất sản phẩm linh kiện môtơ từ 4.000.000 sản phẩm/năm lên 4.800.000 sản phẩm/năm và điều chỉnh giảm công suất sản phẩm điện gia dụng từ 6.000.000 sản phẩm/năm xuống 4.800.000 sản phẩm/năm; Bổ sung mục tiêu cho thuê nhà xưởng, diện tích 12.000 m2).","Đường 25B, Khu công nghiệp Nhơn Trạch II, xã Phú Hội, huyện Nhơn Trạch, tỉnh Đồng Nai.",Công ty TNHH Vĩ Lợi.,31-12-2024,Hết hạn
4575,DTM,"Dự án: “Phát triển nhà ở thương mại Khu dân cư Đồng Bến, thị trấn Quỳnh Côi, huyện Quỳnh Phụ, tỉnh Thái Bình”.","Thị trấn Quỳnh Côi xã Quỳnh Mỹ, huyện Quỳnh Phụ, tỉnh Thái Bình.",Công ty Cổ phần Tập đoàn Đầu tư Phú Thành.,27-12-2024,Hết hạn
4576,DTM,Dự án: “Nhà máy chế biến thực phẩm và nước giải khát Thái Tân”.,"Xã Xuân Dục, thị xã Mỹ Hào, tỉnh Hưng Yên.",Công ty TNHH Thương mại và Vận tải Thái Tân.,27-12-2024,Hết hạn
4577,DTM,Dự án: Đầu tư trồng tái canh cao su giai đoạn 2024-2025 - Công ty TNHH MTV 715.,"Xã Ia Krăi và xã Ia Khai, huyện Ia Grai, tỉnh Gia Lai.",Công ty TNHH MTV 715.,27-12-2024,Hết hạn
4578,DTM,"Dự án: Công ty TNHH GIS Technology (Việt Nam)” tại lô CN-05, KCN Yên Lư, huyện Yên Dũng, tỉnh Bắc Giang.","Lô CN-01, Khu công nghiệp Yên Lư, xã Yên Lư, huyện Yên Dũng, tỉnh Bắc Giang.",Công ty TNHH GIS Technology (Việt Nam).,27-12-2024,Hết hạn
4579,DTM,"Dự án: Đầu tư xây dựng trang trại chăn nuội lơn nái ngoại siêu nạc tại xã Thượng Tân Lộc, huyện Nam Đàn, tỉnh Nghệ An.","Xã Thượng Tân Lộc, huyện Nam Đàn, tỉnh Nghệ An.",Công ty Cổ phần đầu tư xây dựng Hiệu Bảo Trung.,27-12-2024,Hết hạn
4572,DTM,"Dự án: Khu du lịch lấn biển Cần Giờ, quy mô 2.870 ha.","Xã Long Hòa và thị trấn Cần Thạch, huyện Cần Giờ, thành phố Hồ Chí Minh.",Công ty Cổ phần Đô Thị Du lịch Cần Giờ.,26-12-2024,Hết hạn
4573,DTM,"Dự án: Đầu tư nhà kho và dây chuyển sản xuất thép tráng phủ mạ hợp kim nhôm – kẽm, kẽm – magie (sản xuất sản phẩm: Thép tráng phủ mạ kẽm/hợp kim nhôm – kẽm với công suất 480.000 tấn/năm).","Khu A, Cụm công nghiệp Thiên Lộc Thành, ấp 4, xã Long Sơn, huyện Cần Đước, tỉnh Long An.",Công ty Cổ phần Tanamaz.,26-12-2024,Hết hạn
4574,DTM,Dự án: “Công ty TNHH ER Vina”.,"Lô CN03, Khu công nghiệp Bình Xuyên II, thị trấn Bá Hiến, huyện Bình Xuyên, tỉnh Vĩnh Phúc.",Công ty Cổ phần Công nghệ và môi trường Ntech.,26-12-2024,Hết hạn
4561,DTM,Dự án: “Đầu tư xây dựng trang trại nuôi heo”.,"Thôn Ma Oai, xã Phước Thắng, huyện Bác Ái, tỉnh Ninh Thuận.",Công ty Cổ phần công nghệ xanh Ninh Thuận.,25-12-2024,Hết hạn
4556,DTM,Dự án: “Đầu tư cải tạo nâng cấp năng lực sản xuất – Công ty Cổ phần Cơ khí Gang thép”.,"Tổ 13, phường Cam Giá, thành phố Thái Nguyên, tỉnh Thái Nguyên.",Công ty Cổ phần Cơ khí Gang thép.,24-12-2024,Hết hạn
4557,DTM,Dự án: “Kế hoạch phát triển mỏ Tê Giác Trắng điều chỉnh năm 2024”.,"Lô 16.1, ngoài khơi Đông Nam Việt Nam.",Công ty Hoàng Long (HLJOC).,24-12-2024,Hết hạn
4558,DTM,Dự án: Sản xuất linh kiện điện tử.,"Nhà xưởng số NX 1 (NX A5), Lô B2, Khu công nghiệp Liên Hà Thái, thị trấn Diêm Điền, huyện Thái Thụy, tỉnh Thái Bình.",Công ty TNHH Điện tử E-CONN (Việt Nam).,24-12-2024,Hết hạn
4559,DTM,Dự án: Công ty TNHH Công nghệ MingHui (Việt Nam).,"Lô CN18, Khu công nghiệp Yên Bình, phường Đồng Tiến, thành phố Phổ Yên, tỉnh Thái Nguyên.",Công ty TNHH Công nghệ MingHui (Việt Nam).,24-12-2024,Hết hạn
4560,DTM,Dự án: “Xây dựng cụm xử lý công suất 100.000 m3/ngày nhà máy nước Cầu Nguyệt”.,"Xã Thái Sơn, huyện An Lão, thành phố Hải Phòng.",Công ty Cổ phần Cấp nước Hải Phòng.,24-12-2024,Hết hạn
4549,DTM,Dự án: “Đầu tư xây dựng và kinh doanh hạ tầng kỹ thuật khu công nghiệp Thái Hòa – Liễn Sơn – Liên Hòa (Khu vực II – Giai đoạn 1)”.,"Thị trấn Hoa Sơn; xã Liên Hòa, xã Liên Sơn, huyện Lập Thạch, tỉnh Vĩnh Phúc.",Công ty Cổ phần Đầu tư Amane.,20-12-2024,Hết hạn
4550,DTM,"Dự án: Nhà máy chế tạo thiết bị điện tử, phương tiện thiết bị mạng và các sản phẩm âm thanh đa phương tiện.","Lô N-1, N-2, N-3, N-4, N-5, N-6 (Khu D), Lô P, Q, Z (Khu E), Lô K08, K09, K16 (Khu A) thuộc KCN Quế Võ (mở rộng), thành phố Bắc Ninh; E-10 (khu F), T-1 (khu J), ôÔ L1, L2, L3, L6 (khu B) thuộc KCN Quế Võ, thành phố Bắc Ninh; Lô CN2-10 (khu G) thuộc CCN Quế Võ III, thị xã Quế Võ, tỉnh Bắc Ninh.",Công ty TNHH Khoa học Kỹ thuật Goertek Vina.,20-12-2024,Hết hạn
4551,DTM,Dự án: Luxshare – ICT (Nghệ An).,"Khu công nghiệp VSIP Nghệ An, xã Hưng Tây, huyện Hưng Nguyên, tỉnh Nghệ An.",Công ty TNHH Luxshare – ICT (Nghệ An).,20-12-2024,Hết hạn
4552,DTM,Dự án: Nâng công suất nhà máy bia quốc tế TTC lên 150 triệu lít/năm.,"Cụm Công nghiệp Cam Tuyền, Huyện Cam Lộ, tỉnh Quảng Trị.",Công ty Cổ phần Bia quốc tế TTC.,20-12-2024,Hết hạn
4553,DTM,Dự án: Đầu tư nâng cấp Nhà máy tinh bột sắn Hướng Hóa công suất từ 260 tấn/ngày đêm lên 460 tấn/ngày đêm.,"Km3, tỉnh lộ 586, xã Thuận, huyện Hướng Hóa, tỉnh Quảng Trị.",Công ty Cổ phần Tổng công ty Thương mại Quảng Trị.,20-12-2024,Hết hạn
4554,DTM,Dự án: “Luxshare – ICT (Nghệ An) 2”.,"Khu công nghiệp VSIP Nghệ An, xã Hưng Tây, huyện Hưng Nguyên, tỉnh Nghệ An.",Công ty TNHH Luxshare – ICT (Nghệ An).,20-12-2024,Hết hạn
4571,DTM,"Dự án: “Thành lập Công ty TNHH Luxshare – ICT (Vân Trung) - Nâng công suất và bổ sung sản phẩm mới""","Lô CNSG-01, CNSG-03, CNSG-05, CNSG 08, HCDV2, một phần lô CNSG-07, CNSG-09, Khu công nghiệp Vân Trung, tCông ty TNHH Luxshare – ICT (Vân Trung).hị xã Việt Yên, tỉnh Bắc Giang.",Công ty TNHH Luxshare – ICT (Vân Trung).,20-12-2024,Hết hạn
4544,DTM,Dự án: Đầu tư Nhà máy sản xuất kính hoa siêu trắng Đạt Phương.,"Lô CN-B01, khu B, Khu công nghiệp Phong Điền, huyện Phong Điền, tỉnh Thừa Thiên Huế.",Công ty Cổ phần Kính Đạt Phương.,19-12-2024,Hết hạn
4545,DTM,Dự án: Nuôi biển theo công nghệ hiện đại với công suất 10.000 tấn cá thương phẩm/năm.,"Ấp Rạch Vẹm, xã Gành Dầu, thành phố Phú Quốc, tỉnh Kiên Giang.",Công ty TNHH Nuôi trồng và Xuất nhập khẩu thủy sản hải Phú Quốc.,19-12-2024,Hết hạn
4546,DTM,Dự án: “Dự án đầu tư xây dựng và kinh doanh hạ tầng KCN WHA Smart Technology – Thanh Hóa”.,"Các xã: Hoằng Quỳ, Hoằng Quý, Hoằng Xuyên và Hoằng Cát, huyện Hoằng Hóa, tỉnh Thanh Hóa.",Công ty Cổ phần WHA Industrial Zone Thanh Hóa.,19-12-2024,Hết hạn
4547,DTM,"Dự án: Nhà máy giết mổ gia cầm tại xã Tân Thạnh Tây, huyện Củ Chi, thành phố Hồ Chí Minh.","Ấp 1A, xã Tân Thạch Tây, huyện Củ Chi, thành phố Hồ Chí Minh.",Tổng công ty Nông nghiệp Sài Gòn – TNHH Một thành viên,19-12-2024,Hết hạn
4548,DTM,"Dự án: “Đầu tư XDCT khai thác mỏ đá vôi làm nguyên liệu xi măng phía Bắc Lèn Đứt Chân xã Văn Hóa, huyện Tuyên Hóa, tỉnh Quảng Bình”.","Xã Văn Hóa, huyện Tuyên Hóa, tỉnh Quảng Bình.",Công ty Cổ phần Vật liệu xây dựng Việt Nam.,19-12-2024,Hết hạn
4523,DTM,Dự án: Thủy điện Suối Chăn 2.,"Các Xã: Sơn Thủy; Khánh Yên Thượng; Nậm Dạng và Võ Lao, huyện Văn Bàn, tỉnh Lào Cai.",Công ty Cổ phần Đầu tư Năng lượng VIDIFI.,18-12-2024,Hết hạn
4524,DTM,"Dự án: Khu vui chơi giải trí, công viên và công trình nghỉ dưỡng đảo Cái Tráp.","Đảo Cái Tráp, Xã Nghĩa Lộ và xã Đồng Bài, thuộc Khu Kinh tế Đình Vũ – Cát Hải, huyện Cát Hải, thành phố Hải Phòng.",Công ty Cổ phần Sản xuất và Kinh doanh Vinfast.,18-12-2024,Hết hạn
4525,DTM,Dự án: Đầu tư trồng tái canh cao su giai đoạn 2024 - 2027/Công ty TNHH MTV 72.,"Xã Ia Pnôn và xã Ia Nan, huyện Đức Cơ, tỉnh Gia Lai.",Công ty TNHH MTV 72.,18-12-2024,Hết hạn
4536,DTM,"Dự án: Trồng rừng sản xuất và xây dựng hồ chứa nước tại xã Si Pa Phìn và xã Phìn Hồ, huyện Nậm Pồ, tỉnh Điện Biên.","Xã Si Pa Phìn và xã Phìn Hồ, huyện Nậm Pồ, tỉnh Điện Biên.",Công ty TNHH Thương mại và Xây dựng số 6.,18-12-2024,Hết hạn
4541,DTM,Dự án: Đầu tư trồng tái canh cao su giai đoạn 2024-2026/Công ty TNHH MTV 74.,"Huyện Đức Cơ và huyện Ia Grai, tỉnh Gia Lai.",Công ty TNHH MTV 74.,18-12-2024,Hết hạn
4543,DTM,Dự án: “Thành lập Công ty TNHH Luxshare – ICT (Việt Nam)”.,"Lô E, một phần Lô T và Lô U1, Khu công nghiệp Quang Châu, thị xã Việt Yên, tỉnh Bắc Giang.",Công ty TNHH Luxshare - ICT (Việt Nam).,18-12-2024,Hết hạn
4555,DTM,"Dự án: “Mở rộng, nâng công suất nhà máy sản xuất linh kiện điện tử quy mô từ 23 triệu sản phẩm/năm tương đương 220 tấn sản phẩm/năm lên 60 triệu sản phẩm/năm tương đương 520 tấn sản phẩm/năm”.","C1-C4, C9-C11, C6, Đường 3, khu nhà xưởng Kizuna 2, Lô B4-3-7-8 Khu công nghiệp Tân Kim, thị trấn Cần Giuộc, huyện Cần Giuộc, tỉnh Long An.",Công ty TNHH MTV Semitec Electronics Việt Nam.,18-12-2024,Hết hạn
4542,DTM,"Dự án: “Nhà máy Công ty TNHH Năng lượng GPPD” (Nâng công suất sản xuất pin kẽm mangan tính kiềm không chứa thủy ngân, phụ kiện pin kẽm mangan tính kiếm không chứa thủy ngân từ quy mô 600.000.000 sản phần/năm lên quy mô 1.300.000.000 sản phần/năm).","Lô B1-A, Khu công nghiệp Becamex – Bình Phước, phường Minh Thành, thị xã Chơn Thành, tỉnh Bình Phước.",Công ty TNHH Năng lượng GPPD.,17-12-2024,Hết hạn
4632,DTM,Dự án: “Dự án nhà máy Uti Vina tại Vĩnh Phúc”,"Nhà xưởng F4C-1, Lô F4C, Khu Công nghiệp Thăng Long Vĩnh Phúc, xã Tam Hợp, huyện Bình Xuyên, tỉnh Vĩnh Phúc",Công ty TNHH Uti Vina Vĩnh Phúc,17-12-2024,Hết hạn
4513,DTM,Dự án: “Dây chuyền sản xuất Hydro peroxide (H2O2) công suất 10.000 tấn/năm và dây chuyền thu hồi khí đuôi phóng không sản xuất CO2 tinh khiết công suất 45.000 tấn/năm”.,"Tổ dân phố Hoà Yên, phường Thọ Xương, thành phố Bắc Giang, tỉnh Bắc Giang.",Công ty Cổ phần hóa chất Hưng Phát Hà Bắc.,16-12-2024,Hết hạn
4514,DTM,Dự án: Khu liên hợp xử lý chất thải Đa Phước – Nâng năng lực tiếp nhận chôn lấp hợp vệ sinh từ 24 triệu tấn lên 41 triệu tấn chất thải rắn sinh hoạt và điều chỉnh công nghệ chế biến phân bón công suất 100 tấn sản phẩm/ngày.đêm.,"Xã Đa Phước, huyện Bình Chánh, thành phố Hồ Chí Minh.",Công ty TNHH Xử lý chất thải Việt Nam.,16-12-2024,Hết hạn
4509,DTM,"Dự án: “Đầu tư nhà máy sản xuất kinh doanh và gia công linh kiện, thiết bị điện, điện tử”.","Lô B8, xã Thuỵ Vân, Khu công nghiệp Thụy Vân, thành phố Việt Trì, tỉnh Phú Thọ.",Công ty TNHH Bando Vina.,13-12-2024,Hết hạn
4510,DTM,Dự án: “Nhà máy sản xuất của USI tại Việt Nam”.,"Lô đất CN4.1H, Khu công nghiệp Đình Vũ, thuộc Khu kinh tế Đình Vũ – Cát Hải, phường Đông Hải 2, quận Hải An, thành phố Hải Phòng.",Công ty TNHH Universal Scientific Industrial Việt Nam.,13-12-2024,Hết hạn
4511,DTM,Dự án: Khu dân cư Lương Hòa (LA HOME).,"Xã Lương Hòa, huyện Bến Lức, tỉnh Long An.",Công ty Cổ phần Prodezi Long An.,13-12-2024,Hết hạn
4512,DTM,"Dự án: “Nhà máy thiết kế, sản xuất và chế tạo các loại bảng mạch in điện tử (PCB), lắp ráp linh kiện điện tử lên PCB, lắp ráp các loại sản phẩm điện tử hoàn chỉnh (MKVC)”.","Lô CN9, Khu công nghiệp Thạch Thất – Quốc Oai, xã Phùng Xá – huyện Thạch Thất – thành phố Hà Nội.",Công ty TNHH Điện tử Meiko Việt Nam.,13-12-2024,Hết hạn
4505,DTM,"Dự án: “Dự án nhà máy Mic-Power New Energy Việt Nam"".","Lô CN-05, Khu công nghiệp Vân Trung, phường Vân Trung, thị xã Việt Yên, tỉnh Bắc Giang.",Công ty MIC-POWER NEW ENERGY Việt Nam.,12-12-2024,Hết hạn
4506,DTM,"Dự án: Nâng cấp, cải tạo kênh trục vùng Tứ Giác Long Xuyên (phần bổ sung).","huyện Giang Thành, Kiên Lương và thành phố Hà Tiên, tỉnh Kiên Giang; huyện Tri Tôn, tỉnh An Giang.",Ban Quản lý Đầu tư và Xây dựng Thủy lợi 10.,12-12-2024,Hết hạn
4507,DTM,Dự án: Đầu tư trụ sở cơ quan Thi hành án dân sự giai đoạn 2021 – 2025 trên địa bàn tỉnh Thái Nguyên và tỉnh Bắc Giang.,Địa bàn tỉnh Thái Nguyên và tỉnh Bắc Giang.,Cục Thi hành án dân sự tỉnh Thái Nguyên.,12-12-2024,Hết hạn
4503,DTM,"Dự án: XFANIC TECHNOLOGY (VIETNAM) CO., LTD.","Nhà xưởng số 2B2.3, Lô H9, Khu công nghiệp Quế Võ, Phường Nam Sơn, thành phố Bắc Ninh, tỉnh Bắc Ninh.",Công ty TNHH Công nghệ XFANIC Việt Nam.,11-12-2024,Hết hạn
4508,DTM,"Dự án: “Nhà máy chế biến tinh bột khoai mì Tân Hà”, công suất 250 tấn tinh bột/ngày.","Ấp Tân Cường, xã Tân Hà, huyện Tân Châu, tỉnh Tây Ninh.",Công ty TNHH MTV Liêm Nguyên Tây Ninh.,11-12-2024,Hết hạn
4499,DTM,Dự án: Đầu tư xây dựng và vận hành Trạm dừng nghỉ Km47+500 thuộc dự án thành phần Phan Thiết - Dầu Giây trên tuyến Cao tốc Bắc - Nam Phía Đông.,"Huyện Xuân Lộc, tỉnh Đồng Nai và huyện Hàm Tân, tỉnh Bình Thuận.",Công ty TNHH Trạm dừng nghỉ FUTA.,10-12-2024,Hết hạn
4500,DTM,Dự án: Kepsion Việt Nam.,"Lô CN-03, Khu công nghiệp Vân Trung, thị xã Việt Yên, tỉnh Bắc Giang.",Công ty TNHH Kespion Việt Nam.,10-12-2024,Hết hạn
4501,DTM,"Dự án: Khu đô thị mới tại phường Ninh Thạnh, thành phố Tây Ninh, tỉnh Tây Ninh.","Phường Ninh Thạch, thành phố Tây Ninh, tỉnh Tây Ninh.",Công ty Cổ Phần Đầu tư Phát triển đô thị AHA Việt Nam.,10-12-2024,Hết hạn
4502,DTM,Dự án: Nhà máy Valuetronics Việt Nam.,"Lô C14-15-16-17, Khu công nghiệp Thăng Long Vĩnh Phúc, xã Thiện Kế, huyện Bình Xuyên, tỉnh Vĩnh Phúc.",Công ty TNHH Valuetronics Việt Nam.,10-12-2024,Hết hạn
4498,DTM,Dự án: Nhà máy cơ điện Liyang Việt Nam.,"Địa điểm 1: Nhà xưởng 4B – Giai đoạn 2, Lô CN18, Khu Công nghiệp Yên Bình, phường Đồng Tiến, thành phố Phổ Yên, tỉnh Thái Nguyên; Địa điểm 2: Nhà xưởng số 1, Khu B, Lô 1, Khu công nghiệp Sông Công 1, phường Bách Quang, thành phố Sông Công, tỉnh Thái Nguyên.",Công ty TNHH Cơ điện Liyang Việt Nam.,09-12-2024,Hết hạn
4494,DTM,Dự án: Nhà máy giấy Quảng Bình.,"Km9, tỉnh lộ 16, xã Phú Thuỷ, huyện Lệ Thuỷ, tỉnh Quảng Bình.",Công ty Cổ phần tái chế giấy Quảng Bình.,06-12-2024,Hết hạn
4496,DTM,Dự án: Nhà máy Công ty TNHH Vital Link Việt Nam.,"Nhà xưởng RBF.C1, Lô E1, Khu công nghiệp Thuận Thành III, phân Khu B, phường Gia Đông, thị xã Thuận Thành, tỉnh Bắc Ninh.",Công ty TNHH Vital Link Việt Nam.,06-12-2024,Hết hạn
4492,DTM,"Dự án thành phần 2: Cải tạo, nâng cấp đường 70 đoạn Hà Đông - Văn Điển - nút giao Tứ Hiệp.","Quận Hà Đông và huyện Thanh Trì, thành phố Hà Nội.",Ban Quản lý dự án đầu tư xây dựng công trình giao thông thành phố Hà Nội.,05-12-2024,Hết hạn
4493,DTM,Dự án: Dự án Nakashima Việt Nam.,"Lô CN2.2B, Khu công nghiệp Đình Vũ, thuộc Khu kinh tế Đình Vũ – Cát Hải, phường Đông Hải 2, quận Hải An, thành phố Hải Phòng.",Công ty TNHH Nakashima Việt Nam.,05-12-2024,Hết hạn
4495,DTM,Dự án: Đầu tư xây dựng và kinh doanh kết cấu hạ tầng khu công nghiệp Yên Lư (phần mở rộng) giai đoạn 1.,"Xã Yên Lư, huyện Yên Dũng, tỉnh Bắc Giang.",Công ty cổ phần đầu tư Western Pacific.,05-12-2024,Hết hạn
4497,DTM,Dự án: Samsung Display Việt Nam.,"Khu công nghiệp Yên Phong, xã Yên Trung, huyện Yên Phong, tỉnh Bắc Ninh.",Công ty TNHH Samsung Display Việt Nam.,05-12-2024,Hết hạn
4486,DTM,Dự án: Công ty TNHH Vexos Việt Nam.,"Nhà xưởng tiêu chuẩn B, đường Tân Thuận, Quận 7, thành phố Hồ Chí Minh.",Công ty TNHH Vexos Việt Nam.,04-12-2024,Hết hạn
4487,DTM,Dự án: Công ty TNHH dịch vụ sản xuất điện tử Việt Nam.,"Lô số 112-113-114-116, đường F, khu công nghiệp trong khu chế xuất Sài Gòn-Linh Trung, phường Linh Trung, thành phố Thủ Đức, thành phố Hồ Chí Minh.",Công ty TNHH dịch vụ sản xuất điện tử Việt Nam.,04-12-2024,Hết hạn
4488,DTM,Dự án: Công ty TNHH SMC Manufactyring (Việt Nam).,"Lô K, đường 2-5, Khu công nghiệp Long Đức, huyện Long Thành, tỉnh Đồng Nai.",Công ty TNHH SMC Manufactyring Việt Nam.,04-12-2024,Hết hạn
4489,DTM,"Dự án: Đầu tư xây dựng, kinh doanh hạ tầng kỹ thuật Cụm công nghiệp Lê Thiện – Đại Bản, huyện An Dương.","Xã Lê Thiện và xã Đại Bản, huyện An Dương, thành phố Hải Phòng.",Công ty Cổ phần Đầu tư công nghiệp Bản Thiện.,04-12-2024,Hết hạn
4490,DTM,Dự án: Đường dẫn vào 03 cầu trên ĐT 827E.,"Các huyện: Cần Giuộc, Cần Đước, Tân Trụ, Châu Thành, tỉnh Long An.",Sở Giao thông vận tải tỉnh Long An.,04-12-2024,Hết hạn
4491,DTM,Dự án: Nhà máy công nghiệp NEOTEK Việt Nam.,"Lô C1.7, C1.8, C1.9, C1.10, C1.11, C1.12 Cụm C1, đường D1, Khu công nghiệp Hàm Kiệm II – Bita’s, xã Hàm Kiệm, huyện Hàm Thuận Nam, tỉnh Bình Thuận.",Công ty TNHH Công nghiệp NEOTEK Việt Nam.,04-12-2024,Hết hạn
4482,DTM,Dự án: Công ty TNHH Baoyuanda Việt Nam.,"Lô CN-10, Khu công nghiệp Vân Trung, thị xã Việt Yên, tỉnh Bắc Giang.",Công ty TNHH Baoyuanda Việt Nam.,03-12-2024,Hết hạn
4483,DTM,Dự án: Nhà máy Công ty TNHH Điện tử Golden Chance.,"Nhà xưởng RBF.C4, lô D, Khu công nghiệp Thuận Thành III, phân Khu B, phường Gia Đông, thị xã Thuận Thành, tỉnh Bắc Ninh.",Công ty TNHH Điện tử Golden Chance.,03-12-2024,Hết hạn
4484,DTM,"Dự án: Trang trại chăn nuôi công nghiệp tại xã Nghĩa Thọ, huyện Nghĩa Đàn, tỉnh Nghệ An.","Xã Nghĩa Thọ, huyện Nghĩa Đàn, tỉnh Nghệ An.",Công ty Cổ phần nông nghiệp Nghĩa Lộc.,03-12-2024,Hết hạn
4480,DTM,Dự án: Đường dây 500kV Lào Cai - Vĩnh Yên.,"Các tỉnh: Lào Cai, Yên Bái, Phú Thọ, Vĩnh Phúc.",Tập đoàn Điện lực Việt Nam (EVN).,02-12-2024,Hết hạn
4481,DTM,Dự án: Nhà máy Innochips Vina.,"Lô CN07A, Khu Công nghiệp Phú Hà, xã Hà Thạch và xã Hà Lộc, thị xã Phú Thọ, tỉnh Phú Thọ.",Công ty TNHH Innochips Vina.,02-12-2024,Hết hạn
4485,DTM,Dự án: Nhà máy sản xuất ngoại thất Grand Leisure.,"Lô CN13, Lô CN18, Khu công nghiệp Yên Bình, phường Đồng Tiến, thành phố Phổ Yên, tỉnh Thái Nguyên.",Công ty TNHH Grand Leisure Outdoor Products (VietNam).,02-12-2024,Hết hạn
4465,DTM,Dự án: Nhà máy Tôn Vina One.,"Đường Đ07, Khu công nghiệp Châu Đức, thôn Hữu Phước, xã Suối Nghệ, huyện Châu Đức, tỉnh Bà Rịa – Vũng Tàu.",Công ty Cổ phần Tôn Vina One.,29-11-2024,Hết hạn
4466,DTM,"Dự án: Victory II - Nhà máy sản xuất sản phẩm điện tử công nghệ cao tại Đồng Văn, Hà Nam.","Khu công nghiệp hỗ trợ Đồng Văn III giai đoạn, thị xã Duy Tiên, tỉnh Hà Nam.",Công ty TNHH Wistron Technology (Việt Nam).,29-11-2024,Hết hạn
4467,DTM,Dự án: Nhà máy LCFC số 2.,"Khu công nghiệp Đồng Văn II, phường Bạch Thượng, Thị xã Duy Tiên, tỉnh Hà Nam.",Công ty TNHH LCFC (Việt Nam).,29-11-2024,Hết hạn
4468,DTM,"Dự án: Victory - Nhà máy sản xuất sản phẩm điện tử công nghệ cao tại Đồng Văn, Hà Nam.","Khu công nghiệp hỗ trợ Đồng Văn III giai đoạn II, thị xã Duy Tiên, tỉnh Hà Nam.",Công ty TNHH Wistron Infocomm (Việt Nam).,29-11-2024,Hết hạn
4469,DTM,Dự án S- Việt Nam.,"Lô CN-05, Khu công nghiệp Đông Mai, thị xã Quảng Yên, tỉnh Quảng Ninh.",Công ty TNHH Competition Team Technology (Việt Nam).,29-11-2024,Hết hạn
4470,DTM,Dự án: Nhà máy Jukwang Precision Vina.,"Lô C8-1 và Lô CN4, Khu công nghiệp Điềm Thụy, xã Điềm Thụy, huyện Phú Bình, tỉnh Thái Nguyên.",Công ty TNHH Jukwang Precision Việt Nam.,29-11-2024,Hết hạn
4472,DTM,Dự án: Khu phức hợp du lịch và đô thị nghỉ dưỡng Làng Vân.,"Phường Hòa Hiệp Bắc, quận Liên Chiểu, thành phố Đà Nẵng.",Công ty Cổ phần Vinpearl.,29-11-2024,Hết hạn
4475,DTM,Dự án: Nâng công suất nhà máy Mạ kẽm nhúng nóng từ 7.000 tấn sản phẩm/năm lên 36.000 tấn sản phẩm/năm.,"Lô K2, đường N2, Khu công nghiệp Nam Tân Uyên, phường Khánh Bình, thành phố Tân Uyên, tỉnh Bình Dương.",Chi nhánh Công ty TNHH Vỹ Lâm.,29-11-2024,Hết hạn
4476,DTM,Dự án: Công ty TNHH UPL Việt Nam (thay đổi quy trình sản xuất).,"Đường Amata, Khu công nghiệp Long Bình (Amata), phường Long Bình, thành phố Biên Hòa, tỉnh Đồng Nai.",Công ty TNHH Xử lý Môi trường Water Care.,29-11-2024,Hết hạn
4477,DTM,Dự án: Nhà máy sản xuất vật liệu xây dựng nhân tạo và tái chế phế liệu.,"Thôn Đồng Phú, xã Đồng Tâm, huyện Lạc Thủy, tỉnh Hòa Bình.",Công ty Cổ phần PRS Hòa Bình.,29-11-2024,Hết hạn
4478,DTM,Dự án: Khu nghỉ dưỡng Nam Hội An.,"Xã Duy Hải, xã Duy Nghĩa, huyện Duy Xuyên và xã Bình Dương, huyện Thăng Bình, tỉnh Quảng Nam.",Công ty TNHH Phát triển Nam Hội An.,29-11-2024,Hết hạn
4454,DTM,Dự án: Nhà máy sản xuất ống đồng Toàn Phát số 2 (bổ sung hạng mục nhập khẩu phế liệu làm nguyên liệu sản xuất).,"Đường E2, khu E, Khu công nghiệp phố Nối A, xã Lạc Đạo, huyện Văn Lâm, tỉnh Hươn Yên.",Công ty Cổ phần ống đồng Toàn Phát.,28-11-2024,Hết hạn
4455,DTM,Dự án: Đầu tư xây dựng đường Vành đai 2 đoạn tuyến Tân Vũ – Hưng Đạo – đường Bùi Viện.,"Các quận: Hải An, Dương Kinh và Kiến An, thành phố Hải Phòng.",Ban Quản lý dự án đầu tư xây dựng các công trình giao thông Hải Phòng.,28-11-2024,Hết hạn
4456,DTM,Dự án: Nhà máy sản xuất đèn chiếu sáng.,"Lô số CN07, Khu công nghiệp Cẩm Khê, huyện Cẩm Khê, tỉnh Phú Thọ.",Công ty TNHH Công nghệ Twinsel (Việt Nam).,28-11-2024,Hết hạn
4452,DTM,Dự án: Sân Gold Đà Lạt.,"Phường 1, thành phố Đà Lạt, tỉnh Lâm Đồng.",Công ty Cổ phần Hoàng Gia ĐL.,27-11-2024,Hết hạn
4446,DTM,Dự án Nhà máy Wits Vina.,"Lô CN16-1, Khu công nghiệp Yên Bình, phường Đồng Tiến, thành phố Phổ Yên, tỉnh Thái Nguyên.",Công ty TNHH Wits Vina.,26-11-2024,Hết hạn
4447,DTM,Dự án: Đầu tư xây dựng và kinh doanh kết cấu hạ tầng khu công nghiệp Lương Điền - Ngọc Liên.,"Xã Lương Điền và xã Ngọc Liên, huyện Cẩm Giàng, tỉnh Hải Dương.",Công ty Cổ phần Khu công nghiệp Lương Điền - Ngọc Liên.,26-11-2024,Hết hạn
4449,DTM,Dự án: Đầu tư xây dựng và kinh doanh kết cấu hạ tầng khu công nghiệp Châu Minh - Bắc Lý - Hương Lâm giai đoạn 1.,"Xã Châu Minh và xã Hương Lâm, huyện Hiệp Hóa, tỉnh Bắc Giang.",Công ty Cổ phần Đầu tư và phát triển hạ tầng Hingtech.,26-11-2024,Hết hạn
4434,DTM,Dự án: Khu đô thị biển Bình Sơn - Ninh Chữ (Khu K2).,"Phường Mỹ Bình, thành phố Phan Rang - Tháp Chàm, tỉnh Ninh Thuận.",Công ty Cổ phần Đầu tư Hacom Holdings – Chi nhánh Ninh Thuận.,25-11-2024,Hết hạn
4435,DTM,"Dự án: Khu đô thị sinh thái, nghỉ dưỡng khoáng nóng cao cấp Hồ Khả.","Xã Quý Hòa, huyện Lạc Sơn, tỉnh Hòa Bình.",Công ty TNHH Mặt trời Hòa Bình.,25-11-2024,Hết hạn
4439,DTM,Dự án: Sản xuất các sản phẩm điều hòa cho ngành công nghiệp ôtô và các ngành công nghiệp khác.,"Khu công nghiệp Đồng Văn II, Phường Đồng Văn, thị xã Duy Tiên, tỉnh Hà Nam.",Công ty TNHH Gentherm Việt Nam.,25-11-2024,Hết hạn
4440,DTM,"Dự án: Đầu tư xây dựng và kinh doanh kết cấu hạ tầng khu công nghiệp Tân Trường (mở rộng), huyện Cẩm Giàng, tỉnh Hải Dương.","Xã Tân Trường và xã Định Sơn, huyện Cẩm Giàng, tỉnh Hải Dương.",Công ty Cổ phần công nghiệp Tây Bắc.,25-11-2024,Hết hạn
4441,DTM,Dự án: Khu du lịch Đảo Ngọc Xanh.,"Thị trấn Thanh Thủy, huyện Thanh Thuỷ, tỉnh Phú Thọ và xã Thuần Mỹ, huyện Ba Vì, thành phố Hà Nội.",Công ty Cổ phần Đảo Ngọc Xanh.,25-11-2024,Hết hạn
4417,DTM,Dự án GEM Việt Nam.,"Nhà xưởng số 4, Lô CN15-02, Khu phi thuế quan và Khu công nghiệp Nam Đình Vũ (khu 1), thuộc Khu Kinh tế Đình Vũ – Cát Hải, phường Đông Hải 2, quận Hải An, thành phố Hải Phòng.",Công ty TNHH GEM Việt Nam.,22-11-2024,Hết hạn
4418,DTM,"Dự án: Đầu tư xây dựng và kinh doanh kết cấu hạ tầng Khu công nghiệp Trung Thành, tỉnh Nam Định.","Xã Trung Nghĩa, huyện Ý Yên, tỉnh Nam Định.",Công ty Cổ phần đầu tư phát triển hạ tầng Nam Định.,22-11-2024,Hết hạn
4419,DTM,Dự án: Dự án công nghiệp hóa phần cứng thông minh.,"Lô H9, Khu công nghiệp Quế Võ, phường Nam Sơn, thành phố Bắc Ninh, tỉnh Bắc Ninh.",Công ty TNHH Austone Technology (VIET NAM).,22-11-2024,Hết hạn
4420,DTM,Dự án: Nhà máy KHKT Luxvisions Innovation Nghệ An (Giai đoạn 2).,"Số 01, đường số 12, Khu công nghiệp VSIP Nghệ An, xã Hưng Tây, huyện Hưng Nguyên, tỉnh Nghệ An.",Công ty TNHH KHKT Luxvisions Innovation (Nghệ An).,22-11-2024,Hết hạn
4421,DTM,"Dự án: Khu dân cư theo quy hoạch tại phường Phước Tân, thành phố Biên Hòa, tỉnh Đồng Nai.","Phường Phước Tân, thành phố Biên Hòa, tỉnh Đồng Nai.",Công ty Cổ Phần Đầu tư Đồng Thuận.,22-11-2024,Hết hạn
4445,DTM,Dự án: Đầu tư xây dựng nhà máy Bia Sài Gòn – Kiên Giang của Công ty Cổ phần Thức uống Duyên hải Mê Kông.,"Đường D1 – D2, Khu công nghiệp Thạch Lộc, xã Thạch Lộc, huyện Châu Thành, tỉnh Kiên Giang.",Công ty Cổ phần Thức uống Duyên hải Mê Kông.,22-11-2024,Hết hạn
4410,DTM,Dự án: Đầu tư xây dựng và kinh doanh kết cấu hạ tầng Khu công nghiệp Lộc Giang (diện tích 466ha).,"Xã Lộc Giang, xã An Ninh Đông, xã Tân Mỹ, huyện Đức Hòa, tỉnh Long An.",Công ty Cổ phần Phát triển Đô thị Sài Gòn Tây Bắc.,21-11-2024,Hết hạn
4411,DTM,Dự án: Công ty trách nhiệm hữu hạn QMH Computer.,"Lô CN 14, Khu công nghiệp Mỹ Thuận, xã Mỹ Thuận, thành phố Nam Định, tỉnh Nam Định.",Công ty TNHH QMH Computer.,21-11-2024,Hết hạn
4412,DTM,"Dự án: Nhà máy nhôm Á Châu Việt Nam, công suất 250.000 tấn sản phẩm/năm.","Lô 136B, Khu công nghiệp Long Giang, xã Tân Lập 1, huyện Tân Phước, tỉnh Tiền Giang.",Công ty TNHH Nhôm Á Châu Việt Nam.,21-11-2024,Hết hạn
4414,DTM,Dự án: Phát triển nông thôn thích ứng với thiên tai tỉnh Điện Biên.,Tỉnh Điện Biên.,Ban Quản lý dự án các công trình nông nghiệp và Phát triển nông thôn tỉnh Điện Biên.,21-11-2024,Hết hạn
4409,DTM,Dự án: Trang trại chăn nuôi gia cầm công nghệ cao.,"Ấp 4, xã Thành Lợi, huyện Bến Lức, tỉnh Long An.",Công ty Cổ phần Ba Huân Long An.,20-11-2024,Hết hạn
4407,DTM,"Dự án: Sản xuất và kinh doanh các loại máy in, máy fax, các thiết bị điện tử và đa chức năng, quạt và các thiết bị làm mát công nghiệp khác; các loại phụ kiện, phụ tùng thay thế, bộ phận, chi tiết cho các sản phẩm trên; các loại khuôn (các bộ phận dùng cho khuôn); các loại máy móc, thiết bị dùng cho sản xuất; các loại bản mạch điện tử; các hoạt động nghiên cứu và phát triển (thiết kế phẩn mềm), sửa chữa các sản phẩm trên” (điều chỉnh, nâng công suất).","Lô A3, A4, A5, A6, A7, A8, A9, A10 và E1 Khu công nghiệp Phúc Điền, huyện Cẩm Giàng, tỉnh Hải Dương.",Công ty TNHH Công nghiệp Brother Việt Nam.,19-11-2024,Hết hạn
4408,DTM,Dự án: Bếp ga di động Maxsun Vina.,"Lô CN7.2K, Khu công nghiệp Nam Đình Vũ (khu 2) (DEEP C2A), phường Đông Hải 2, quận Hải An, thành phố Hải Phòng.",Công ty TNHH Maxsun Vina.,19-11-2024,Hết hạn
4405,DTM,Dự án: Nhà máy Rapido Hà Nam.,"Lô D, Khu công nghiệp Đồng Văn II, phường Bạch Thượng, thị xã Duy Tiên, tỉnh Hà Nam.",Công ty TNHH Rapido Asia.,18-11-2024,Hết hạn
4394,DTM,"Dự án: Đầu tư xây dựng Khu bến cảng Mỹ Thủy, huyện Hải Lăng, tỉnh Quảng Trị (tổng hợp cả 3 giai đoạn 1, 2, 3).","Khu kinh tế Đông Nam Quảng Trị, xã Hải An, huyện Hải Lăng, tỉnh Quảng Trị.",Công ty Cổ phần Liên doanh Cảng quốc tế Mỹ Thủy.,15-11-2024,Hết hạn
4395,DTM,Dự án: Nhà máy sản xuất van Huacheng (Việt Nam).,"Lô số CN1.1, CN1.2, CN1.3, CN1.4, CN1.9, CN1.10, Cụm công nghiệp Hoàng Mai, phường Nếnh, thị xã Việt Yên, tỉnh Bắc Giang và Lô số CN-02, Cụm công nghiệp Nham Sơn - Yên Lư, thị trấn Nham Biền, huyện Yên Dũng, tỉnh Bắc Giang.",Công ty TNHH Van Huacheng (Việt Nam).,15-11-2024,Hết hạn
4390,DTM,Dự án: Nhà máy sản xuất Cooler Master VietNam.,"Lô đất CN-04.1, Khu công nghiệp Gia Bình, xã Đông Cứu, huyện Gia Bình, tỉnh Bắc Ninh.",Công ty TNHH sản xuất Cooler Master (VietNam),14-11-2024,Hết hạn
4391,DTM,Dự án: Nhà máy PI Electronics (Việt Nam).,"Lô CN-07-02, Khu công nghiệp Vân Trung, phường Vân Trung, thị xã Việt Yên, tỉnh Bắc Giang.",Công ty TNHH PI Electronics (Việt Nam).,14-11-2024,Hết hạn
4392,DTM,Dự án: Công Ty TNHH Công nghệ chính xác Luxcase (Việt Nam) (Nâng công suất).,"Số 5, đường số 12, Khu công nghiệp VSIP Nghệ An, xã Hưng Tây, huyện Hưng Nguyên, tỉnh Nghệ An.",Công ty TNHH Công nghệ chính xác Luxcase,14-11-2024,Hết hạn
4393,DTM,Dự án: Công ty TNHH Điện tử thông minh TCL (Việt Nam).,"Số 26 VSIP II-A, đường số 32, Khu công nghiệp Việt Nam – Singapore II-A, thị trấn Tân Bình, huyện Bắc Tân Uyên, tỉnh Bình Dương.",Công ty TNHH Điện tử thông minh TCL (Việt Nam).,14-11-2024,Hết hạn
4383,DTM,Dự án: Nova Elektrik Việt Nam,"Nhà xưởng E2, Lô CN4G, Khu công nghiệp và Dịch vụ Hàng Hải, thuộc Khu kinh tế Đình Vũ - Cát Hải, phường Đông Hải 2, quận Hải An, thành phố Hải Phòng.",Công ty TNHH Nova Elektrik Việt Nam.,13-11-2024,Hết hạn
4384,DTM,"Dự án: Thủy điện Yên Hà, tỉnh Lào Cai; Nlm=13MW.","Xã Liêm Phú và xã Khánh Yên Hạ, huyện Văn Bàn, tỉnh Lào Cai.",Công ty Cổ phần năng lượng Yên Hà.,13-11-2024,Hết hạn
4385,DTM,Dự án: Nhà máy Gigalane Vina.,"Một phần Lô CN-09, Khu công nghiệp Vân Trung, xã Vân Trung, huyện Việt Yên, tỉnh Bắc Giang.",Công ty TNHH Gigalane Vina.,13-11-2024,Hết hạn
4387,DTM,Dự án: Nhà máy điện rác Ninh Bình.,"Thôn 1, xã Đông Sơn, thành phố Tam Điệp, tỉnh Ninh Bình.",Công ty cổ phần Năng lượng xanh SUS Ninh Bình.,13-11-2024,Hết hạn
4389,DTM,Dự án: Sản xuất và gia công linh kiện liên quan đến thiết bị khuếch đại âm thanh.,"Nhà xưởng số NX7,  Khu công nghiệp Liên Hà Thái (Green iP-1), thuộc khu kinh tế Thái Bình, huyện Thái Thụy, tỉnh Thái Bình.",Công ty TNHH điện tử Poyun Việt Nam – CN Thái Bình.,13-11-2024,Hết hạn
4463,DTM,Dự án: Khu du lịch Cap Padaran Mũi Dinh.,"Xã Phước Dinh, huyện Thuận Nam, tỉnh Ninh Thuận.","Công ty Cổ phần Cap Padaran Mũi Dinh.Xã Phước Dinh, huyện Thuận Nam, tỉnh Ninh Thuận.",13-11-2024,Hết hạn
4361,DTM,"Dự án: Nhà máy sản xuất dây dẫn điện, ổ cắm điện và các thiết bị điện khác 2.","Một phần lô đất A12 (A12-2), Khu công nghiệp Phúc Điền mở rộng, xã Vĩnh Hồng, huyện Bình Giang, tỉnh Hải Dương.",Công ty TNHH Công nghệ Sheng Shing (Việt Nam - Hải Dương).,12-11-2024,Hết hạn
4362,DTM,Dự án: Nhà máy Ket Vina – Thái Nguyên.,"Lô CN5, Khu công nghiệp Điềm Thụy, xã Điềm Thụy, huyện Phú Bình, tỉnh Thái Nguyên.",Công ty TNHH Korea Electric Terminal VietNam.,12-11-2024,Hết hạn
4363,DTM,Dự án Dongkwang.,"Lô B6-1, Khu công nghiệp Bá Thiện II, xã Thiện Kế, huyện Bình Xuyên, tỉnh Vĩnh Phúc.",Công ty TNHH Dongkwang.,12-11-2024,Hết hạn
4364,DTM,"Dự án: Nhà máy đốt chất thải rắn phát điện tại Khánh Sơn, thành phố Đà Nẵng.","Bãi rác Khánh Sơn, phường Hòa Khánh Nam, Quận Liên Chiểu, thành phố Đà Nẵng.",Công ty Cổ phần môi trường Việt Nam.,12-11-2024,Hết hạn
4365,DTM,Dự án: Nhà máy Texon Semiconductor Technologie.,"Lô K-1-2, Khu công nghiệp Đại Đồng- Hoàn Sơn, phường Tân Hồng, thành phố Từ Sơn, tỉnh Bắc Ninh.",Công ty TNHH Texon Semiconductor Technologies.,12-11-2024,Hết hạn
4366,DTM,Dự án: Nhà máy AAC Việt Nam.,"Lô G10; Lô K4-1-1, K4-1, K4-2A, K4-2B, K4-2C Khu công nghiệp Quế Võ, phường Vân Dương, thành phố Bắc Ninh; Lô K07, Khu công nghiệp Quế Võ (khu vực mở rộng), phường Nam Sơn, thành phố Bắc Ninh, tỉnh Bắc Ninh.",Công ty TNHH AAC Technologies Việt Nam.,12-11-2024,Hết hạn
4367,DTM,"Dự án: Thủy điện Đề Dính Máo, công suất 22MW.","Xã Chế Tạo, huyện Mù Cang Chải, tỉnh Yên Bái.",Công ty TNHH Quang Đạt.,12-11-2024,Hết hạn
4368,DTM,"Dự án: Sản xuất và kinh doanh các loại máy in, máy fax, các thiết bị điện tử và đa chức năng, các loại phụ kiện, phụ tùng thay thế, bộ phận, chi tiết cho các sản phẩm trên (điều chỉnh, nâng công suất).","Lô CN2-4, Khu công nghiệp Tân Trường, huyện Cẩm Giàng, tỉnh Hải Dương.",Công ty TNHH Công nghiệp Brother Việt Nam.,12-11-2024,Hết hạn
4370,DTM,"Dự án: Dự án Silicon Toàn Cầu, công suất 4.955 tấn sản phẩm/năm.","Lô D2, Đường D3, Khu công nghiệp chuyên sâu Phú Mỹ 3, phường Phước Hòa, thị xã Phú Mỹ, tỉnh Bà Rịa – Vũng Tàu.",Công ty TNHH Tokuyama Việt Nam.,12-11-2024,Hết hạn
4382,DTM,Dự án: Nhà máy Lite-On Quảng Ninh.,"Lô đất CN-M-12, CN-M-13, CN-L-06, CN-L-07, CN-L-08, CN-L-11, CN-L-12, CN-L-13, Khu công nghiệp Sông Khoai, xã Sông Khoai, thị xã Quảng Yên, tỉnh Quảng Ninh.",Công ty TNHH Lite-On Technology Việt Nam.,12-11-2024,Hết hạn
4346,DTM,Dự án Công ty TNHH TALWAY Việt Nam.,"Lô T-2-1-1, Lô T-2-1-2, Lô T-2-1-3 và Lô T-2-1-4, Khu công nghiệp Quế Võ (khu vực mở rộng), phường Nam Sơn, thành phố Bắc Ninh và Lô F2, Khu công nghiệp Nam Sơn – Hạp Lĩnh, xã Lạc Vệ, huyện Tiên Du, tỉnh Bắc Ninh.",Công ty TNHH TALWAY Việt Nam.,06-11-2024,Hết hạn
4349,DTM,Dự án: Nhà máy lắp ráp và gia công các sản phẩm điện tử.,"Lô XN3-1E, Khu công nghiệp Đại An mở rộng, thị trấn Lai Cách, huyện Cẩm Giàng, tỉnh Hải Dương.",Công ty TNHH DSGLOBAL VINA.,06-11-2024,Hết hạn
4396,DTM,"Dự án: ""Xây dựng nhà máy sản xuất kinh doanh dịch vụ tổng hợp đồ gỗ, điện và các sản phẩm cơ khí tại xã Đại An, huyện Vụ Bản”.","Xã Đại An, huyện Vụ Bản, tỉnh Nam Định.",Công ty Cổ phần Tân Phát Trường Sơn.,06-11-2024,Hết hạn
4348,DTM,"Dự án: Đầu tư khai thác và chế biến mỏ puzolan Long Phước (Núi Đất), xã Long Phước, thành phố Bà Rịa, tỉnh Bà Rịa – Vũng Tàu (Điều chỉnh nâng công suất và bổ sung loại sản phẩm).","Xã Long Phước, thành phố Bà Rịa, tỉnh Bà Rịa – Vũng Tàu.",Công ty Cổ phần Khoáng sản Vũng Tàu.,05-11-2024,Hết hạn
4330,DTM,"Dự án: Khu bến cảng Cà Ná I – Cảng biển tổng hợp Cà Ná tại xã Phước Diêm, huyện Thuận Nam, tỉnh Ninh Thuận.","Xã Phước Diêm, huyện Thuận Nam, tỉnh Ninh Thuận.",Công ty Cổ phần Cảng quốc tế Trung Nam Cà Ná.,04-11-2024,Hết hạn
4324,DTM,Dự án: Khu công nghiệp VSIP II Quảng Ngãi.,"Xã Bình Thanh và xã Bình Hiệp, huyện Bình Sơn, tỉnh Quảng Ngãi.",Công ty TNHH VSIP Quảng Ngãi.,31-10-2024,Hết hạn
4315,DTM,Dự án: Nhà máy Công ty TNHH Công nghệ Shunsin (Việt Nam) tại Quang Châu.,"Một phần lô H, Khu công nghiệp Quang Châu, thị xã Việt Yên, tỉnh Bắc Giang",Công ty TNHH Công nghệ Shunsin (Việt Nam).,30-10-2024,Hết hạn
4316,DTM,Dự án: Hua Zhuang Electronics (Việt Nam).,"Một phần Lô J, Khu công nghiệp Đồng Văn II, phường Bạch Thượng, thị xã Duy Tiên, tỉnh Hà Nam.",Công ty TNHH Hua Zhuang Electronics (Việt Nam).,30-10-2024,Hết hạn
4317,DTM,"Dự án: Đầu tư xây dựng công trình đường cao tốc đoạn Mỹ Thuận – Cần Thơ, giai đoạn 1.","Huyện Bình Tân, huyện Long Hồ, thị xã Bình Minh và thành phố Vĩnh Long, tỉnh Vĩnh Long; huyện Châu Thành, tỉnh Đồng Tháp.","Ban Quản lý Dự án Mỹ Thuận, Bộ Giao thông vận tải.",30-10-2024,Hết hạn
4321,DTM,Dự án: Khu du lịch sinh thái số 02.,"Xã Trung Mỹ, huyện Bình Xuyên, tỉnh Vĩnh Phúc.",Công ty Cổ phần Nam Tam Đảo.,30-10-2024,Hết hạn
4322,DTM,Dự án: Dự án Nhà máy Công ty TNHH Boyd Việt Nam.,"Lô CN2-4 Khu công nghiệp Yên Phong (khu mở rộng) xã Yên Trung; Lô CN10 Khu công nghiệp Yên Phong (khu mở rộng) xã Thụy Hòa, huyện Yên Phong, tỉnh Bắc Ninh.",Công ty TNHH Boyd Việt Nam.,30-10-2024,Hết hạn
4323,DTM,"Dự án: Kế hoạch phát triển mỏ Đại Hùng, Lô 05-1(a), điều chỉnh năm 2024 – Khu vực Đại Hùng Nam.","Lô 05-1(a), ngoài khơi Đông Nam Việt Nam.",Chi nhánh Điều hành Dầu khí trong nước - Công ty TNHH Tổng Công ty Thăm dò Khai thác Dầu khí (PVEP-POC).,30-10-2024,Hết hạn
4307,DTM,Dự án: Đầu tư nâng cấp hoàn thiện nhà máy bia Đông Mai công suất lên đến 49 triệu lít/năm.,"Khu Tân Mai, phường Đông Mai, thành phố Hạ Long, tỉnh Quảng Ninh.",Công ty CP Bia và Nước giải khát Hạ Long.,29-10-2024,Hết hạn
4311,DTM,Dự án: Dự án bảng mạch nhiều lớp mật độ cao Công ty TNHH Công nghệ Champion Asia (Việt Nam).,"Lô đất CN02-01, Khu công nghiệp Kim Bảng I, huyện Kim Bảng, tỉnh Hà Nam.",Công ty TNHH Công nghệ Champion Asia (Việt Nam).,29-10-2024,Hết hạn
4312,DTM,Dự án: Nhà máy Stronics Vân Trung.,"Một phần Lô CN-17 và một phần Lô CN-05 (CN-05-27; CN-05-29), Khu công nghiệp Vân Trung, thị xã Việt Nam, tỉnh Bắc Giang.",Công ty TNHH Blueway Vina.,29-10-2024,Hết hạn
4314,DTM,Dự án: Nhà máy Công ty TNHH Công nghệ Shunsin (Việt Nam) tại Quang Châu.,"Một phần lô H, Khu công nghiệp Quang Châu, thị xã Việt Yên, tỉnh Bắc Giang",Công ty TNHH Công nghệ Shunsin (Việt Nam).,29-10-2024,Hết hạn
4292,DTM,Dự án: Intelligent Safety Việt Nam.,"Lô CN2.1, Khu công nghiệp Bắc Tiền Phong, phường Phong Cốc, thị xã Quảng Yên, tỉnh Quảng Ninh.",Công ty TNHH Intelligent Safety Việt Nam.,25-10-2024,Hết hạn
4293,DTM,Dự án: Khu đô thị mới sân golf núi Nham Biền.,"Xã Đồng Sơn, thành phố Bắc Giang và xã Tiền Phong, huyện Yên Dũng, tỉnh Bắc Giang.",Công ty Cổ phần Đầu tư Xây dựng Thái Sơn.,25-10-2024,Hết hạn
4295,DTM,"Dự án: Xử lý sạt lở cấp bách bờ sông, bờ biển khu vực đồng bằng sông Cửu Long - Phần bổ sung Kè gia cố chống sạt lở bờ sông Cái Cao.","Xã Phú Đức, huyện Long Hồ, tỉnh Vĩnh Long.",Ban Quản lý Đầu tư và Xây dựng thủy lợi 10.,25-10-2024,Hết hạn
4298,DTM,"Dự án: Khu đô thị sinh thái, nghỉ dưỡng và vui chơi giải trí cao cấp Đồi Thung.","Xã Qúy Hòa, huyện Lạc Sơn, tỉnh Hòa Bình.",Công ty TNHH Mặt trời Hòa Bình.,25-10-2024,Hết hạn
4299,DTM,"Dự án: Đầu tư xây dựng khu nhà ở đô thị tại thị trấn Tân Thanh, huyện Thanh Liêm (TL-ĐT09.22).","Thị trấn Tân Thanh, huyện Thanh Liêm, tỉnh Hà Nam.",Công ty TNHH Đầu tư Tân Thanh 1.,25-10-2024,Hết hạn
4300,DTM,"Dự án: AVC Technology Việt Nam” (mở rộng quy mô, nâng công suất).","Nhà xưởng RBF1, RBF2, RBF5, RBF6 thuộc Lô CN-01, CN-05, CN-05.2, Khu công nghiệp hỗ trợ Đồng Văn III, thị xã Duy Tiên, tỉnh Hà Nam.",Công ty TNHH Khoa học kỹ thuật AVC (Việt Nam).,25-10-2024,Hết hạn
4258,DTM,Dự án: Nhà máy Seekink Technology (Việt Nam).,"Nhà xưởng D1, Lô I26-D, Khu công nghiệp Bá Thiện - Phân khu I, xã Thiện Kế, huyện Bình Xuyên, tỉnh Vĩnh Phúc.",Công ty TNHH Seekink Optoelectronics (Việt Nam).,23-10-2024,Hết hạn
4261,DTM,"Dự án: Nhà máy sản xuất, lắp ráp thiết bị truyền hình (vệ tinh, cáp), vô tuyến, viễn thông; thiết bị nhận và chuyển đổi tín hiệu TV, ăng ten TV; thiết bị kiểm tra, giám sát, an ninh; thiết bị cảm biến, định vị, theo dõi; thiết bị nhận dạng, chuông báo động, đèn báo động có quy mô 1.150.000 sản phẩm/năm (tương đương 2000 tấn sản phẩm/năm); sản xuất, lắp ráp bảng mạch tích hợp có quy mô 50.000 sản phẩm/năm (tương đương 5 tấn sản phẩm/năm).","Lô 302, Đường 7A, Khu công nghiệp Amata, phường Long Bình, thành phố Biên Hòa, tỉnh Đồng Nai.",Công ty TNHH Maspro Việt Nam.,23-10-2024,Hết hạn
4268,DTM,Dự án: K&PE Việt Nam.,"Lô I-2, Khu công nghiệp Tràng Duệ, thuộc khu kinh tế Đình Vũ – Cát Hải, xã Hồng Phong, huyện An Dương, thành phố Hải Phòng.",Công ty TNHH K&P Electronics Việt Nam.,23-10-2024,Hết hạn
4249,DTM,Dự án: Nhà máy sản xuất sợi và vải Mahang Dung Quất.,"Số 2, đường số 2A, KCN Việt Nam – Singapore (KCN VSIP Quảng Ngãi), xã Tịnh Phong, huyện Sơn Tịnh, tỉnh Quảng Ngãi.",Công ty TNHH MH Textile (Việt Nam).,22-10-2024,Hết hạn
4256,DTM,Dự án: Nhà máy Công ty TNHH Xinlong Vietnam Electric Motor Technology.,"Nhà xưởng D-03 và D-04, đường số 6, Khu công nghiệp Hố Nai – Giai đoạn 2, phường Phước Tân, thành phố Biên Hòa, tỉnh Đồng Nai.",Công ty TNHH Xinlong Vietnam Electric Motor Technology.,22-10-2024,Hết hạn
4257,DTM,Dự án: Khu Du lịch sinh thái Mô hình chùa Trúc Lâm – Hòn Bà.,"Phân khu dịch vụ hành chính, Khu bảo tồn thiên nhiên Hòn Bà, xã Khánh Phú, huyện Khánh Vĩnh và xã Suối Cát, huyện Cam Lâm, tỉnh Khánh Hòa.",Công ty Cổ phần Vinpearl.,22-10-2024,Hết hạn
4246,DTM,"Dự án: Đầu tư xây dựng công trình khai thác lộ thiên đá vôi tại khu vực Núi cuối Hồ Trứng làm nguyên liệu sản xuất vôi công nghiệp trong nước và xuất khẩu, đá vôi làm vật liệu xây dựng thông thường và khu chế biến sâu các sản phẩm về đá.","Mỏ núi cuối Hồ Trứng, xã Thanh Sơn, huyện Kim Bảng, tỉnh Hà Nam.",Công ty Cổ phần đầu tư xây dựng giao thông 577.,21-10-2024,Hết hạn
4247,DTM,Dự án: Thủy điện Ngọc Linh.,"Xã Ngọc Linh và xã Mường Hoong, huyện Đăk Glei, tỉnh Kon Tum.",Công ty Cổ phần thủy điện Đắk Krin.,21-10-2024,Hết hạn
4238,DTM,Dự án: Nhà máy ngũ kim điện tử TTK Việt Nam.,"Lô CN04, Khu công nghiệp Thái Hà - giai đoạn I, huyện Lý Nhân, tỉnh Hà Nam.",Công ty TNHH Đầu tư điện tử TTK Việt Nam.,18-10-2024,Hết hạn
4239,DTM,"Dự án: Nhà máy sản xuất, xử lý, tái chế chất thải công nghiệp và chất thải nguy hại.","Lô CN4, Khu công nghiệp Nam Cầu Kiền, xã Kiền Bái, huyện Thủy Nguyên, thành phố Hải Phòng.",Công ty TNHH Tân Thuận Phong.,18-10-2024,Hết hạn
4240,DTM,Dự án: Đầu tư xây dựng và kinh doanh kết cấu hạ tầng Khu công nghiệp Tân Phước 1.,"Xã Tân Lập 1, huyện Tân Phước, tỉnh Tiền Giang.",Công ty cổ phần IDICO Tiền Giang.,18-10-2024,Hết hạn
4241,DTM,Dự án: Đầu tư khai thác và chế biến đá Granite xuất khẩu và tiêu thụ nội địa (điều chỉnh).,"Khu vực Hòn Giồ, xã Nhơn Hải, huyện Ninh Hải, tỉnh Ninh Thuận.",Công ty TNHH Thương mại và Sản xuất Tân Sơn Hoa Cương.,18-10-2024,Hết hạn
4242,DTM,Dự án: Đầu tư xây dựng đường tỉnh 120C (Yên Châu – Tạ Khoa).,"Huyện Yên Châu và huyện Bắc Yên, tỉnh Sơn La.",Ban Quản lý dự án đầu tư xây dựng các công trình giao thông tỉnh Sơn La.,18-10-2024,Hết hạn
4243,DTM,Dự án: Khu đô thị Đông Cao - Tân Phú.,"Phường Đông Cao và phường Tân Phú, thành phố Phổ Yên, tỉnh Thái Nguyên.",Công ty Cổ phần hạ tầng Thanh Nguyên.,18-10-2024,Hết hạn
4244,DTM,"Dự án: Mở rộng, nâng công suất Nhà máy Bột giặt và Hóa chất Đức Giang.","Lô L4, Khu công nghiệp Dệt May Phố Nối B, phường Dị Sử, thị xã Mỹ Hào, tỉnh Hưng Yên.",Công ty Cổ phần Tập đoàn Hóa chất Đức Giang.,18-10-2024,Hết hạn
4245,DTM,Dự án: Công viên trung tâm và khu đô thị mới Đông Khoái Châu.,"Xã Dân Tiến, huyện Khoái Châu, tỉnh Hưng Yên.",Công ty Cổ phần Đầu tư và Dịch vụ Sakura.,18-10-2024,Hết hạn
4219,DTM,"Dự án: Đường giao thông đến trung tâm xã Châu Khê, huyện Con Cuông.","Xã Châu Khê, huyện Con Cuông, tỉnh Nghệ An.","Ủy ban nhân dân huyện Con Cuông, tỉnh Nghệ An.",17-10-2024,Hết hạn
4220,DTM,Dự án: Thành lập Công ty TNHH Cammsys Việt Nam.,"Khu công nghiệp Bá Thiện, thị trấn Bá Hiến, huyện Bình Xuyên, tỉnh Vĩnh Phúc.",Công ty TNHH Cammsys Việt Nam.,17-10-2024,Hết hạn
4217,DTM,Dự án:  Nhà máy Lite-On Quảng Ninh- Giai đoạn 1.,"Lô CN-M-12, CN-M-13, CN-L-06, CN-L-07, CN-L-11, CN-L-12, một phần lô CN-L-08 và lô CN-L-13, Khu công nghiệp Sông Khoai, xã Sông Khoai, thị xã Quảng Yên, tỉnh Quảng Ninh.",Công ty TNHH Lite-On Technology Việt Nam.,11-10-2024,Hết hạn
4215,DTM,Dự án: Nhà máy điện tử Hank Việt Nam.,"Số 7, đường 11, Khu công nghiệp, đô thị và dịch vụ VSIP Bắc Ninh, phường Phù Chẩn, thành phố Từ Sơn, tỉnh Bắc Ninh và Lô 74B/75A, số 55, đường 11, Khu công nghiệp, Đô thị và Dịch vụ VSIP Bắc Ninh, xã Đại Đồng, huyện Tiên Du, tỉnh Bắc Ninh.",Công ty TNHH Điện tử Hank Việt Nam.,09-10-2024,Hết hạn
4216,DTM,Dự án: Đầu tư xây dựng Khu đô thị mới phía Nam trung tâm hành chính thị xã Duy Tiên DT-PK.01.21.1.,"Phường Yên Bắc, phường Tiên Nội, thị xã Duy Tiên, tỉnh Hà Nam.",Công ty Cổ phần đầu tư Bất động sản Taseco.,09-10-2024,Hết hạn
4196,DTM,Dự án: Nhà máy U.D.ELECTRONIC VIỆT NAM.,"Lô CN-01, Khu công nghiệp Thái Hà giai đoạn 1, xã Bắc Lý, huyện Lý Nhân; Lô N3-8, Khu công nghiệp Đồng Văn II, thị xã Duy Tiên, tỉnh Hà Nam.",Công ty TNHH U.D.Electronic Việt Nam.,08-10-2024,Hết hạn
4197,DTM,Dự án: Đầu tư xây dựng và kinh doanh hạ tầng Khu công nghiệp Đông Quế Sơn.,"Thị trấn Hương An, huyện Quế Sơn, tỉnh Quảng Nam.",Công ty CP An Thịnh - Quảng Nam.,08-10-2024,Hết hạn
4214,DTM,Dự án: DOT Lighting Việt Nam.,"Lô CN-50.2, Khu công nghiệp Thuận Thành II, phường An Bình, thị xã Thuận Thành, tỉnh Bắc Ninh.",Công ty TNHH DOT Lighting Việt Nam.,08-10-2024,Hết hạn
4260,DTM,"Dự án: Đầu tư nâng công suất khai thác mỏ cát silic xã Quỳnh Lộc, thị xã Hoàng Mai, tỉnh Nghệ An và xã Trường Lâm, thị xã Nghi Sơn, tỉnh Thanh Hoá (công suất 400.000 tấn/năm).","Xã Quỳnh Lộc, thị xã Hoàng Mai, tỉnh Nghệ An; xã Trường Lâm, thị xã Nghi Sơn, tỉnh Thanh Hoá",Công ty Xi măng Nghi Sơn.,08-10-2024,Hết hạn
4194,DTM,Dự án: Nhà máy cuộn cảm Trio Việt Nam.,"CN02, Khu công nghiệp hỗ trợ Nam Hà Nội giai đoạn I, Xã Đại Xuyên, huyện Phú Xuyên, thành phố Hà Nội.",Công ty TNHH Trio Technology Việt Nam.,07-10-2024,Hết hạn
4190,DTM,Dự án: Sunway Communication VietNam Subsidiary.,"Nhà xưởng CN 08-02, Lô CN 08, Khu công nghiệp Bình Xuyên II, huyện Bình Xuyên và Nhà xưởng R1, R2, Lô I26-A, Khu công nghệp Bá Thiện – Phân khu I, xã Thiện Kế, huyện Bình Xuyên, tỉnh Vĩnh Phúc.",Công ty TNHH Sunway Communication Việt Nam.,04-10-2024,Hết hạn
4192,DTM,Dự án: Công ty TNHH Unika Vie-Pan.,"Khu A, lô N 21a-23-25-27a đường số 12 và lô M.52b1-53a, đường số 15 khu chế xuất Tân Thuận, phường Tân Thuận Đông, quận 7, Thành phố Hồ Chí Minh.",Công ty TNHH Unika Vie-Pan.,04-10-2024,Hết hạn
4193,DTM,Dự án: Thủy điện Bó Sinh.,"Huyện Sông Mã, huyện Thuận Châu, tỉnh Sơn La; huyện Điện Biên Đông, tỉnh Lai Châu.",Công ty cổ phẩn Thủy điện Bó Sinh.,04-10-2024,Hết hạn
4187,DTM,Dự án: Nhà máy Myungjin Electronic Vina.,"Lô CN8, Khu công nghiệp Điềm Thụy (khu A), xã Điềm Thụy, huyện Phú Bình, tỉnh Thái Nguyên.",Công ty TNHH Myungjin Electronic Vina.,03-10-2024,Hết hạn
4188,DTM,Dự án: Suntory PepsiCo Long An.,"Lô F-3, F-4, F-5, F-6, đường D5, Khu công nghiệp Hựu Thạnh, xã Hựu Thạnh, huyện Đức Hòa, tỉnh Long An.",Công ty TNHH Nước giải khát Suntory PepsiCo Việt Nam.,03-10-2024,Hết hạn
4189,DTM,Dự án: Công ty TNHH IGB Automotive Việt Nam.,"Lô CN 16, ô số 2A, giáp đường số 4 và đường N3, Khu công nghiệp Sóng Thần 3, phường Phú Tân, thành phố Thủ Dầu Một, tỉnh Bình Dương",Công ty TNHH IGB Automotive Việt Nam.,03-10-2024,Hết hạn
4191,DTM,Dự án: Đầu tư phát triển kết cấu hạ tầng Khu công nghiệp Hưng Phú.,"Xã Nam Hưng, huyện Tiền Hải, tỉnh Thái Bình.",Công ty CP Khu công nghiệp Geleximco Hưng Phú.,03-10-2024,Hết hạn
4186,DTM,Dự án: Nhà máy sản xuất nước giải khát APBEV Đồng Nai công suất 305.510.400 lít/năm.,"Lô số 16, đường số 10 và đường số 12, Khu công nghiệp Giang Điền, phường Tam Phước, thành phố Biên Hòa, tỉnh Đồng Nai.",Công ty Cổ phần sản xuất thương mại AP Bevegare.,01-10-2024,Hết hạn
4185,DTM,Dự án: Linh kiện điện tử kiểu mới SunLord Việt Nam.,"Nhà xưởng P-1.3 thuộc Lô P-1, Khu công nghiệp Tràng Duệ, huyện An Dương, thành phố Hải Phòng.",Công ty TNHH Điện tử SunLord Việt Nam.,30-09-2024,Hết hạn
4179,DTM,Dự án: Nhà máy sản xuất xe điện hai bánh AIMA.,"Lô B (B3), Khu công nghiệp Quang Châu, phường Quang Châu, thị xã Việt Yên, tỉnh Bắc Giang",Công ty TNHH Công nghệ Powelldd.,27-09-2024,Hết hạn
4180,DTM,"Dự án: Sản xuất và gia công các sản phẩm đèn LED trang trí, đồ chơi điện tử.","Xã Thái Hòa, huyện Triệu Sơn, tỉnh Thanh Hóa.",Công ty TNHH Thẩm Thái Hoà Triệu Sơn.,27-09-2024,Hết hạn
4181,DTM,Dự án: Khu nông nghiệp công nghệ cao kết hợp du lịch.,"Xã Thành Sơn, huyện Mai Châu, tỉnh Hòa Bình.",Công ty CP phát triển nông nghiệp quốc tế Hoà Bình.,27-09-2024,Hết hạn
4182,DTM,Dự án: Nhà máy sản xuất giấy bao bì công nghệ cao.,"Một phần Lô 2A2.1 và Lô 2A.2,  Khu công nghiệp Bảo Minh, xã Liên Minh, huyện Vụ Bản, tỉnh Nam Định.",Công ty cổ phần giấy GĐT.,27-09-2024,Hết hạn
4184,DTM,Dự án: Nhà máy sản xuất van Huacheng (Việt Nam).,"Lô CN-02, Cụm công nghiệp Nham Sơn - Yên Lư, thị trấn Nham Biền, huyện Yên Dũng, tỉnh Bắc Giang.",Công ty TNHH van Huacheng (Việt Nam).,27-09-2024,Hết hạn
4176,DTM,Dự án: Đầu tư xây dựng hạ tầng kỹ thuật Cụm công nghiệp Đồng Sóc.,"Xã Vũ Di, xã Vân Xuân và thị trấn Tứ Trưng, huyện Vĩnh Tường, tỉnh Vĩnh Phúc.",Công ty TNHH Đầu tư Thương mại Vĩnh Phúc.,26-09-2024,Hết hạn
4177,DTM,"Dự án: Khu dân cư nông thôn mới tại xã Hồng Phong, huyện An Dương, thành phố Hải Phòng.","Xã Hồng Phong, huyện An Dương, thành phố Hải Phòng.",Công ty Cổ phần Tập đoàn Sơn Phúc.,26-09-2024,Hết hạn
4178,DTM,"Dự án: Đầu tư xây dựng và kinh doanh kết cấu hạ tầng Khu công nghiệp Cộng Hòa, thành phố Chí Linh tỉnh Hải Dương (nâng công suất).","Phường Cộng Hòa, thành phố Chí Linh, tỉnh Hải Dương.",Công ty Cổ phần phát triển Khu công nghiệp Cao su Việt Nam.,26-09-2024,Hết hạn
4175,DTM,Dự án: Trung tâm thương mại Hải Dương.,"Xã Liên Hồng và phường Thạch Khôi, thành phố Hải Dương, tỉnh Hải Dương.",Công ty Cổ phần Thương mại và Dịch vụ Tuấn Kiệt HD.,24-09-2024,Hết hạn
4156,DTM,Dự án: Nhà máy Công ty TNHH Anctek Việt Nam.,"Đường số 7, đường số 12 và đường số 14, Khu công nghiệp Giang Điền, phường Tam Phước, thành phố Biên Hòa, tỉnh Đồng Nai.",Công ty TNHH Anctek Việt Nam.,23-09-2024,Hết hạn
4173,DTM,"Dự án: Điện tử Công ty TNHH Công nghệ G.Tech Việt Nam - mở rộng, nâng công suất.","Nhà xưởng số 1, Nhà xưởng số 3 và Hệ thống các công trình phụ trợ tại Lô L5.2, L5.3, L5.4, L5.5A, Khu công nghiệp Đồ Sơn Hải Phòng, quận Đồ Sơn, thành phố Hải Phòng.",Công ty TNHH G.tech technology Việt Nam.,23-09-2024,Hết hạn
4152,DTM,Dự án: Nhà máy Laser Tech Vina.,"Lô A (Thuê công trình nhà 2A – nhà xưởng, kho hóa chất và kho của Công ty TNHH Si Flex Việt Nam), Khu công nghiệp Quang Châu, thị xã Việt Yên, tỉnh Bắc Giang.",Công ty TNHH LASER TECH VINA.,20-09-2024,Hết hạn
4154,DTM,Dự án: Nhà máy luyện cán thép DST Nghi Sơn.,"Khu Công nghiệp số 4 – Khu Kinh tế Nghi Sơn, xã Tân Trường, thị xã Nghi Sơn, tỉnh Thanh Hóa.",Công ty Cổ phần gang thép DST Nghi Sơn.,20-09-2024,Hết hạn
4155,DTM,Dự án: Nhà máy Việt Nam Trustech Electronics.,"Nhà xưởng Unit 2&3 - Block 3B - Giai đoạn 2, Lô CN18, Khu Công nghiệp Yên Bình, phường Đồng Tiến, thành phố Phổ Yên, tỉnh Thái Nguyên.",Công ty TNHH Việt Nam Trustech Electronics.,20-09-2024,Hết hạn
3186,DTM,"Dự án: Cầu và đường Nguyễn Chí Thanh, thành phố Vị Thanh.","Thành phố Vị Thanh, tỉnh Hậu Giang.",Ban Quản lý dự án Đầu tư xây dựng công trình giao thông và Nông nghiệp tỉnh Hậu Giang.,19-09-2024,Hết hạn
3187,DTM,"Dự án: Regina Miracle International Hưng Yên (mở rộng, nâng công suất).","Lô số L6, Khu công nghiệp Dệt may Phố Nối B, phường Dị Sử, thị trấn Mỹ Hào, tỉnh Hưng Yên.",Công ty TNHH Regina Miracle International Hưng Yên.,19-09-2024,Hết hạn
3188,DTM,Dự án: Xây dựng công trình nhà máy ARP Phú Thọ giai đoạn 2.,"Lô CN08-02, Khu công nghiệp Phú Hà, xã Hà Lộc, thị xã Phú Thọ, tỉnh Phú Thọ.",Công ty TNHH ARP VINA.,19-09-2024,Hết hạn
4153,DTM,Dự án: Nhà máy sản xuất phôi thép (Nâng công suất nhà máy sản xuất thép cán từ 195.000 tấn/năm lên 550.000 tấn/năm).,"Lô C3, C4, C5, E, Khu công nghiệp Long Bình An, phường Đội Cấn, thành phố Tuyên Quang, tỉnh Tuyên Quang.",Công ty TNHH Gang thép Tuyên Quang.,19-09-2024,Hết hạn
3180,DTM,Dự án: Công ty TNHH Acobi.,"Lô N2-1, Khu công nghiệp Đồng Văn II, phường Duy Minh, thị xã Duy Tiên, tỉnh Hà Nam.",Công ty TNHH Acobi.,17-09-2024,Hết hạn
3181,DTM,Dự án: Bảng mạch in (PCB) công nghệ chính xác cao Victory Giant Việt Nam.,"Số 16, đường 7, Khu công nghiệp Thương mại và Dịch vụ VSIP Bắc Ninh II, xã Tam Giang, huyện Yên Phong, tỉnh Bắc Ninh.",Công ty TNHH Công nghệ Victory Giant (Việt Nam).,17-09-2024,Hết hạn
3182,DTM,"Dự án: Nâng cấp, cải tạo Trường Sỹ quan Kỹ thuật quân sự và Trường Trung cấp Kỹ thuật Miền Trung.","Các địa điểm: số 189, đường Nguyễn Oanh, phường 10, quận Gò Vấp, thành phố Hồ Chí Minh; Phường Long Bình Tân, thành phố Biên Hòa, tỉnh Đồng Nai; xã Vĩnh Phương, thành phố Nha Trang, tỉnh Khánh Hòa.","Tổng cục Kỹ thuật, Bộ Quốc phòng.",17-09-2024,Hết hạn
3183,DTM,Dự án: Khu đô thị mới Thuận Phước - Đà Nẵng.,"Phường Nại Hiên Đông và phường Thọ Quang, quận Sơn Trà, thành phố Đà Nẵng.",Công ty Cổ phần Đầu tư đô thị Vịnh Thuận Phước.,17-09-2024,Hết hạn
3185,DTM,Dự án: Xác định công suất chôn lấp hợp vệ sinh của Khu liên hợp Xử lý chất thải Đa Phước là 24 triệu m3 và điều chỉnh công nghệ chế biến phân bón công suất 100 tấn sản phẩm/ngày.đêm”.,"Xã Đa Phước, huyện Bình Chánh, thành phố Hồ Chí Minh.",Công ty TNHH Xử lý Chất thải Việt Nam.,17-09-2024,Hết hạn
3178,DTM,Dự án: Nhà máy Công ty TNHH Công nghệ Global Star Việt Nam.,"Đường số 6, Khu công nghiệp Hố Nai, phường Phước Tân, thành phố Biên Hòa, tỉnh Đồng Nai.",Công ty TNHH Công nghệ Global Star Việt Nam.,13-09-2024,Hết hạn
3179,DTM,Dự án: Nhà máy và Trung tâm Nghiên cứu Phát triển Starview Hà Nam.,"Lô CN06, Khu công nghiệp Đồng Văn I mở rộng phía Đông Bắc nút giao Vực Vòng – giai đoạn I tỉnh Hà Nam, thị xã Duy Tiên, tỉnh Hà Nam.",Công ty TNHH Starview Hà Nam.,13-09-2024,Hết hạn
3157,DTM,"Dự án: Thuỷ điện Nậm Ngà, công suất 24MW.","Các xã: Nậm Chà, Nậm Manh, Nậm Hàng và thị trấn Nậm Nhùn, huyện Nậm Nhùn, tỉnh Lai Châu.",Công ty TNHH Thủy điện Nậm Ngà.,12-09-2024,Hết hạn
3153,DTM,"Dự án: Đầu tư xây dựng tuyến đường Quảng Bạch – Bằng Phúc, huyện Chợ Đồn.","Các xã: Quảng Bạch, Tân Lập, Bằng Phúc, huyện Chợ Đồn, tỉnh Bắc Kạn.","Ban Quản lý dự án Đầu tư xây dựng huyện Chợ Đồn, tỉnh Bắc Kạn.",10-09-2024,Hết hạn
3155,DTM,"Dự án: Hệ thống thoát nước và xử lý nước thải tại thành phố Hòa Bình, tỉnh Hòa Bình.","Thành phố Hòa Bình, tỉnh Hòa Bình.",Ủy ban Nhân dân thành phố Hòa Bình.,10-09-2024,Hết hạn
3156,DTM,Dự án: Khu nhà ở phường Bình Trưng Đông.,"Phường Bình Trưng Đông, thành phố Thủ Đức, thành phố Hồ Chí Minh.",Công ty TNHH Bất động sản Bình Trưng Mới.,10-09-2024,Hết hạn
3148,DTM,Dự án: Nhà máy Wanma Cable (Việt Nam).,"Khu công nghiệp Đại Đồng – Hoàn Sơn, xã Hoàn Sơn, Huyện Tiên Du và Lô CN-57 KCN Thuận Thành II, phường An Bình, thị xã Thuận Thành, tỉnh Bắc Ninh.",Công ty TNHH Wanma Cable (Việt Nam).,06-09-2024,Hết hạn
3149,DTM,Dự án: Dự án Nanos Việt Nam.,"Lô C9, Khu công nghiệp Bá Thiện II, xã Thiện Kế, huyện Bình Xuyên, tỉnh Vĩnh Phúc.",Công ty TNHH Futurecore Việt Nam.,06-09-2024,Hết hạn
3150,DTM,Dự án: Xây dựng đường cao tốc Thành phố Hồ Chí Minh - Thủ Dầu Một - Chơn Thành đoạn qua địa bàn tỉnh Bình Phước.,"Xã Nha Bích; phường Minh Thành, thị xã Chơn Thành, tỉnh Bình Phước.",Ban Quản lý dự án đầu tư xây dựng tỉnh Bình Phước.,06-09-2024,Hết hạn
3151,DTM,"Dự án: Nhà máy chế tạo sản phẩm điện tử, phương tiện thiết bị mạng và các sản phẩm âm thanh đa phương tiện Goertek Nam Sơn – Hạp Lĩnh.","Lô A1, Khu công nghiệp Nam Sơn – Hạp Lĩnh, phường Nam Sơn, phường Hạp Lĩnh, thành phố Bắc Ninh và xã Lạc Vệ, huyện Tiên Du, tỉnh Bắc Ninh, tỉnh Bắc Ninh.",Công ty TNHH công nghệ thông minh Goertek Vina.,06-09-2024,Hết hạn
3146,DTM,Dự án: Nhà máy Công ty TNHH Công nghê Tata (Việt Nam).,"Khu công nghiệp Nhơn Trạch VI, xã Long Thọ, huyện Nhơn Trạch, tỉnh Đồng Nai.",Công ty TNHH Công nghệ Tata (Việt Nam).,05-09-2024,Hết hạn
3147,DTM,Dự án: Nhà máy sản xuất vải Billion Union Việt Nam.,"Xã Tân Trường, thị xã Nghi Sơn, tỉnh Thanh Hóa.",Công ty TNHH Dệt Billion Union Thanh Hóa.,05-09-2024,Hết hạn
3127,DTM,Dự án: Xây dựng tuyến đường kết nối di sản văn hóa du lịch và phát triển kinh tế dọc sông Hồng.,"Các huyện: Văn Giang, Khoái Châu, Kim Động và thành phố Hưng Yên, tỉnh Hưng Yên.",Sở Giao thông vận tải tỉnh Hưng Yên.,30-08-2024,Hết hạn
3136,DTM,Dự án: Nhà máy TSMT Việt Nam.,"Lô CN01, Khu công nghiệp Thái Hà, giai đoạn 1, huyện Lý Nhân, tỉnh Hà Nam.",Công ty TNHH TSMT Việt Nam.,30-08-2024,Hết hạn
3137,DTM,Dự án: Khu du lịch Đảo Ngọc Xanh.,"Thị trấn Thanh Thủy, huyện Thanh Thủy, tỉnh Phú Thọ; xã Thuần Mỹ, huyện Ba Vì, thành phố Hà Nội.",Công ty cổ phần Ao Vua.,30-08-2024,Hết hạn
3138,DTM,Dự án: Thủy điện Suối Lèo.,"Xã Tân Lang và xã Mường Cơi, huyện Phù Yên, tỉnh Sơn La.",Công ty TNHH Xây dựng và Thương mại Tiến Anh.,30-08-2024,Hết hạn
3140,DTM,"Dự án: Đầu tư khai thác và chế biến đá vôi, dolomit mỏ đá vôi dolomit xã Kỳ Phú, huyện Nho Quan, tỉnh Ninh Bình.","Xã Kỳ Phú, huyện Nho Quan, tỉnh Ninh Bình.",Công ty Cổ phần đầu tư Vạn Ninh.,30-08-2024,Hết hạn
3143,DTM,Công ty TNHH Kurabe Industrial Bắc Ninh tại VSIP Bắc Ninh.,"Số 5, đường 7, Khu công nghiệp, Đô thị và Dịch vụ VSIP Bắc Ninh, phường Phù Chẩn, thành phố Từ Sơn, tỉnh Bắc Ninh.",Công ty TNHH Kurabe Industrial Bắc Ninh.,30-08-2024,Hết hạn
3144,DTM,Dự án công nghệ Apical Việt Nam.,"Lô E4, khu công nghiệp Thuận Thành III, phân khu B, phường Gia Đông, thị xã Thuận Thành, tỉnh Bắc Ninh.",Công ty TNHH Công nghệ Apical Việt Nam.,30-08-2024,Hết hạn
3145,DTM,Dự án: Luxshare – ICT (Nghệ An) 2.,"Khu số 2, đường số 15, Khu công nghiệp VSIP Nghệ An, xã Hưng Tây, huyện Hưng Nguyên, tỉnh Nghệ An.",Công ty TNHH LUXSHARE - ICT (NGHỆ AN).,30-08-2024,Hết hạn
3108,DTM,"Dự án: Nhà máy chế tạo thiết bị điện tử, phương tiện thiết bị mạng và các sản phẩm âm thanh đa phương tiện.","Lô N-1, N-2, N-3, N-4, N-5, N-6 (Khu D), Lô P, Q, Z (Khu E), Lô E 10-1 (Khu F), Lô T-1 (Khu J), Lô L-2, L-3 (Khu B), Lô K-08, K 09, K-16 (Khu A) thuộc Khu công nghiệp Quế Võ, thành phố Bắc Ninh và Lô CN2 10 (Khu G) thuộc Khu công nghiệp Quế Võ III, thị xã Quế Võ, tỉnh Bắc Ninh.",Công ty TNHH Khoa học Kỹ thuật Goertek Vina.,29-08-2024,Hết hạn
3105,DTM,Dự án: Công ty TNHH công nghệ Ways Việt Nam.,"Nhà xưởng B1, B2, B3, B4, Lô CN4G, Khu công nghiệp và Dịch vụ Hàng hải (Deep C2B) thuộc Khu kinh tế Đình Vũ - Cát Hải, phường Đông Hải 2, quận Hải An, thành phố Hải Phòng.",Công ty TNHH công nghệ Ways Việt Nam.,28-08-2024,Hết hạn
3106,DTM,Dự án: Đầu tư xây dựng và kinh doanh kết cấu hạ tầng Khu công nghiệp Việt Hàn mở rộng.,"Phường Hồng Thái, phường Tăng Tiến và thị trấn Nếnh, thị xã Việt Yên, tỉnh Bắc Giang.",Công ty TNHH Phát triển Fuji Phúc Long.,28-08-2024,Hết hạn
3107,DTM,Dự án: Sản xuất linh kiện điện tử công nghệ cao GLGNET.,"Nhà xưởng X5, Khu nhà xưởng cho thuê Hải Thành, phường Hải Thành, quận Dương Kinh, thành phố Hải Phòng.",Công ty TNHH GLGNET Electronics Việt Nam.,28-08-2024,Hết hạn
3104,DTM,"Dự án: Đầu tư xây dựng công trình Trung tâm điều hành, cổng và giải phóng mặt bằng Khu công nghiệp Chu Trinh.","Xã Chu Trinh, thành phố Cao Bằng, tỉnh Cao Bằng.",Ban Quản lý Khu kinh tế tỉnh Cao Bằng.,27-08-2024,Hết hạn
3092,DTM,Dự án: Đầu tư phát triển kết cấu hạ tầng khu công nghiệp Bình Phú.,"Xã Mông Hóa, thành phố Hòa Bình, tỉnh Hòa Bình.",Công ty TNHH Bình Phú Invest.,26-08-2024,Hết hạn
3094,DTM,"Dự án: Nhà máy nước Dĩ An tại thành phố Thuận An và Tân Uyên, tỉnh Bình Dương (Nâng công suất nhà máy lên 150.000 m3/ngày đêm).","Phường Thái Hoà, thành phố Tân Uyên; phường An Phú, thành phố Thuận An, tỉnh Bình Dương.",Công ty CP - Tổng Công ty Nước - Môi trường Bình Dương.,26-08-2024,Hết hạn
3096,DTM,"Dự án: Nhà máy nước Tân Hiệp tại phường Tân Hiệp và hường Uyên Hưng, thành phố Tân Uyên, tỉnh Bình Dương (Nâng công suất nhà máy từ 219.500 m3/ngày đêm lên 370.000 m3/ngày đêm).","Phường Tân Hiệp và phường Uyên Hưng, thành phố Tân Uyên, tỉnh Bình Dương.",Công ty CP - Tổng Công ty Nước - Môi trường Bình Dương.,26-08-2024,Hết hạn
3089,DTM,Dự án: Nhà máy Hanoi Mobilityplus.,"Lô J2 và lô J3, Khu công nghiệp Quế Võ, phường Nam Sơn, thành phố Bắc Ninh, tỉnh Bắc Ninh.",Công ty TNHH Hanoi Mobilityplus.,23-08-2024,Hết hạn
3091,DTM,Dự án: Trang trại chăn nuôi heo Bảo Ngọc.,"Xã Ia Peng, huyện Phú Thiện, tỉnh Gia Lai.",Công ty TNHH Chăn nuôi Bảo Ngọc Gia Lai.,23-08-2024,Hết hạn
3083,DTM,Dự án: Thinking Electronic Việt Nam.,"Lô CN8.3, Khu công nghiệp Nam Cầu Kiền, xã Hoàng Động, huyện Thủy Nguyên, thành phố Hải Phòng.",Công ty TNHH điện tử Thinking (VIỆT NAM).,22-08-2024,Hết hạn
3085,DTM,Dự án: Thủy điện Đăk Roong.,"Xã Đăk Ang, huyện Ngọc Hồi; xã Đăk Kroong, thị trấn Đăk Glei, huyện Đăk Glei, tỉnh Kon Tum.",Công ty Cổ phần Thuỷ điện Đăk Roong.,22-08-2024,Hết hạn
3098,DTM,Dự án thành phần số 2 tỉnh Quảng Bình thuộc Dự án: Xây dựng tuyến đường từ bản Rào Tre (tỉnh Hà Tĩnh) đến bản Cà Xen (tỉnh Quảng Bình).,"Xã Thanh Hóa, huyện Tuyên Hóa, tỉnh Quảng Bình.",Bộ Chỉ huy Bộ đội biên phòng tỉnh Quảng Bình.,22-08-2024,Hết hạn
4218,DTM,Dự án: Nhà máy sản xuất dao cạo râu của Công ty TNHH Procter & Gamble Đông Dương.,"Số 1 VSIP II-A, đường số 18 và số 2 VSIP II-A, đường số 17, Khu công nghiệp Việt Nam - Singapore II-A, phường Vĩnh Tân, thành phố Tân Uyên, tỉnh Bình Dương.",Công ty TNHH Procter & Gamble Đông Dương,22-08-2024,Hết hạn
3079,DTM,"Dự án: Xây dựng Nhà máy sản xuất chăn ga gối đệm, xơ sợi Vikosan.","Cụm công nghiệp Lê Hồ, huyện Kim Bảng, tỉnh Hà Nam.",Công ty Cổ phần Vikosan.,21-08-2024,Hết hạn
3081,DTM,Dự án: Thủy điện Nậm Xí Lùng 2A.,"Xã Pa Vệ Sủ, huyện Mường Tè, tỉnh Lai Châu.",Công ty Cổ phần Thuỷ điện Nậm Xí Lùng.,21-08-2024,Hết hạn
3082,DTM,Dự án: Khu đô thị mới Ngã Bảy 3.,"Phường Ngã Bảy, thành phố Ngã Bảy, tỉnh Hậu Giang.",Công ty Cổ phần Tập đoàn Địa ốc Cát Tường.,21-08-2024,Hết hạn
3097,DTM,"Dự án: Đầu tư xây dựng và Kinh doanh kết cấu hạ tầng Cụm công nghiệp Quảng Yên, huyện Quảng Xương, tỉnh Thanh Hóa.","Xã Quảng Yên, huyện Quảng Xương, tỉnh Thanh Hóa.",Công ty TNHH Thương mại Đầu tư bất động sản Đại Lộc.,21-08-2024,Hết hạn
3077,DTM,Dự án: Nhà máy Veco Việt Nam.,"Nhà xưởng XN-1, Khu công nghiệp Minh Đức, thị xã Mỹ Hào, tỉnh Hưng Yên.",Công ty TNHH Điện tử Vanson Việt Nam.,19-08-2024,Hết hạn
3074,DTM,Dự án: Đầu tư xây dựng nhà máy sản xuất linh kiện điện tử.,"Lô CN7, Lô CN14, Lô CN14.1 Khu công nghiệp Khai Quang, phường Khai Quang, thành phố Vĩnh Yên, tỉnh Vĩnh Phúc.",Công ty TNHH DKT Vina.,16-08-2024,Hết hạn
3075,DTM,"Dự án: Trồng rừng sản xuất và xây dựng hồ chứa nước tại xã Si Pa Phìn và xã Phìn Hồ, huyện Nậm Pồ, tỉnh Điện Biên.","Xã Si Pa Phìn, xã Phìn Hồ, huyện Nậm Pồ, tỉnh Điện Biên.",Công ty TNHH Thương mại và Xây dựng số 6.,16-08-2024,Hết hạn
3076,DTM,Dự án: Doanh trại đoàn bộ và các đội sản xuất/Đoàn KTQP92/Quân khu 4.,"Khu KTQP Minh Hóa - Tuyên Hóa, tỉnh Quảng Bình/Quân khu 4.",Quân khu 4.,16-08-2024,Hết hạn
3073,DTM,Dự án: Khu đô thị Long Vân 2.,"Phường Trần Quang Diệu, thành phố Quy Nhơn, tỉnh Bình Định.",Công ty TNHH Đầu tư Bất động sản Long Vân.,15-08-2024,Hết hạn
3063,DTM,"Dự án: Khu đô thị Thung lũng Hoa Hồng tại xã Tiền Phong, thị trấn Quang Minh, huyện Mê Linh và xã Nam Hồng, huyện Đông Anh, thành phố Hà Nội.","Xã Tiền Phong; thị trấn Quang Minh, huyện Mê Linh và xã Nam Hồng, huyện Đông Anh, thành phố Hà Nội.",Công ty Cổ phần Vĩnh Sơn.,14-08-2024,Hết hạn
3061,DTM,Dự án: Nhà máy Công nghệ điện tử 3E Việt Nam.,"Nhà xưởng XN-2, Khu công nghiệp Minh Đức, phường Minh Đức, thị xã Mỹ Hào, tỉnh Hưng Yên.",Công ty TNHH Công nghệ điện tử 3E Việt Nam.,13-08-2024,Hết hạn
3056,DTM,Dự án: Thủy điện Trà Khúc 2.,"Các xã: Sơn Nham, Sơn Thành, Sơn Giang, Sơn Linh, huyện Sơn Hà, tỉnh Quảng Ngãi.",Công ty Cổ phần Thủy điện Trà Khúc 2.,12-08-2024,Hết hạn
3059,DTM,Dự án: GOERTEK MICROELETRONICS VINA.,"Khu nhà xưởng số 9 (A2-X9), Lô A2-3, thuộc Phân khu 1 - Khu công nghiệp WHA Industrial - Zone 1, Khu kinh tế Đông Nam, tỉnh Nghệ An.",Công ty TNHH Goertek Microelectronics Vina.,12-08-2024,Hết hạn
3060,DTM,"Dự án: Thuỷ điện Nà An, công suất 10,2MW (điều chỉnh).","Xã Bản Bo, huyện Tam Đường; xã Mường Khoa và xã Phúc Khoa, huyện Tân Uyên, tỉnh Lai Châu.",Công ty Cổ phần thủy điện Nà An.,12-08-2024,Hết hạn
3053,DTM,Dự án: Nhà máy sản xuất đèn Led.,"Lô 16, Khu Công nghiệp Cẩm Điền – Lương Điền, xã Lương Điền, huyện Cầm Giàng, tỉnh Hải Dương.",Công ty TNHH PVTech Lighting (Việt Nam).,09-08-2024,Hết hạn
3054,DTM,"Dự án: Danh lam thắng cảnh Quốc gia núi Hàm Rồng, thị xã Sa Pa, tỉnh Lào Cai.","Khu danh lam thắng cảnh quốc gia núi Hàm Rồng, phường Hàm Rồng và phường Sa Pa, thị xã Sa Pa, tỉnh Lào Cai.",Công ty TNHH Đầu tư Tây Bắc.,09-08-2024,Hết hạn
3055,DTM,Dự án: Trạm biến áp 110 KV Yên Lư và nhánh rẽ đấu nối.,"Xã Yên Lư, huyện Yên Dũng, tỉnh Bắc Giang; xã Bằng An, thị xã Quế Võ, tỉnh Bắc Ninh.",Công ty Cổ phần Đầu tư và Phát triển năng lượng Bắc Nam.,09-08-2024,Hết hạn
3058,DTM,Dự án: Khu đô thị sinh thái COASTAL Quảng Ngãi.,"Xã Nghĩa Hòa, huyện Tư Nghĩa, tỉnh Quảng Ngãi.",Công ty TNHH Đầu tư Kinh doanh Bất động sản NHSLAND.,09-08-2024,Hết hạn
3062,DTM,"Dự án: Trang trại chăn nuôi heo Long Hưng Farms tại Làng Khôi, xã Ia Ga, huyện Chư Prông, tỉnh Gia Lai.","Làng Khôi, xã Ia Ga, huyện Chư Prông, tỉnh Gia Lai.",Công ty TNHH Long Hưng Farms.,09-08-2024,Hết hạn
3047,DTM,Dự án: Nhà máy giấy Tân Đức Thọ nâng công suất sản xuất giấy và bao bì giấy từ 12.000 tấn sản phẩm/năm lên 60.000 tấn sản phẩm/năm.,"Lô E2, đường số 05, Khu công nghiệp Thịnh Phát, xã Lương Bình, huyện Bến Lức, tỉnh Long An.",Công ty TNHH MTV Tân Đức Thọ.,08-08-2024,Hết hạn
3048,DTM,Dự án: Đường dây 220kV Trạm cắt 220kV Đa Nhim – Đức Trọng – Di Linh.,"Huyện Ninh Sơn, tỉnh Ninh Thuận; các huyện: Đơn Dương, Đức Trọng, Di Linh, tỉnh Lâm Đồng.","Ban Quản lý dự án các công trình điện miền Nam, Tổng công ty Truyền tải điện quốc gia.",08-08-2024,Hết hạn
3049,DTM,"Dự án: Đầu tư xây dựng nhà máy điện gió Công Lý, tỉnh Sóc Trăng, giai  đoạn I.","Xã Lai Hòa, thị xã Vĩnh Châu, tỉnh Sóc Trăng.",Công ty Cổ phần Super Wind Energy Công lý Sóc Trăng.,08-08-2024,Hết hạn
3050,DTM,"Dự án: Xây dựng công viên cây xanh An Đồng (cấp đô thị) xã An Đồng, huyện An Dương giai đoạn 1.","Xã An Đồng, huyện An Dương, thành phố Hải Phòng.","Ban Quản lý dự án đầu tư xây dựng huyện An Dương, thành phố Hải Phòng.",08-08-2024,Hết hạn
3051,DTM,"Dự án: Nhà máy sản xuất, gia công linh kiện điện tử công suất 42 triệu sản phẩm/năm.","Lô X2, Khu công nghiệp Hố Nai, xã Hố Nai 3, huyện Trảng Bom, tỉnh Đồng Nai.",Công ty TNHH SJIT VINA.,08-08-2024,Hết hạn
3043,DTM,"Dự án: Nhà máy sản xuất, chế tạo các bảng mạch in điện tử (PCB).","Khu công nghiệp Bờ Trái Sông Đà, phường Hữu Nghị, thành phố Hòa Bình, tỉnh Hòa Bình.",Công ty TNHH Điện tử Meiko Hòa Bình.,07-08-2024,Hết hạn
3046,DTM,"Dự án: Nhà máy sản xuất, gia công và tái chế kim loại màu.","Ô số 1, Lô CN10, Cụm Công nghiệp Phương Nam, thành phố Uông Bí, tỉnh Quảng Ninh.",Công ty TNHH Đức Nhuận Phát Việt Nam.,07-08-2024,Hết hạn
3030,DTM,Dự án: Thủy điện Trà Phong.,"Các xã: Trà Phong, Trà Xinh, Sơn Trà, Trà Tây, huyện Trà Bồng; thị trấn Di Lăng, xã Sơn Bao, huyện Sơn Hà, tỉnh Quảng Ngãi.",Công ty Cổ phần Đầu tư và Phát triển Năng lượng Hataco Tây Trà.,06-08-2024,Hết hạn
3040,DTM,Dự án: Trang trại chăn nuôi heo Agri Mang Yang.,"Xã Ia Pia, huyện Chư Prông, tỉnh Gia Lai.",Công ty Cổ phần AGRI MANG YANG.,06-08-2024,Hết hạn
3041,DTM,Dự án: Đầu tư xây dựng và kinh doanh hạ tầng khu công nghiệp Sông Công II giai đoạn 2.,"Xã Tân Quang, xã Bá Xuyên, thành phố Sông Công, tỉnh Thái Nguyên.",Công ty Cổ phần Viglacera Thái Nguyên.,06-08-2024,Hết hạn
3027,DTM,"Dự án: Khu dân cư Phúc Long Vân tại xã Long Hậu, huyện Cần Giuộc, tỉnh Long An.","Xã Long Hậu, huyện Cần Giuộc, tỉnh Long An.",Công ty Cổ phần Phúc Long Vân.,05-08-2024,Hết hạn
3028,DTM,Dự án: Nhà máy sản xuất thiết bị chiếu sáng.,"Một phần Lô G5 (Khu B2), đường D10, Khu công nghiệp Rạch Bắp, phường An Tây, thành phố Bến Cát, tỉnh Bình Dương",Công ty TNHH VNHC Industrial.,05-08-2024,Hết hạn
3042,DTM,Dự án: Trang trại chăn nuôi kết hợp nông nghiệp hữu cơ Tổ Hợp Xanh.,"Thôn Tân Yên, xã Ealy, huyện Sông Hinh, tỉnh Phú Yên.",Công ty TNHH Tổ Hợp Xanh.,05-08-2024,Hết hạn
3021,DTM,Dự án: Nhà máy Power Logics Vina.,"Lô CN15, Khu công nghiệp Khai Quang, phường Khai Quang, thành phố Vĩnh Yên, tỉnh Vĩnh Phúc.",Công ty TNHH Power Logics Vina.,02-08-2024,Hết hạn
3023,DTM,"Dự án: Dự án thành phần bồi thường, hỗ trợ, tái định cư, giải phóng mặt bằng thuộc địa phận huyện Vân Hồ, tỉnh Sơn La.","Địa bàn các xã: Chiềng Yên, Mường Men, Chiềng Khoa, huyện Vân Hồ, tỉnh Sơn La.","Ủy ban nhân dân huyện Vân Hồ, tỉnh Sơn La.",02-08-2024,Hết hạn
3024,DTM,Dự án: Nhà máy Công ty TNHH Điện tử Glory Faith (Việt Nam).,"Lô CN01, Khu công nghiệp Gia Bình II, xã Vạn Ninh, huyện Gia Bình, tỉnh Bắc Ninh.",Công ty TNHH Điện tử Glory Faith (Việt Nam).,02-08-2024,Hết hạn
3026,DTM,Dự án: Nhà máy công nghệ chính xác Fulian.,"Lô CN1, Khu công nghiệp Quang Châu, phường Quang Châu, thị xã Việt Yên, tỉnh Bắc Giang.",Công ty TNHH Precision Technology Component Fulian.,02-08-2024,Hết hạn
3013,DTM,Dự án: Đầu tư xây dựng công trình (giai đoạn 2) Khu KTQP Duyên Hải/QK5.,"Địa bàn: Xã Tân Hiệp, thành phố Hội An, tỉnh Quảng Nam; xã Tam Quang, huyện Núi Thành, tỉnh Quảng Nam; xã Nhơn Châu, thành phố Quy Nhơn, tỉnh Bình Định.",Đoàn Kinh tế quốc phòng 516 - QK5.,01-08-2024,Hết hạn
3014,DTM,Dự án: Nhà máy Amphenol Xgiga Việt Nam.,"Lô CN18A-1, Khu công nghiệp Quế Võ III, phường Phù Lương, thị xã Quế Võ, tỉnh Bắc Ninh.",Công ty TNHH Amphenol Xgiga (Việt Nam) Communication Technology.,01-08-2024,Hết hạn
3017,DTM,Dự án: Khai thác phần lò giếng mỏ than Khe Tam - Công ty Than Dương Huy – TKV.,"Xã Dương Huy, thành phố Cẩm Phả, tỉnh Quảng Ninh.",Chi nhánh Tập đoàn Công nghiệp Than - Khoáng sản Việt Nam - Công ty Than Dương Huy - TKV.,01-08-2024,Hết hạn
3018,DTM,Dự án: Đầu tư của Công ty TNHH CE LINK Hải Dương Việt Nam.,"Lô CN05, Khu công nghiêp An Phát 1, xã An Bình, huyện Nam Sách, tỉnh Hải Dương.",Công ty TNHH CE LINK Hải Dương Việt Nam.,01-08-2024,Hết hạn
3019,DTM,Dự án: Nhà máy sản xuất màn hình LCD-QISDA Việt Nam.,"Lô CN-12, Khu Công nghiệp Đồng Văn IV, xã Nhật Tân, xã Đại Cương, huyện Kim Bảng, tỉnh Hà Nam.",Công ty TNHH Qisda Việt Nam.,01-08-2024,Hết hạn
3020,DTM,Dự án: Nhà máy Autonics VNM.,"Lô CN-03, Khu công nghiệp Đồng Văn IV, xã Đại Cương, huyện Kim Bảng, tỉnh Hà Nam.",Công ty TNHH Autonics VNM.,01-08-2024,Hết hạn
3022,DTM,Dự án: Khoa học kỹ thuật Bảo vệ môi trường 1 tại khu công nghiệp Texhong Hải Hà.,"Một phân ô đất số 18.07 và 18.06, Khu công nghiệp TEXHONG Hải Hà, thị trấn Quảng Hà, huyện Hải Hà, tỉnh Quảng Ninh.",Công ty TNHH Khu công nghiệp Hải Hà Việt Nam.,01-08-2024,Hết hạn
3015,DTM,"Dự án: Đầu tư Xây dựng hệ thống cấp nước thô liên huyện: An Biên, An Minh, U Minh Thượng, Vĩnh Thuận.","Các huyện: An Biên, An Minh, U Minh Thượng, Vĩnh Thuận, Gò Quao, tỉnh Kiên Giang.",Ban Quản lý dự án Đầu tư xây dựng các công trình Nông nghiệp và Phát triển nông thôn tỉnh Kiên Giang.,31-07-2024,Hết hạn
2991,DTM,"Dự án: Đầu tư xây dựng khu đô thị mới tại các xã Xuân Canh, Đông Hội, Mai Lâm, huyện Đông Anh, thành phố Hà Nội.","Các xã: Xuân Canh, Đông Hội, Mai Lâm, huyện Đông Anh, thành phố Hà Nội.",Công ty Cổ phần Trung tâm Hội chợ triển lãm Việt Nam.,30-07-2024,Hết hạn
2992,DTM,"Dự án: Đầu tư xây dựng công trình khai thác Mỏ đá sét làm nguyên liệu xi măng tại khu vực xã Quảng Lạc, huyện Nho Quan, tỉnh Ninh Bình.","Xã Quảng Lạc, huyện Nho Quan, tỉnh Ninh Bình.",Công ty Cổ phần VISSAI Ninh Bình.,30-07-2024,Hết hạn
2990,DTM,"Dự án: Xây dựng Nhà máy điện tử Jin Xinfeng Việt Nam (điều chỉnh, nâng công suất).","Lô CN07, Khu công nghiệp Cẩm Khê, thị trấn Cẩm Khê, tỉnh Phu Thọ.",Công ty TNHH Điện tử Jin Xinfeng Việt Nam.,29-07-2024,Hết hạn
2988,DTM,"Dự án: Đường cơ động và bến cập tàu xã Ninh Vân, thị xã Ninh Hòa, tỉnh Khánh Hòa.","Xã Ninh Vân, thị xã Ninh Hòa, tỉnh Khánh Hòa.",Bộ Chỉ huy Quân sự tỉnh Khánh Hòa.,26-07-2024,Hết hạn
2989,DTM,Dự án: Nhà máy thủy điện Yên Sơn.,"Huyện Yên Sơn, huyện Chiêm Hóa, tỉnh Tuyên Quang.",Công ty CP Tập đoàn Xây dựng và Du lịch Bình Minh.,26-07-2024,Hết hạn
2987,DTM,Dự án: Khai thác hầm lò xuống sâu khu Đông Quảng La.,"Xã Dân Chủ và xã Quảng La, thành phố Hạ Long, tỉnh Quảng Ninh.",Tổng Công ty Đông Bắc.,25-07-2024,Hết hạn
2980,DTM,Dự án: Nhà máy AOHAI Technology Việt Nam.,"Tòa nhà tại Lô CNC8, số 08, đường BH1, Khu Công nghiệp, Đô thị và Dịch vụ VSIP Bắc Ninh, phường Phù Chẩn, thành phố Từ Sơn, tỉnh Bắc Ninh.",Công ty TNHH AOHAI Technology Việt Nam.,24-07-2024,Hết hạn
2982,DTM,Dự án: Thủy điện Thò Ma.,"Xã Pa Vệ Sủ, huyện Mường Tè, tỉnh Lai Châu.",Công ty Cổ phần Năng lượng Thò Ma.,24-07-2024,Hết hạn
2983,DTM,Dự án: Primzen Electronics Việt Nam.,"Lô H-2, Khu công nghiệp Tràng Duệ, thuộc Khu kinh tế Đình Vũ - Cát Hải, xã Hồng Phong, huyện An Dương, thành phố Hải Phòng.",Công ty TNHH Primzen Electronics Việt Nam.,24-07-2024,Hết hạn
2984,DTM,Dự án: Khu công nghiệp Hoàng Mai II.,"Xã Quỳnh Vinh, thị xã Hoàng Mai, tỉnh Nghệ An.",Công ty Cổ phần Hoàng Thịnh Đạt.,24-07-2024,Hết hạn
2985,DTM,"Dự án thành phần 2: Đầu tư xây dựng tuyến đường Vành đai 3 đoạn qua địa bàn huyện Đông Anh, thành phố Hà Nội.","Các xã: Liên Hà, Việt Hùng, Uy Nỗ, Tiên Dương, Vân Nội, Dục Tú, Bắc Hồng, Nam Hồng và thị trấn Đông Anh, huyện Đông Anh, thành phố Hà Nội.","Ban Quản lý dự án đầu tư xây dựng huyện Đông Anh, thành phố Hà Nội.",24-07-2024,Hết hạn
2977,DTM,Dự án: Đầu tư công trình khai thác mỏ đá vôi làm nguyên liệu sản xuất xi măng cho dây chuyền 2 Nhà máy xi măng Duyên Hà.,"Phường Tân Bình và xã Yên Sơn, thị xã Tam Điệp, tỉnh Ninh Bình.",Công ty TNHH Duyên Hà.,23-07-2024,Hết hạn
2978,DTM,Dự án: Nhà máy sản xuất các sản phẩm nhôm định hình và gia công các sản phẩm bằng kim loại.,"Xã Cẩm Phúc, huyện Cẩm Giàng, tỉnh Hải Dương.",Công ty TNHH Tung Yang.,23-07-2024,Hết hạn
2979,DTM,"Dự án: Đầu tư bổ sung, nâng cấp dây chuyền chế biến chủng loại mủ SVR10,20, nâng tổng công suất Nhà máy chế biến Xuân Lập từ 22.000 tấn/năm lên 34.000 tấn/năm.","Khu phố Trung Tâm, phường Xuân Lập, thành phố Long Khánh, tỉnh Đồng Nai.",Công ty TNHH MTV – Tổng Công ty Cao su Đồng Nai,23-07-2024,Hết hạn
2976,DTM,Dự án: Sản xuất ống ngắm hồng ngoại.,"Unit 1, Nhà xưởng 4A, Lô CN13, Lô CN18, Khu công nghiệp Yên Bình, phường Đồng Tiến, thành phố Phổ Yên, tỉnh Thái Nguyên.",Công ty TNHH Công nghệ Infiray (Việt Nam).,22-07-2024,Hết hạn
2965,DTM,"Dự án: Nhà máy nước giải khát APBEV Đồng Nai - Giai đoạn 01, công suất 76.378.000 lít sản phẩm/năm.","Lô số 16, đường số 10 và đường số 12, Khu công nghiệp Giang Điền, phường Tam Phước, thành phố Biên Hòa, tỉnh Đồng Nai.","Số 141D, đường Phan Đăng Lưu, phường 2, quận Phú Nhuận, thành phố Hồ Chí Minh.",19-07-2024,Hết hạn
2966,DTM,Dự án: Đầu tư xây dựng công trình Nâng cấp tuyến luồng Cái Mép - Thị Vải từ phao số “0” vào khu bến cảng côngtennơ Cái Mép” (giai đoạn bổ sung).,"Địa phận huyện Cần Giờ, thành phố Hồ Chí Minh; thị xã Phú Mỹ, tỉnh Bà Rịa - Vũng Tàu; huyện Nhơn Trạch và huyện Long Thành, tỉnh Đồng Nai.","Ban Quản lý dự án Hàng hải, Bộ Giao thông vận tải.",19-07-2024,Hết hạn
2967,DTM,"Dự án: Đầu tư xây dựng khu cảng cạn và dịch vụ Logistics tại phường Phong Khê, thành phố Bắc Ninh và xã Đông Phong, huyện Yên Phong, tỉnh Bắc Ninh.","Phường Phong Khê, thành phố Bắc Ninh và xã Đông Phong, huyện Yên Phong, tỉnh Bắc Ninh.",Công ty cổ phần Logistics LSH.,19-07-2024,Hết hạn
2968,DTM,"Dự án: Đầu tư xây dựng và kinh doanh kết cấu hạ tầng Khu công nghiệp Phúc Sơn, huyện Tân Yên, tỉnh Bắc Giang.","Xã Phúc Sơn, xã Lam Cốt, huyện Tân Yên, tỉnh Bắc Giang.",Công ty Cổ phần Le Delta.,19-07-2024,Hết hạn
2969,DTM,Dự án: Thủy điện Nậm Pàn 6.,"Xã Mường Bú, huyện Mường La, tỉnh Sơn La.",Công ty Cổ phần thủy điện Nậm Pàn 6 Sơn La.,19-07-2024,Hết hạn
2970,DTM,Dự án: Nhà máy điện gió Thăng Long.,"Các xã: Ngũ Lạc, Long Vĩnh, Long Khánh, Đông Hải, huyện Duyên Hải, tỉnh Trà Vinh",Công ty Cổ phần điện gió Thăng Long Trà Vinh.,19-07-2024,Hết hạn
2973,DTM,Dự án: Hệ thống thông minh.,"Lô đất CN4.2 và một phần lô đất CN4.1, Khu công nghiệp Bắc Tiền Phong, thị xã Quảng Yên, tỉnh Quảng Ninh.",Công ty TNHH Năng lượng và Linh kiện EV FOXCONN (Việt Nam).,19-07-2024,Hết hạn
2974,DTM,"Dự án: Khu liên hợp sản xuất, lắp ráp Kim Long Motors Huế.","Khu phi thuế quan thuộc Khu Kinh tế Chân Mây – Lăng Cô, huyện Phú Lộc, tỉnh Thừa Thiên - Huế.",Công ty Cổ phần Kim Long Motor Huế.,19-07-2024,Hết hạn
2975,DTM,"Dự án: Đầu tư xây dựng Bệnh viện đa khoa tỉnh Quảng Ninh – Cơ sở 2 tại thành phố Hạ Long, tỉnh Quảng Ninh.","Phường Hồng Hà, thành phố Hạ Long, tỉnh Quảng Ninh.",Ban Quản lý dự án đầu tư xây dựng các công trình dân dụng và công nghiệp tỉnh Quảng Ninh.,19-07-2024,Hết hạn
4415,DTM,Dự án: Sản phẩm giải trí thông minh.,"Một phần các lô đất CN-XL-10, CN-XL-05, CN-L-03, CN-M-03, CN-S-09 thuộc KCN Sông Khoai, xã Sông Khoai, thị xã Quảng Yên, tỉnh Quảng Ninh.",Công ty Năng lượng và Linh kiện EV FOXCONN (Việt Nam).,19-07-2024,Hết hạn
2954,DTM,Dự án: Nhà máy LG Innotek Hải Phòng (điều chỉnh).,"Lô I-3, I-4, Khu công nghiệp Tràng Duệ thuộc Khu kinh tế Đình Vũ – Cát Hải, xã  Hồng Phong, huyện An Dương, thành phố Hải Phòng.",Công ty TNHH LG Innotek Việt Nam Hải Phòng.,18-07-2024,Hết hạn
2955,DTM,Dự án: Thành lập Công ty TNHH Luxshare – ICT (Việt Nam).,"Lô E, một phần lô T và Lô U1, Khu công nghiệp Quang Châu, xã Quang Châu, huyện Việt Yên, tỉnh Bắc Giang.",Công ty TNHH Luxshare - ICT (Việt Nam).,18-07-2024,Hết hạn
2956,DTM,Dự án: Nhà máy sản xuất thiết bị điện tử Việt Nam (nâng công suất).,"Lô C5-1, Khu công nghiệp Bá Thiện II, xã Thiện Kế, huyện Bình Xuyên, tỉnh Vĩnh Phúc.",Công ty TNHH Cosonic Việt Nam.,18-07-2024,Hết hạn
2964,DTM,Dự án: Khu nghỉ dưỡng cao cấp kết hợp khu dân cư De Lagi.,"Xã Tân Phước, thị xã La Gi, tỉnh Bình Thuận.",Công ty Cổ phần Đầu tư Năm Bảy Bảy.,18-07-2024,Hết hạn
2949,DTM,"Dự án: Khu dân cư nông thôn mới, hạ tầng tái định cư và nhà ở Quý Hòa.","Xã Quỹ Hòa, huyện Lạc Sơn, tỉnh Hòa Bình.",Công ty Cổ phần Mặt trời Hà Nam.,16-07-2024,Hết hạn
2950,DTM,Dự án: Đầu tư FINEWORK INTERNATIONAL (VIỆT NAM).,"Nhà xưởng A1, A2, A3, A4; B1, B2, B3, B4 Lô CN10-01, Khu phi thuế quan và Khu công nghiệp Nam Đình Vũ (khu 1), thuộc Khu kinh tế Đình Vũ - Cát Hải, phường Đông Hải 2, quận Hải An, thành phố Hải Phòng.",Công ty TNHH Công nghệ Precision Craft Component Việt Nam.,16-07-2024,Hết hạn
2953,DTM,Dự án: Đầu tư Nhà máy AmoGreen Vina.,"Lô CN16, Khu công nghiệp Khai Quang, thành phố Vĩnh Yên, tỉnh Vĩnh Phúc.",Công ty TNHH Amo Green Vina.,16-07-2024,Hết hạn
2948,DTM,Dự án: MANI HANOI VIỆT NAM.,"Tổ dân phố Vàng, phường Tân Hương, thành phố Phổ Yên, tỉnh Thái Nguyên.",Công ty TNHH MANI Hà Nội.,15-07-2024,Hết hạn
2947,DTM,Dự án: Trang trại chăn nuôi heo CF Gia Lai.,"Xã Yang Trung, huyện Kông Chro, tỉnh Gia Lai.",Công ty Cổ phần CF Gia Lai,12-07-2024,Hết hạn
2937,DTM,Dự án: Sản xuất phụ tùng ô tô DM tại Việt Nam.,"Nhà xưởng RBF.C1, RBF.C2, Lô CN4-02, Khu phi thuế quan và Khu công nghiệp Nam Đình Vũ (khu 1) và Lô đất công nghiệp CN7.2A, Khu công nghiệp Nam Đình Vũ (khu 2), quận Hải An, thành phố Hải Phòng.",Công ty TNHH Phụ tùng ô tô Daimay Việt Nam.,10-07-2024,Hết hạn
2938,DTM,"Dự án: Đầu tư xây dựng tuyến đường D1, đoạn từ Km0+943 đến Km7+117 thuộc quy hoạch chung thị xã Duy Tiên đến năm 2030, tầm nhìn đến năm 2050.","Phường Yên Bắc; các xã: Yên Nam, Tiên Ngoại, Tiên Sơn, thị xã Duy Tiên, tỉnh Hà Nam.","Ban Quản lý dự án đầu tư xây dựng thị xã Duy Tiên, tỉnh Hà Nam.",10-07-2024,Hết hạn
2986,DTM,"Dự án: Đầu tư các tuyến đường tỉnh ĐT.295C, ĐT.285B kết nối thành phố Bắc Ninh qua các khu công nghiệp với QL.3 mới; ĐT.277B kết nối với cầu Hà Bắc 2, đường vành đai 4 (điều chỉnh).","Huyện Yên Phong và thành phố Bắc Ninh, tỉnh Bắc Ninh.",Ban Quản lý khu vực phát triển đô thị Bắc Ninh.,10-07-2024,Hết hạn
2936,DTM,Dự án: Mở rộng cao tốc Bắc - Nam phía Đông đoạn La Sơn - Hòa Liên.,"Các huyện: Nam Đông, Phú Lộc, tỉnh Thừa Thiên Huế; huyện Hòa Vang, thành phố Đà Nẵng.",Ban Quản lý dự án đường Hồ Chí Minh.,09-07-2024,Hết hạn
2925,DTM,Dự án: Nhà máy sản xuất bàn phím và linh kiện điện tử thụ động – Darfon Việt Nam.,"Lô CN – 06, Khu công nghiệp Đồng Văn IV, xã Đại Cương, huyện Kim Bảng, tỉnh Hà Nam.",Công ty TNHH Darfon Việt Nam.,08-07-2024,Hết hạn
2926,DTM,Dự án: Công ty TNHH NITTO DENKO VIỆT NAM.,"Số 6 Vsip, đường số 3, Khu công nghiệp Việt Nam – Singapore, phường Bình Hòa, thành phố Thuận An, tỉnh Bình Dương.",Công ty TNHH NITTO DENKO VIỆT NAM.,08-07-2024,Hết hạn
2929,DTM,"Dự án: Đầu tư trụ sở cơ quan Thi hành án dân sự giai đoạn 2021 - 2025 trên địa bàn tỉnh Bình Định, Quảng Ngãi và tỉnh Phú Yên.","Địa bàn các tỉnh: Bình Định, Quảng Ngãi, Phú Yên.",Cục Thi hành án dân sự tỉnh Bình Định.,08-07-2024,Hết hạn
2930,DTM,"Dự án: Nhà máy King Inductor Việt Nam Co., Limited.","Lô CN4-2,  Khu công nghiệp Yên Phong II-C, xã Đông Tiến và xã Tam Giang, huyện Yên Phong, tỉnh Bắc Ninh.",Công ty TNHH King Inductor Việt Nam,08-07-2024,Hết hạn
2931,DTM,Dự án: Nhà máy Kyocera Avx Components Bắc Giang.,"Lô CN-07, Khu công nghiệp Vân Trung, phường Vân Trung, thị xã Việt Yên, tỉnh Bắc Giang.",Công ty TNHH Kyocera Avx Components (Bắc Giang).,08-07-2024,Hết hạn
2923,DTM,"Dự án: Đầu tư xây dựng công trình khai thác mỏ cát trắng Thủy Triều, xã Cam Hải Đông, huyện Cam Lâm, tỉnh Khánh Hòa.","Xã Cam Hải Đông, huyện Cam Lâm, tỉnh Khánh Hòa.",Công ty TNHH MTV Cát Cam Ranh FICO.,05-07-2024,Hết hạn
2928,DTM,Dự án: Đầu tư Nhà máy Seung Woo Vina – Giai đoạn 3.,"Khu công nghiệp Yên Bình, phường Bãi Bông, thành phố Phổ Yên, tỉnh Thái Nguyên.",Công ty TNHH Seung Woo Vina.,05-07-2024,Hết hạn
2920,DTM,Dự án: Đầu tư nâng công suất xử lý chất thải Khu liên hợp xử lý chất thải rắn Nam Bình Dương.,"Phường Chánh Phú Hòa, thành phố Bến Cát, tỉnh Bình Dương.",Công ty CP - Tổng Công ty Nước - Môi trường Bình Dương.,04-07-2024,Hết hạn
2921,DTM,"Dự án: Đầu tư nâng công suất Nhà máy Bia Hà Nội - Nghệ Tĩnh, từ 50 triệu lít/năm lên 100 triệu lít/năm.","Cụm công nghiệp Cổng Khánh 2, phường Đậu Liêu, thị xã Hồng Lĩnh, tỉnh Hà Tĩnh.",Công ty Cổ phần bia Hà Nội – Nghệ Tĩnh.,04-07-2024,Hết hạn
2922,DTM,Dự án: Nhà máy LCFC.,"Lô CN05, Khu công nghiệp hỗ trợ Đồng Văn III giai đoạn 2, thị xã Duy Tiên, tỉnh Hà Nam.",Công ty TNHH LCFC (Việt Nam).,04-07-2024,Hết hạn
2917,DTM,Dự án: Khu đô thị nghỉ dưỡng Mỹ Lâm - Tuyên Quang.,"Xã Mỹ Bằng, huyện Yên Sơn; xã Kim Phú và phường Mỹ Lâm, thành phố Tuyên Quang, tỉnh Tuyên Quang.",Công ty cổ phần đầu tư xây dựng Thái Sơn.,03-07-2024,Hết hạn
2906,DTM,"Dự án: Nhà máy sản xuất chỉ may và kéo sợi Việt Nam - Trung Hoa (điều chỉnh, nâng công suất).","Quốc lộ 37, thị trấn Nam Sách, huyện Nam Sách, tỉnh Hải Dương.",Công ty TNHH Dệt may Wan Na.,02-07-2024,Hết hạn
2907,DTM,Dự án: Sản xuất chân đế màn hình LCD và các linh kiện liên quan.,"Khu công nghiệp Đồng Văn IV, huyện Kim Bảng, tỉnh Hà Nam.",Công ty TNHH Syncmold Việt Nam.,02-07-2024,Hết hạn
2918,DTM,"Chế tạo, nghiên cứu phát triển thiết bị đầu cuối mạng và thông tin","Thửa đất B-09 đến B-14 Lô đất CN7 Khu công nghiệp An Dương, xã Hồng Phong, huyện An Dương, thành phố Hải Phòng",Công ty TNHH LianYue (Việt Nam),02-07-2024,Hết hạn
2904,DTM,"Dự án: Đầu tư nhà máy sản xuất dây kim loại và linh kiện cơ khí, công suất 4.455 tấn/năm.","Số 46, đường số 6, Khu công nghiệp Việt Nam - Singapore, phường An Phú, thành phố Thuận An, tỉnh Bình Dương.",Công ty TNHH HI-TECH WIRES ASIA.,01-07-2024,Hết hạn
2905,DTM,Dự án: Thủy điện Nậm Cuổi 1B.,"Các xã: Nậm Hàng, Hua Bum, Nậm Pì, huyện Nậm Nhùn, tỉnh Lai Châu.",Công ty Cổ phần Đầu tư Phát triển Sơn Vũ Lai Châu.,01-07-2024,Hết hạn
2901,DTM,Dự án: Công ty TNHH Bumchun Precision Vina.,"Lô VI.2 Khu công nghiệp Thuận Thành 3, phường Thanh Khương, thị xã Thuận Thành, tỉnh Bắc Ninh.",Công ty TNHH Bumchun Precision Vina.,28-06-2024,Hết hạn
2888,DTM,Dự án: Nhà máy sản xuất màn hình giấy điện tử EPD Dongfang KeMai (Việt Nam).,"Lô CN01-01A, Khu công nghiệp Cẩm Khê, huyện Cẩm Khê, tỉnh Phú Thọ.",Công ty TNHH quốc tế DKE.,27-06-2024,Hết hạn
2900,DTM,Dự án: Đầu tư trụ sở cơ quan Thi hành án dân sự giai đoạn 2021- 2025 trên địa bàn thành phố Hải Phòng và tỉnh Thái Bình.,Địa bàn thành phố Hải Phòng và tỉnh Thái Bình.,Cục Thi hành án dân sự thành phố Hải Phòng.,27-06-2024,Hết hạn
2885,DTM,Dự án: Công ty TNHH Goodwin Technology Việt Nam.,"Một phần lô CN7, Khu công nghiệp Sóng Thần 3, phường Phú Tân, thành phố Thủ Dầu Một, tỉnh Bình Dương.",Công ty TNHH Goodwin Technology Việt Nam.,26-06-2024,Hết hạn
2887,DTM,Dự án: Techl Vina,"Lô CN14.1, Lô CN14.2, Khu công nghiệp Khai Quang, phường Khai Quang, thành phố Vĩnh Yên, tỉnh Vĩnh Phúc.",Công ty TNHH Techl Vina,26-06-2024,Hết hạn
2881,DTM,Dự án: Trang trại chăn nuôi heo Kim Ngân Sơn.,"Làng Đê Sơ, xã Ia Me, huyện Chư Prông, tỉnh Gia Lai.",Công ty TNHH Chăn nuôi Kim Ngân Sơn.,25-06-2024,Hết hạn
2882,DTM,"Dự án: Đầu tư xây dựng xưởng sản xuất, gia công các loại sản phẩm điện chiếu sáng, điện dân dụng, dây điện, dụng cụ chăm sóc sức khỏe và các sản phẩm từ kim loại, cao su và plastic.","Khu Công nghiệp Tiền Hải, thị trấn Tiền Hải, huyện Tiền Hải, tỉnh Thái Bình.",Công ty TNHH Gateway Lighting Việt Nam.,25-06-2024,Hết hạn
2876,DTM,"Dự án: Nhà máy sản xuất giấy bao bì, giấy in viết chất lượng cao.","Khu Tầm Vông, thị trấn Phong Châu, huyện Phù Ninh, tỉnh Phú Thọ.",Công ty Cổ phần Giấy BBP.,24-06-2024,Hết hạn
2877,DTM,"Dự án: Công ty TNHH Sonova Operation Center Việt Nam - Điều chỉnh, bổ sung sản phẩm và nâng công suất từ 5.400.000 sản phẩm/năm lên 162.710.000 sản phẩm/năm.","Số 29A, VSIP, đường số 8, Khu công nghiệp Việt Nam – Singapore, phường Thuận Giao, thành phố Thuận An, tỉnh Bình Dương.",Công ty TNHH Sonova Operation Center Việt Nam.,24-06-2024,Hết hạn
2879,DTM,Dự án: Xây dựng nâng cấp cơ sở vật chất theo định hướng phát triển chuyên môn của Bệnh viện Nhân Ái (giai đoạn 2).,"Xã Phú Văn, huyện Bù Gia Mập, tỉnh Bình Phước.",Ban Quản lý Đầu tư xây dựng các công trình dân dụng và Công nghiệp thành phố Hồ Chí Minh.,24-06-2024,Hết hạn
2880,DTM,"Dự án: Đầu tư trồng tái canh cao su giai đoạn 2023 - 2026, chi nhánh Công ty 75.","Các xã: Ia Din; Ia Krêl, Ia Kriêng, Ia Dơk, huyện Đức Cơ và xã Ia O, huyện Ia Grai, tỉnh Gia Lai.",Công ty TNHH MTV Tổng Công ty 15 – Chi nhánh Công ty 75.,24-06-2024,Hết hạn
2865,DTM,Dự án: Trang tại nuôi heo thịt.,"Làng Ar Trớ, xã Đê Ar, huyện Mang Yang, tỉnh Gia Lai.",Công ty Cổ phần nông nghiệp Greenfarm Mang Yang.,21-06-2024,Hết hạn
2866,DTM,Dự án: Công ty TNHH Suntone Industry Việt Nam.,"Lô G3, góc đường N3 và đường D5, KCN Hựu Thạnh, xã Hựu Thạnh, huyện Đức Hòa, tỉnh Long An.",Công ty TNHH Suntone Industry Việt Nam.,21-06-2024,Hết hạn
2867,DTM,Dự án: RQ TECHNOLOGY ELECTRONICS VIETNAM LIMITED.,"Nhà xưởng 07, Lô CN16, CN17, Khu công nghiệp Yên Bình, phường Hồng Tiến, thành phố Phổ Yên, tỉnh Thái Nguyên.",Công ty TNHH RQ Technology Electronics Việt Nam.,21-06-2024,Hết hạn
2873,DTM,Dự án: Nhà máy FCPV FOXCONN Bắc Ninh.,"Lô B1, B3, B5-1, B5-2, Khu công nghiệp Nam Sơn – Hạp Lĩnh, thành phố Bắc Ninh và huyện Tiên Du, tỉnh Bắc Ninh.",Công ty TNHH Bảng mạch chính xác Foxconn (Việt Nam).,21-06-2024,Hết hạn
2924,DTM,Dự án: Nhà máy bia công suất 1.600 triệu lít/năm.,"Khu công nghiệp Mỹ Xuân A, phường Mỹ Xuân, thị xã Phú Mỹ, tỉnh Bà Rịa - Vũng Tàu.",Công ty TNHH Nhà máy Bia Heineken Việt Nam – Vũng Tàu.,21-06-2024,Hết hạn
2862,DTM,Dự án: Công ty TNHH Công nghệ FULLINK Việt Nam – Giai đoạn điều chỉnh.,"Lô V-3, đường N1 và Lô III-7, đường N3 và D4, Khu công nghiệp Quế Võ II, xã Ngọc Xá và thị xã Quế Võ, tỉnh Bắc Ninh.",Công ty TNHH Công nghệ FULLINK Việt Nam.,20-06-2024,Hết hạn
2864,DTM,"Dự án: Xây dựng nhà ga hành khách T2 và mở rộng sân đỗ máy bay – Cảng hàng không Đồng Hới, tỉnh Quảng Bình.","Xã Lộc Ninh, thành phố Đồng Hới, tỉnh Quảng Bình.",Tổng công ty Cảng hàng không Việt Nam - CTCP.,20-06-2024,Hết hạn
2860,DTM,"Dự án: Nạo vét luồng vào bến cá cống Họng và khu neo đậu tránh trú bão tại phường Vạn Hương, quận Đồ Sơn, thành phố Hải Phòng.","Phường Vạn Hương, quận Đồ Sơn, thành phố Hải Phòng.",Công ty Cổ phần Đầu tư và Du lịch Vạn Hương.,19-06-2024,Hết hạn
2861,DTM,"Dự án: Victory II - Nhà máy sản suất sản phẩm điện tử công nghệ cao tại Đồng Văn, tỉnh Hà Nam.","Lô CN09, CN10, Khu công nghiệp hỗ trợ Đồng Văn III giai đoạn II, phường Tiên Nội và phường Hoàng Đông, thị xã Duy Tiên, tỉnh Hà Nam",Công ty TNHH Wisstron Technology (Việt Nam).,19-06-2024,Hết hạn
2855,DTM,Dự án: Trang trại chăn nuôi lợn thịt Tasico Ea Sô (Nâng quy mô 18.000 con/lứa (06 tháng) lên 30.000 con/lứa (06 tháng).,"Xã Ea Sô, huyện Ea Kar, tỉnh  Đắk Lắk.",Công ty Cổ phần Tasico Ea Sô.,18-06-2024,Hết hạn
2856,DTM,"Dự án: Nạo vét đảm bảo giao thông sông Ông Đốc, đoạn từ Km3+650 - Km6+100; Km9+100 - Km9+350; Km15+100 - Km49+500”.",Sông Ông Đốc đoạn từ Km3+650 - Km6+100; Km9+100 - Km9+350; Km15+100 - Km49+500”,Cục Đường thủy nội địa Việt Nam.,18-06-2024,Hết hạn
2858,DTM,Dự án: Nhà máy sản xuất Jiangsu Guotai.,"Lô B13.3, đường N11, Khu công nghiệp Thành Thành Công, phường An Hoà, thị xã Trảng Bàng, tỉnh Tây Ninh.",Công ty TNHH HANTEX GROUP.,18-06-2024,Hết hạn
2849,DTM,Dự án: Xây dựng các hồ chứa nước và hoàn thiện hệ thống kênh mương thủy lợi.,"Các huyện: Đak Pơ, Chư Pưh, Chư Sê và thị xã Ayun Pa, tỉnh Gia Lai.",Ban Quản lý các dự án đầu tư xây dựng tỉnh Gia Lai.,17-06-2024,Hết hạn
2851,DTM,Dự án Nhà máy STRONICS Vân Trung.,"Lô CN-17, Khu công nghiệp Vân Trung, thị xã Việt Yên, tỉnh Bắc Giang.",Công ty TNHH Blueway Vina.,17-06-2024,Hết hạn
2852,DTM,"Dự án thành phần 2: Đầu tư xây dựng đường Vành đai 3,5 đoạn từ Phúc La -  Văn Phú đến cao tốc Pháp Vân - Cầu Giẽ.","Huyện Thanh Trì và Quận Hà Đông, thành phố Hà Nội.",Ban Quản lý dự án đầu tư xây dựng công trình dân dụng thành phố Hà Nội.,17-06-2024,Hết hạn
2853,DTM,Dự án DESAY SIP Việt Nam.,"Thuê một phần Nhà xưởng tại Lô CN-17, Khu công nghiệp Vân Trung, thị xã Việt Yên, tỉnh Bắc Giang.",Công ty TNHH DESAY SIP Việt Nam.,17-06-2024,Hết hạn
2854,DTM,Dự án Nhà máy Công ty TNHH BONFIGLIOLI Việt Nam (bổ sung công đoạn sản xuất).,"Lô C-9D-CN, Khu công nghiệp Mỹ Phước 3, phường Mỹ Phước, thị xã Bến Cát, tỉnh Bình Dương.",Công ty TNHH Bonfiglioli Việt Nam.,17-06-2024,Hết hạn
2844,DTM,Dự án Trang trại chăn nuôi heo Thiên Phú.,"Xã Sơ Pai, huyện KBang, tỉnh Gia Lai.",Công ty Cổ phần Đầu tư chăn nuôi Thiên Phú.,13-06-2024,Hết hạn
2840,DTM,Dự án Khu đô thị tại Phường 4 và Phường 6 thành phố Tân An.,"Phường 4 và Phường 6 thành phố Tân An, tỉnh Long An.",Công ty Cổ phần Đầu tư Tổ hợp thương mại Melinh Plaza Thanh Hóa.,12-06-2024,Hết hạn
2841,DTM,Dự án Nhà máy Công ty TNHH Công nghệ Carve Việt Nam.,"Số 5 VSIP II, đường số 7, Khu công nghiệp Việt Nam – Singapore II, phường Hòa Phú, thành phố Thủ Dầu Một, tỉnh Bình Dương.",Công ty TNHH Công nghệ Carve Việt Nam.,12-06-2024,Hết hạn
2842,DTM,Nhà máy Seekink Technology (Việt Nam).,"Nhà xưởng D1, Lô I26-D, KCN Bá Thiện - Phân khu I, xã Thiện Kế, huyện Bình Xuyên, tỉnh Vĩnh Phúc.",Công ty TNHH Seekink Technology (Việt Nam).,12-06-2024,Hết hạn
2843,DTM,"Dự án Phát triển hạ tầng và Đô thị bền vững tỉnh Lào Cai, sử dụng vốn vay Ngân hàng Phát triển Châu Á.","Địa bàn các huyện, thị xã: Bắc Hà, Bảo Thắng, Bát Xát, Sa Pa.",Ban Quản lý dự án ODA và Đầu tư Xây dựng tỉnh Lào Cai.,12-06-2024,Hết hạn
2822,DTM,Dự án Nhà máy nước sạch Mỹ Văn.,"Các xã: Vĩnh Khúc, Liên Nghĩa, Long Hưng, huyện Văn Giang, tỉnh Hưng Yên.",Công ty Cổ phần Đầu tư và xây dựng Việt Thanh.,11-06-2024,Hết hạn
2833,DTM,"Dự án Victory - Nhà máy Sản xuất sản phẩm điện tử công nghệ cao (điều chỉnh, mở rộng).","Lô CN09 và CN10, Khu công nghiệp hỗ trợ Đồng Văn III, giai đoạn II, thị xã Duy Tiên, tỉnh Hà Nam.",Công ty TNHH Wistron Infocomm (Việt Nam).,11-06-2024,Hết hạn
2834,DTM,Dự án Đầu tư nuôi lợn công nghệ cao.,"Xã Phủ Lý, huyện Phú Lương, tỉnh Thái Nguyên.",Công ty cổ phần nông nghiệp công nghệ cao Thành Công.,11-06-2024,Hết hạn
2837,DTM,Dự án Đầu tư xây dựng nhà máy sản xuất linh kiện điện tử.,"Lô CN11 và CN6, Khu công nghiệp Khai Quang, phường Khai Quang, thành phố Vĩnh Yên, tỉnh Vĩnh Phúc.",Công ty TNHH Partron Vina,11-06-2024,Hết hạn
2813,DTM,Dự án Nhà máy Seojin System Vina - Bắc Ninh.,"Lô 23, đường TS5 Khu công nghiệp Tiên Sơn, phường Đồng Nguyên; Lô J4-2 Khu công nghiệp Đại Đồng - Hoàn Sơn, phường Tân Hồng, thành phố Từ Sơn, tỉnh Bắc Ninh.",Công ty TNHH Seojin System Vina,10-06-2024,Hết hạn
2835,DTM,Dự án Nhà máy nhiệt điện BOT Vũng Áng II.,"Xã Kỳ Lợi, phường Kỳ Trinh, phường Kỳ Long, thị xã Kỳ Anh, tỉnh Hà Tĩnh.",Công ty TNHH Nhiệt điện Vũng Áng II.,10-06-2024,Hết hạn
2806,DTM,Dự án Công trình nạo vét duy tu luồng hàng hải Sài Gòn - Vũng Tàu năm 2023.,Thành phố Hồ Chí Minh; tỉnh Bà Rịa - Vũng Tàu và tỉnh Long An.,Tổng Công ty Bảo đảm An toàn hàng hải miền Nam.,07-06-2024,Hết hạn
2807,DTM,"Dự án Đầu tư xây dựng và kinh doanh hạ tầng Cụm Công nghiệp Cẩm Văn, huyện An Lão, thành phố Hải Phòng.","Xã Quốc Tuấn, huyện An Lão, thành phố Hải Phòng.",Công ty Cổ phần Tập đoàn Đầu tư HTM.,07-06-2024,Hết hạn
2808,DTM,"Dự án Phát triển thủy sản bền vững tại Bộ Nông nghiệp và Phát triển nông thôn, vay vốn WB.","Tại 6 tỉnh, thành phố: Hải Phòng, Thái Bình, Thanh Hóa, Bình Định, Khánh Hòa, Kiên Giang.","Ban Quản lý các dự án Nông nghiệp, Bộ Nông nghiệp và Phát triển nông thôn.",07-06-2024,Hết hạn
2811,DTM,"Dự án thành phần đầu tư xây dựng công trình giao thông thuộc Dự án đầu tư xây dựng tuyến đường bộ cao tốc Hòa Bình - Mộc Châu, đoạn tuyến thuộc địa bàn tỉnh Sơn La.","Huyện Vân Hồ, huyện Mộc Châu, tỉnh Sơn La",Ban Quản lý dự án đầu tư xây dựng các công trình giao thông tỉnh Sơn La,07-06-2024,Hết hạn
2804,DTM,"Dự án Khu dân cư Lan Sơn số 1 (Giai đoạn I), huyện Lục Nam, tỉnh Bắc Giang","Xã Yên Sơn, xã Lan Mẫu, huyện Lục Nam, tỉnh Bắc Giang",Công ty Cổ phần Bất động sản Detech Land,06-06-2024,Hết hạn
2803,DTM,Dự án Khu Công nghiệp VSIP Thái Bình,"Xã An Tân; xã Thụy Trường, huyện Thái Thụy, tỉnh Thái Bình",Công ty Cổ phần Phát triển đô thị và Khu công nghiệp Việt Nam Singapore,06-06-2024,Hết hạn
2792,DTM,"Dự án “Sản xuất, gia công, lắp ráp sản phẩm điện tử, điện dân dụng”.","Lô CN07-02, Khu công nghiệp Bình Xuyên II, thị trấn Bá Hiến, huyện Bình Xuyên, tỉnh Vĩnh Phúc.",Công ty Cổ phần Viettronics Vĩnh Phúc,05-06-2024,Hết hạn
2794,DTM,"Dự án Nhà máy dệt may BP tại khu công nghiệp TEXHONG Hải Hà, thị trấn Quảng Hà, huyện Hải Hà, tỉnh Quảng Ninh","Ô đất số 17.01 và một phần ô đất số 17.02, Lô CN25 Khu công nghiệp Texhong - Hải Hà, thị trấn Quảng Hà, huyện Hải Hà, tỉnh Quảng Ninh",Công ty TNHH Dệt may BP (Việt Nam),05-06-2024,Hết hạn
2795,DTM,"Dự án: ""Đầu tư xây dựng tuyến đường kết nối từ QL1A giao với đường cao tốc Cầu Giẽ - Ninh Bình bằng nút giao Liêm Sơn đi qua huyện Bình Lục giao với QL21A, QL21B, đường nối 2 cao tốc Hà Nội - Hải Phòng và Hà Nội - Ninh Bình; Kết nối 2 di tích Quốc gia đặc biệt là đền Trần Thương (tỉnh Hà Nam) và Khu di tích lịch sử - văn hóa đền Trần (tỉnh Nam Định)""","Dự án đi qua các huyện Thanh Liêm, Bình Lục và Lý Nhân, tỉnh Hà Nam.",Ban Quản lý dự án đầu tư xây dựng tỉnh Hà Nam,05-06-2024,Hết hạn
2796,DTM,"Dự án Nhà máy sản xuất tai nghe, dây kết nối NEW WING","Lô CN-06, CN-07, CN-08, CN-09, CN-15 KCN Vân Trung, phường Vân Trung, thị xã Việt Yên, tỉnh Bắc Giang.",Công ty TNHH New Wing Interconnect Technology (tỉnh Bắc  Giang).,05-06-2024,Hết hạn
2797,DTM,Dự án Haiyun Việt Nam,"Lô CN-03, KCN Đông Mai, phường Đông Mai, thị xã Quảng Yên, tỉnh Quảng Ninh",Công ty TNHH Haiyun Việt Nam,05-06-2024,Hết hạn
2799,DTM,Dự án đầu tư BLD VIETNAM PROJECT,"Lô 38, 38-2, Khu công nghiệp Quang Minh, thị trấn Quang Minh, huyện Mê Linh, thành phố Hà Nội",Công ty TNHH BLD VINA,05-06-2024,Hết hạn
2800,DTM,"Dự án “Điều chỉnh khai thác đá vôi làm nguyên liệu sản xuất xi măng của mỏ đá vôi Hoàng Mai A, thị xã Hoàng Mai, tỉnh Nghệ An (Công suất 6.000.000 tấn/năm)”","Phường Quỳnh Thiện, phường Quỳnh Dị, xã Quỳnh Lộc, thị xã Hoàng Mai, tỉnh Nghệ An.",Công ty Xi măng Nghi Sơn,05-06-2024,Hết hạn
2801,DTM,"Dự án đầu tư xây dựng tuyến đường bộ cao tốc Ninh Bình - Hải Phòng, đoạn qua tỉnh Ninh Bình","huyện Yên Khánh và Yên Mô, tỉnh Ninh Bình",Sở Giao thông vận tải tỉnh Ninh Bình,05-06-2024,Hết hạn
2895,DTM,Dự án SeAH M&S Việt Nam,"Lô F4, KCN CS Phú Mỹ 3, phường Phước Hòa, thị xã Phú Mỹ, tỉnh Bà Rịa - Vũng Tàu",Công ty TNHH SeAH M&S Việt Nam,05-06-2024,Hết hạn
2787,DTM,Dự án Khu resort Hoàn Vũ - Hồ Tràm,"tại xã Bình Châu, huyện Xuyên Mộc, tỉnh Bà Rịa – Vũng Tàu",Công ty Cổ phần Hoàn Vũ,03-06-2024,Hết hạn
2788,DTM,"Dự án ""Trang trại nuôi lợn nái, lợn thương phẩm (quy mô lợn nái 5000 con, lợn đực giống 200 con, lợn thịt thương phẩm 59.800 con/1 đợt, mỗi năm 2,5 đợt)""","Làng Bông Pim, xã Đak Jơ Ta, huyện Mang Yang, tỉnh Gia Lai",Công ty CP Chăn nuôi CNC Thành Đạt Gia Lai,03-06-2024,Hết hạn
2789,DTM,Dự án “Nhà máy Công ty TNHH Công nghệ Vật liệu Nhôm Việt”,"Lô B7_M_CN, đường N14A, khu công nghiệp Bàu Bàng, thị trấn Lai Uyên, huyện Bàu Bàng, tỉnh Bình Dương",Công ty TNHH Công nghệ Vật liệu Nhôm Việt,03-06-2024,Hết hạn
2780,DTM,Dự án “Giải phóng mặt bằng và san lấp Khu công nghiệp Cảng biển Hòn La mở rộng”,"Xã Quảng Đông, huyện Quảng Trạch, tỉnh Quảng Bình",Ban Quản lý Khu kinh tế tỉnh Quảng Bình,31-05-2024,Hết hạn
2782,DTM,Dự án: Cải tạo nâng cấp các khu học viên Cơ sở cai nghiện ma túy - Bảo trợ xã hội Phú Văn,"Xã Phú Văn, huyện Bù Gia Mập, tỉnh Bình Phước",Ban QLDA ĐTXD Công trình dân dụng và công nghiệp,31-05-2024,Hết hạn
2783,DTM,Dự án “Nhà máy Công ty TNHH Leoch Battery (Việt Nam)”,"tại lô B8A, KCN Becamex - Bình Phước, phường Minh Thành, thị xã Chơn Thành, tỉnh Bình Phước",Công ty TNHH Leoch Battery (Việt Nam),31-05-2024,Hết hạn
2784,DTM,Dự án “Đầu tư xây dựng và kinh doanh hạ tầng khu công nghiệp Bảo Minh mở rộng”,"Xã Liên Minh và xã Kim Thái, huyện Vụ Bản, tỉnh Nam Định",Công ty Cổ phần đầu tư hạ tầng KCN Bảo Minh,31-05-2024,Hết hạn
2785,DTM,"Dự án “Sửa chữa, nâng cấp các khu học viên Cơ sở cai nghiện ma túy Đức Hạnh”","Xã Phú Văn, huyện Bù Gia Mập, tỉnh Bình Phước",Ban QLDA ĐTXD Công trình dân dụng và công nghiệp,31-05-2024,Hết hạn
2786,DTM,"Dự án “Nghiên cứu, thiết kế, chế tạo các bộ phận cấu thành, ứng dụng máy bay không người lái và xử lý dữ liệu”","Lô I-4b-4.2, Đường N3, phường Long Thạnh Mỹ, Khu Công nghệ cao, thành phố Thủ Đức, thành phố Hồ Chí Minh",Công ty TNHH Real-time Robotics Việt Nam,31-05-2024,Hết hạn
2810,DTM,"Dự án “Xây dựng nhà máy sản xuất các sản phẩm linh kiện điện tử, điện gia dụng, thiết bị thông tin, thiết bị văn phòng, phụ tùng ô tô và các thiết bị liên quan”","Một phần lô C(C1), KCN Quang Châu, phường Quang Châu, thị xã Việt Yên, tỉnh Bắc Giang",Công ty TNHH Hosiden Việt Nam (Bắc Giang),31-05-2024,Hết hạn
2777,DTM,Dự án đầu tư sản xuất các dao động tinh thể,"Tầng 3, nhà xưởng số 2, Lô đất số B-1, Khu công nghiệp Thăng Long II, xã Liêu Xá, huyện Yên Mỹ, tỉnh Hưng Yên",Công ty TNHH Kyocera Việt Nam,29-05-2024,Hết hạn
2778,DTM,"Dự án sản xuất, lắp ráp, gia công màn hình, tivi và tiêu thụ tại Việt Nam","Nhà xưởng C7-C8 (thuê lại của Công ty cổ phần KCN Tân Vũ - Hải Phòng) Lô CN4G, Khu công nghiệp và dịch vụ Hàng Hải (Deep C2B) thuộc Khu kinh tế Đình Vũ - Cát Hải, phường Đông Hải 2, quận Hải An, thành phố Hải Phòng",Công ty TNHH Điện khí Chang Hong Việt Nam,29-05-2024,Hết hạn
2779,DTM,Dự án Công ty TNHH Azurewave Technologies (Việt Nam),"tầng 1, tầng 2 , Tòa nhà 5, khu đất CN3, KCN Nam Đình Vũ (khu 2) (KN Deep C2A), phường Đông Hải 2, quận Hải An, thuộc KCN Đình Vũ - Cát Hải, thành phố Hải Phòng",Công ty Azurewave Technologies (Việt Nam),29-05-2024,Hết hạn
2809,DTM,“Dự án nhà máy Unictron”,"Lô CN- 06, Khu công nghiệp Đồng Văn IV, Xã Đại Cương, Huyện Kim Bảng, tỉnh Hà Nam",Công ty TNHH Công nghệ Unictron Việt Nam,29-05-2024,Hết hạn
2776,DTM,“Dự án shinyang metal Việt Nam” (Dự án nâng công suất sản xuất từ 25.000 tấn sản phẩm/năm lên 38.400 tấn sản phẩm/năm),"Lô XN3-1A và Lô XN3-1G1, Khu công nghiệp Đại An mở rộng, thị trấn Lai Cách, huyện Cẩm Giàng, tỉnh Hải Dương",Công ty TNHH ShinYang Metal Việt Nam,28-05-2024,Hết hạn
2775,DTM,Dự án “Nhà máy Makipos Hà Nam”,"tại KCN Thanh Liên, thành phố Phủ Lý, tỉnh Hà Nam",Công ty TNHH Sản xuất Điện tử Makipos,27-05-2024,Hết hạn
2756,DTM,Dự án đầu tư xây dựng nhà máy sản xuất thiết bị vệ sinh Dali Việt Nam,"Lô đất số V-3, đường D1B, Khu công nghiệp Cầu Nghìn, thị trấn An Bài, huyện Quỳnh Phụ, tỉnh Thái Bình",Công ty TNHH Quốc tế Dali Việt Nam,26-05-2024,Hết hạn
2754,DTM,"Dự án “Nhà máy sản xuất, tái chế và kinh doanh hàng nhựa”","lô B4, khu B – Khu công nghiệp Bỉm Sơn thuộc địa phận phường Bắc Sơn, thị xã Bỉm Sơn, tỉnh Thanh Hóa",Công ty Cổ phần Vận tải và Khai thác Khoáng sản Xuân Hòa,25-05-2024,Hết hạn
2755,DTM,Dự án “Phát triển thuỷ sản bền vững tỉnh Sóc Trăng”,"Huyện Trần Đề, Cù Lao Dung, Mỹ Xuyên và Thị xã Vĩnh Châu.",Sở Nông nghiệp và phát triển nông thôn tỉnh Sóc Trăng,25-05-2024,Hết hạn
2753,DTM,"Dự án “Nâng cấp, mở rộng Quốc lộ 91 (đoạn từ Km0 – Km7), thành phố Cần Thơ”","Dự án đi qua địa bàn quận Ninh Kiều và quận Bình Thủy, thành phố Cần Thơ",Sở Giao thông Vận tải thành phố Cần Thơ,24-05-2024,Hết hạn
2752,DTM,Dụ án Trang trại chăn nuôi heo công nghệ cao Kiên Thành,"Ấp Tân Điền, xã Hòa Điền, huyện Kiên Lương, tỉnh Kiên Giang",Công ty TNHH Giao thông thủy lợi Kiên Thành,22-05-2024,Hết hạn
2751,DTM,"Dự án “Nhà máy sản xuất nhựa PVC, công suất 184.325 tấn sản phẩm/năm”","tại Khu công nghiệp Cái Mép, thị xã Phú Mỹ, tỉnh Bà Rịa – Vũng Tàu",Công ty TNHH Hóa chất AGC Việt Nam,21-05-2024,Hết hạn
2744,DTM,"Dự án “Khu du lịch nghỉ dưỡng Bình Minh” tại xã Phước Thuận, huyện Xuyên Mộc, tỉnh Bà Rịa – Vũng Tàu","tại xã Phước Thuận, huyện Xuyên Mộc, tỉnh Bà Rịa – Vũng Tàu",Công ty Cổ phần Thủy Sản Bình Minh,20-05-2024,Hết hạn
2745,DTM,"Dự án: “Nhà máy điện rác Greenity Nam Định” tại xã Mỹ Thành, huyện Mỹ Lộc, tỉnh Nam Định","Khu xử lý rác thải, xã Mỹ Thành, huyện Mỹ Lộc, tỉnh Nam Định",Công ty cổ phần năng lượng GREENITY Nam Định,20-05-2024,Hết hạn
2746,DTM,Dự án Khu nghỉ dưỡng cao cấp Cát Hải Bay,"Thôn Vĩnh Hội, KKT Nhơn Hội, xã Cát Hải, huyện Phù Cát, tỉnh Bình Định",Công ty Cổ phần du lịch và khách sạn Việt – Mỹ,20-05-2024,Hết hạn
2747,DTM,"Dự án: Xây dựng cơ sở hạ tầng khu dân cư mới phía Nam cầu vượt đường sắt phường Ninh Phong, thành phố Ninh Bình","Phường Ninh Phong, thành phố Ninh Bình, tỉnh Ninh Bình",Ban quản lý dự án đầu tư xây dựng thành phố Ninh Bình,20-05-2024,Hết hạn
2748,DTM,Dự án Dây chuyền sản xuất Na2SiF6,"phường Đông Hải 2, quận Hải An thuộc khu kinh tế Đình Vũ - Cát Hải, thành phố Hải Phòng",Công ty Cổ phần DAP-Vinachem,20-05-2024,Hết hạn
2749,DTM,Dự án đầu tư “Công ty TNHH Unika VIE-PAN”,"Lô M.52b1-53a, đường số 15 thuộc Khu chế xuất Tân Thuận, phường Tân Thuận Đông, Quận 7, Thành phố Hồ Chí Minh",Công ty TNHH Unika VIE-PAN,20-05-2024,Hết hạn
2750,DTM,"Dự án “Đường giao thông từ bản Phà Khảo, xã Mai Sơn, huyện Tương Dương đến cột mốc 390”","thuộc địa phận xã Mai Sơn, huyện Tương Dương và xã Mỹ Lý, huyện Kỳ Sơn, tỉnh Nghệ An",Bộ chỉ huy bộ đội biên phòng tỉnh Nghệ An,20-05-2024,Hết hạn
2741,DTM,Dự án Nhà máy Vina Anydo Electronics (nâng công suất lần 2),"KCN Bình Xuyên, huyện Bình Xuyên, tỉnh Vĩnh Phúc",Công ty TNHH Vina Anydo Electronics,18-05-2024,Hết hạn
2742,DTM,"Dự án “Xây dựng cụm công trình đầu mối Liên Mạc, quận Bắc Từ Liêm, thành phố Hà Nội (giai đoạn 1)”","trên địa bàn 3 phường là Liên Mạc, Đức Thắng và Thụy Phương, quận Bắc Từ Liêm, thành phố Hà Nội",Ban Quản lý dự án đầu tư xây dựng công trình hạ tầng kỹ thuật và nông nghiệp thành phố Hà Nội.,18-05-2024,Hết hạn
2743,DTM,"Dự án “Nâng công suất dây chuyền tẩy rỉ từ 600.000 tấn/năm lên 700.000 tấn/năm của Chi nhánh Công ty Cổ phần Tôn Đông Á tại Thủ Dầu Một - KCN Đồng An II, Bình Dương”","Lô A3, đường D4, khu công nghiệp Đồng An II, phường Hòa Phú, thành phố Thủ Dầu Một, tỉnh Bình Dương",Công ty Cổ phần Tôn Đông Á,18-05-2024,Hết hạn
2725,DTM,"Dự án: Nâng cấp hệ thống thủy lợi sông Lèn và sông Hoàng Mai nhằm nâng cao khả năng kiểm soát mặn, cải tạo môi trường sinh thái và ứng phó với biến đổi khí hậu (KEXIM1)- Tiểu dự án Hệ thống thủy lợi sông Lèn","12 xã thuộc 3 huyện/thành phố (Huyện Hậu Lộc, Hoằng Hóa) và thành phố Thanh Hóa, tỉnh Thanh Hóa",Ban quản lý Trung ương các Dự án Thủy lợi (CPO),15-05-2024,Hết hạn
2726,DTM,"Dự án “Công ty TNHH Kurabe Industrial (Việt Nam) - Nâng công suất, bổ sung thêm sản phẩm cho nhà máy sản xuất dây diện và linh kiện điện các loại”","Địa điểm 1: Số 26, Đại lộ Tự Do, KCN Việt Nam – Singapore, P. Bình Hòa, Thành phố Thuận An, tỉnh Bình Dương; Địa điểm 2: Số 20 Vsip II-A, đường số 26, KCN Việt Nam – Singapore II-A, phường Vĩnh Tân, Thành phố Tân Uyên, tỉnh Bình Dương",Công ty TNHH Kurabe Industrial (Việt Nam),15-05-2024,Hết hạn
2727,DTM,Dự án “Nhà máy Seojin Vina - Bắc Ninh”,"Đường TS5, KCN Tiên Sơn, phường Tân Hồng và phường Đồng Nguyên, thành phố Từ Sơn, tỉnh Bắc Ninh",Công ty TNHH Seojin Vina,15-05-2024,Hết hạn
2728,DTM,Dự án Nhà máy sản xuất Hana Micron Viet Nam,"Khu công nghiệp Yên Phong, xã Long Châu và xã Yên Trung, huyện Yên Phong, tỉnh Bắc Ninh",Công ty TNHH Hana Micron VietNam,15-05-2024,Hết hạn
2724,DTM,"Dự án: Đầu tư xây dựng và kinh doanh kết cấu hạ tầng Khu công nghiệp VSIP II Quảng Ngãi (giai đoạn 1), thuộc Khu kinh tế Dung Quất, tỉnh Quảng Ngãi","xã Bình Thanh và xã Bình Hiệp của huyện Bình Sơn, tỉnh Quảng Ngãi",Công ty TNHH VSIP Quảng Ngãi,14-05-2024,Hết hạn
2722,DTM,Dự án “Đầu tư khai thác mỏ kaolin-felspat”,"Xã Giáp Lai, xã Tất Thắng, huyện Thanh Sơn, tỉnh Phú",Công ty TNHH Cao Lâm Phú Thọ,13-05-2024,Hết hạn
2723,DTM,"""Dự án sản xuất ống ngắm hồng ngoại”","Nhà xưởng 4A, Lô CN13, Lô CN18, KCN Yên Bình, phường Đồng Tiến, thành phố Phổ Yên, tỉnh Thái Nguyên",Công ty TNHH Công nghệ Infiray (Việt Nam),13-05-2024,Hết hạn
2720,DTM,Dự án: “Nhà máy TDS Việt Nam”,"KCN Đồng Văn II, Thị xã Duy Tiên, tỉnh Hà Nam",Công ty TDS Việt Nam,12-05-2024,Hết hạn
2721,DTM,"Dự án xây dựng khách sạn 5 sao tại phường Sở Dầu, quận Hồng Bàng",Phường Sở Dầu – quận Hồng Bàng Thành phố Hải Phòng.,Công ty TNHH Route Inn Việt Nam Hải Phòng,12-05-2024,Hết hạn
2711,DTM,"Dự án ""Đầu tư xây dựng Trang trại chăn nuôi heo Phúc Thịnh Hoàng""","tại xã Ia Sol, huyện Phú Thiện, tỉnh Gia Lai",Công ty TNHH Một thành viên Chăn nuôi PTH,10-05-2024,Hết hạn
2709,DTM,Dự án “Nâng công suất xử lý nhà máy nước Hưng Đạo lên 60.000 m3/ngày”,"phường Hưng Đạo, quận Dương Kinh, thành phố Hải Phòng",Công ty Cổ phần Cấp nước Hải Phòng,09-05-2024,Hết hạn
2710,DTM,"Dự án “Đầu tư xây dựng hạ tầng kỹ thuật và quản lý kinh doanh Cụm công nghiệp Chiến Thắng, huyện An Lão”","Thôn Phương Hạ, xã Chiến Thắng, huyện An Lão, thành phố Hải Phòng.",Công ty TNHH ô tô Chiến Thắng,09-05-2024,Hết hạn
2708,DTM,“Dự án sản xuất sản phẩm thiết bị âm thanh tại Việt Nam”,"Lô đất số 12B, KCN Điện Nam - Điện Ngọc, phường Điện Nam Bắc, thị xã Điện Bàn, tỉnh Quảng Nam",Công ty TNHH Âm học Quốc Quang (Việt Nam),08-05-2024,Hết hạn
2704,DTM,"Dự án: “Khu đô thị số 1, phường Cải Đan – Khu A, thành phố Sông Công, tỉnh Thái Nguyên”","phường Cải Đan, thành phố Sông Công, tỉnh Thái Nguyên.",Công ty Cổ phần đầu tư Hoàng Đông Dương,07-05-2024,Hết hạn
2705,DTM,"Dự án: Nhà máy sản xuất sản phẩm từ tính, bộ nguồn, sản phẩm tin học và truyền thông, các sản phẩm truyền thông quang học","Lô (B)B1, Khu công nghiệp Quang Châu, xã Quang Châu, huyện Việt Yên, tỉnh Bắc Giang.",Công ty TNHH Umec Việt Nam,07-05-2024,Hết hạn
2706,DTM,"Dự án Năng lượng mới Growatt Việt Nam (mở rộng, nâng công suất sản xuất từ 700.000 sản phẩm/năm ~ 16.770 tấn/năm lên 790.000 sản phẩm/năm ~ 20.942 tấn/năm)","tại Khối A, thuộc lô CN4-01 thuê lại của Công ty TNHH Phát triển công nghiệp BW Nam Đình Vũ, Khu phi thuế quan và KCN Nam Đình Vũ, thuộc Khu 30 kinh tế Đình Vũ - Cát Hải, phường Đông Hải 2, quận Hải An, thành phố Hải Phòng",Công ty TNHH Năng lượng mới Growatt Việt Nam,07-05-2024,Hết hạn
2707,DTM,"Dự án: “Nhà máy sản xuất loa, tai nghe và thiết bị điện tử thông minh”","tại lô CN- 03, KCN Đông Mai, phường Đông Mai, thị xã Quảng Yên, tỉnh Quảng Ninh",Công ty TNHH Kỹ thuật Điện tử Tonly Việt Nam,07-05-2024,Hết hạn
2703,DTM,Dự án đầu tư xây dựng trang trại chăn nuôi heo Phúc Thịnh Hoàng,"xã Ia Sol, huyện Phú Thiện, tỉnh Gia Lai",Công ty TNHH một thành viên chăn nuôi PTH,06-05-2024,Hết hạn
2698,DTM,"Dự án “Đầu tư xây dựng Khu đô thị mới số 6, Trại Mát, phường 11, thành phố Đà Lạt, tỉnh Lâm Đồng”","phường 11, thành phố Đà Lạt, tỉnh Lâm Đồng",Công ty Cổ phần Đầu tư và Xây dựng Kiên Trung,04-05-2024,Hết hạn
2699,DTM,Dự án “Đầu tư xây dựng Khu đô thị Đại học Nam Cao địa phận thành phố Phủ Lý”,"xã Tiên Tân, xã Tiên Hiệp thành phố Phủ Lý và xã Tiên Ngoại, phường Tiên Nội thị xã Duy Tiên tỉnh Hà Nam",Công ty TNHH Liên doanh Việt – SK Group,04-05-2024,Hết hạn
2700,DTM,“Dự án Genius Electronics và Shimoda Kogyo liên doanh sản xuất linh kiện điện tử”,"Lô G11 (thuê nhà xưởng số 16 của Công ty Bai Mai (TNHH)), KCN Quế Võ, phường Phương Liễu, thị xã Quế Võ, tỉnh Bắc Ninh",Công ty TNHH Genius Shimoda (Việt Nam),04-05-2024,Hết hạn
2701,DTM,Dự án “Nhà máy chế biến nông sản BHL Sơn La” (Dự án nâng tổng công suất từ 48.000 tấn sản phẩm/năm lên 90.000 tấn sản phẩm/năm),"Khu công nghiệp Mai Sơn, xã Mường Bằng, huyện Mai Sơn, tỉnh Sơn La",Công ty Cổ phần Chế biến Nông sản BHL Sơn La,04-05-2024,Hết hạn
2692,DTM,"Dự án Điều chỉnh quy mô, loại hình chăn nuôi của trang trại chăn nuôi lợn nái sinh sản tại xã Cư M’lan, huyện Ea Súp, tỉnh Đắk Lắk","xã Cư M’lan, huyện Ea Súp, tỉnh Đắk Lắk",Công ty CP Liên Hiệp Tính,03-05-2024,Hết hạn
2693,DTM,Dự án “Nâng công suất Nhà máy chế biến thuỷ sản Thanh Bình Đồng Tháp (từ 37.750 tấn sản phẩm/năm lên 50.333 tấn sản phẩm/năm)”,"Lô số 1, Đường số 2, Cụm công nghiệp Thanh Bình, xã Bình Thành, huyện Thanh Bình, tỉnh Đồng Tháp",Công ty TNHH MTV Thanh Bình Đồng Tháp,03-05-2024,Hết hạn
2694,DTM,Dự án Công ty TNHH Lingyi Việt Nam,"Nhà xưởng số 2, Lô CN3-4, Nhà xưởng số 1 và nhà xưởng số 3, lô CN10, Khu công nghiệp Yên Phong (Khu mở rộng), xã Yên Trung và xã Thụy Hòa, huyện Yên Phong, tỉnh Bắc Ninh",Công ty TNHH Lingyi Việt Nam,03-05-2024,Hết hạn
2695,DTM,Dự án Nhà máy thủy điện Đa Nhim Thượng 2,"tại xã Đạ Chais, huyện Lạc Dương, tỉnh Lâm Đồng",Công ty Thủy điện Đa Nhim Thượng 2,03-05-2024,Hết hạn
2696,DTM,“Dự án Công ty TNHH Simplo Technology (Việt Nam)”,"tại Lô CNSG-07, KCN Vân Trung, thị xã Việt Yên và Lô CN-08, KCN Hòa Phú, huyện Hiệp Hòa, tỉnh Bắc Giang",Công ty TNHH Simplo Technology (Việt Nam),03-05-2024,Hết hạn
2697,DTM,Dự án: Nhà máy xử lý rác thải tập trung huyện Phù Cừ,"tại thôn Đông Cáp, xã Đoàn Đào, huyện Phù Cừ, tỉnh Hưng Yên",Công ty TNHH môi trường Huy Anh,03-05-2024,Hết hạn
2702,DTM,Đầu tư xây dựng Khu đô thị Đại học Nam Cao địa phận thị xã Duy Tiên,"Xã Tiên Ngoại, phường Hoàng Đông, phường Tiên Nội, thị xã Duy Tiên, tỉnh Hà Nam",Công ty TNHH Khu đô thị mới Duy Tiên,03-05-2024,Hết hạn
2903,DTM,SeAH M&S Việt Nam,"Lô đất F4, KCN CS Phú Mỹ 3, phường Phước Hoà, thị xã Phú Mỹ, tỉnh Bà Rịa - Vũng Tàu",Công ty TNHH SEAH M&S Việt Nam,01-05-2024,Hết hạn
2680,DTM,"Dự án: “Khai thác mỏ đá vôi làm nguyên liệu sản xuất xi măng của Nhà máy xi măng Long Sơn tại xã Hà Vinh, huyện Hà Trung""","xã Hà Vinh, huyện Hà Trung, tỉnh Thanh Hóa",Công ty TNHH Long Sơn,26-04-2024,Hết hạn
2681,DTM,Công ty TNHH Simplo Technology (Việt Nam),"KCN Hòa Phú, huyện Hiệp Hòa, KCN Vân Trung, thị xã Việt Yên, tỉnh Bắc Giang.",Công ty TNHH Simplo Technology (Việt Nam),26-04-2024,Hết hạn
2682,DTM,Dự án Hệ thống cấp nước chuỗi đô thị Sơn Tây - Hòa Lạc - Xuân Mai - Miếu Môn - Hà Nội - Hà Đông,"Thành phố Hòa Bình, tỉnh Hòa Bình; các huyện Quốc Oai, Thạch Thất, Hoài Đức và quận Nam Từ Liêm, thành phố Hà Nội",Công ty Cổ phần Đầu tư Nước sạch Sông Đà,26-04-2024,Hết hạn
2689,DTM,Dự án “Nâng công suất Nhà máy chế biến thuỷ sản Thanh Bình Đồng Tháp (từ 37.750 tấn sản phẩm/năm lên 50.333 tấn sản phẩm/năm)”,"Lô số 1, Đường số 2, Cụm công nghiệp Thanh Bình, xã Bình Thành, huyện Thanh Bình, tỉnh Đồng Tháp",Công ty TNHH MTV Thanh Bình Đồng Tháp,26-04-2024,Hết hạn
2690,DTM,"Dự án: Khu công viên nghĩa trang sinh thái xã Đông Hưng, huyện Lục Nam","Thôn Cai Vàng, xã Đông Hưng, huyện Lục Nam, tỉnh Bắc Giang",Công ty Cổ phần công viên tâm linh Tâm Điền - Tây Yên Tử,26-04-2024,Hết hạn
2691,DTM,Dự án “Nhà máy gia công và sản xuất sản phẩm kim loại Hailiang (Việt Nam)”,"tại Lô 114-115-120, đường C, Khu chế xuất và công nghiệp Linh Trung III, phường An Tịnh, Thị xã Trảng Bàng, tỉnh Tây Ninh",Công ty TNHH Sản phẩm Ngũ Kim Hailiang,26-04-2024,Hết hạn
2671,DTM,Nhà máy sản xuất linh kiện điện tử Shen Ming Việt Nam,"Lô 28, đường Đ.10, Khu công nghiệp Châu Đức, xã Nghĩa Thành, huyện Châu Đức, tỉnh Bà Rịa – Vũng Tàu",Công ty TNHH Shen Ming Việt Nam,25-04-2024,Hết hạn
2672,DTM,Dự án “Công ty trách nhiệm hữu hạn Aureole BCD”,"KCN Long Bình (Loteco), phường Long Bình, thành phố Biên Hòa, tỉnh Đồng Nai",Công ty TNHH Aureole BCD,25-04-2024,Hết hạn
2673,DTM,Dự án “Chuyển đổi công nghệ đốt rác phát điện công suất 3.000 tấn/ngày tại Khu liên hợp Xử lý Chất thải Đa Phước”,"Xã Đa Phước, Huyện Bình Chánh, Thành phố Hồ Chí Minh",Công ty TNHH Xử lý Chất thải Việt Nam,25-04-2024,Hết hạn
2674,DTM,"Dự án “Phát triển nông thôn thích ứng với thiên tai, tỉnh Lào Cai sử dụng vốn vay Nhật Bản”","thuộc địa bàn 6 huyện/thị xã: Bảo Thắng, Bát Xát, Văn Bàn, Bắc Hà, Si Ma Cai và Thị xã Sa Pa",Ban Quản lý dự án ODA và Đầu tư xây dựng tỉnh Lào Cai,25-04-2024,Hết hạn
2677,DTM,Dự án Nhà máy điện rác Ninh Bình,"Thôn 1, xã Đông Sơn, thành phố Tam Điệp, tỉnh Ninh Bình",Công ty cổ phần Năng lượng xanh SUS Ninh Bình,25-04-2024,Hết hạn
2670,DTM,"“Dự án Đầu tư xây dựng và Kinh doanh cơ sở hạ tầng Khu công nghiệp Cây Trường, quy mô: 7.000.029 m2”","Thị trấn Lai Uyên và xã Cây Trường II, huyện Bàu Bàng, tỉnh Bình Dương",Tổng Công ty Đầu tư và Phát triển Công nghiệp - CTCP,24-04-2024,Hết hạn
2667,DTM,“Dự án nhà máy Kyocera Avx Components Bắc Giang”,"Lô CN-07, KCN Vân Trung, phường Vân Trung, thị xã Việt Yên, tỉnh Bắc Giang",Công ty TNHH Kyocera Avx Components (Bắc Giang),23-04-2024,Hết hạn
2668,DTM,"Dự án đầu tư ""Công ty TNHH Risound Electronics Việt Nam""","Lô B2-3 Khu công nghiệp Cộng hòa, phường Cộng Hòa, thành phố Chí Linh, tỉnh Hải Dương",Công ty TNHH Risound Electronics Việt Nam,23-04-2024,Hết hạn
2669,DTM,Dự án “Kế hoạch phát triển mỏ Bạch Hổ Lô 09-1 điều chỉnh năm 2024 - Khu vực Tây Nam”,"Lô 09-1, ngoài khơi Tây Nam Việt Nam",Liên doanh Việt – Nga Vietsovpetro (Vietsovpetro),23-04-2024,Hết hạn
2644,DTM,"Dự án: “Phát triển nhà ở Khu đô thị mới tại xã Tân Bình và phường Tiền Phong, thành phố Thái Bình""","xã Tân Bình và phường Tiền Phong, thành phố Thái Bình, tỉnh Thái Bình",Công ty TNHH Thăng Long,22-04-2024,Hết hạn
2641,DTM,Dự án: “Nhà máy Radiant Opto – Electronics Việt Nam Nghệ An”,"Số 8, đường số 12 (địa điểm 1) và Số 3, đường Độc Lập (địa điểm 2)  Khu công nghiệp VSIP Nghệ An, xã Hưng Đạo, huyện Hưng Nguyên, tỉnh Nghệ An",Công ty TNHH Radiant Opto – Electronics Việt Nam Nghệ An,21-04-2024,Hết hạn
2642,DTM,Dự án “Doanh trại Trung đoàn bộ binh 8/Sư đoàn 395/Quân khu 3 (giai đoạn 1,"Xã Nam Tiến và xã Bình Minh, huyện Nam Trực tỉnh Nam Định",Quân khu 3,21-04-2024,Hết hạn
2637,DTM,"Dự án đầu tư nâng công suất khai thác sa khoáng titan – zircon mỏ Thiện Ái 2 tại xã Hoà Thắng, huyện Bắc Bình, tỉnh Bình Thuận. Công suất khai thác từ 3.186,93 tấn/năm lên 10.000 tấn/năm","xã Hòa Thắng, huyện Bắc Bình, tỉnh Bình Thuận",Công ty TNHH Thương mại Đức Cảnh,19-04-2024,Hết hạn
2638,DTM,Dự án Thủy điện Nậm Ma 1A,"xã Mù Cả, huyện Mường Tè, tỉnh Lai Châu.",Công ty Cổ phần đầu tư thủy điện Nậm Ma 1A,19-04-2024,Hết hạn
2639,DTM,"Dự án Đầu tư, cải tạo lại khu điều trị nghiện ma túy tại huyện Xuyên Mộc","tại ấp Phú Thiện, xã Hòa Hiệp, huyện Xuyên Mộc, tỉnh Bà Rịa – Vũng Tàu",Sở Lao động - Thương binh và Xã hội tỉnh Bà Rịa - Vũng Tàu,19-04-2024,Hết hạn
2640,DTM,Dự án Nhà máy Optrotec Vina – Chi nhánh Bình Xuyên,"KCN Bình Xuyên, xã Sơn Lôi, huyện Bình Xuyên, tỉnh Vĩnh Phúc.",Công ty TNHH Optrontec Vina – Chi nhánh Bình Xuyên,19-04-2024,Hết hạn
2628,DTM,Dự án Doanh trại Trung đoàn Bộ Binh 2/Sư đoàn Bộ binh 395/Quân khu 3,"xã Bình Khê, thị xã Đông Triều, tỉnh Quảng Ninh",Quân khu 3,17-04-2024,Hết hạn
2632,DTM,Dự án đầu tư xây dựng tuyến đường cao tốc Ninh Bình - Hải Phòng đoạn qua tỉnh Nam Định và Thái Bình theo phương thức đối tác công tư,Tỉnh Nam Định và Thái Bình,Nhà đầu tư: Tập đoàn Geleximco – Công ty CP,17-04-2024,Hết hạn
2633,DTM,"Dự án “Nhà máy xử lý rác thải Tây Ninh (điều chỉnh)""","ấp Tân Lộc, xã Tân Hưng, huyện Tân Châu, tỉnh Tây Ninh",Công ty Cổ phần Công nghệ Môi trường Tây Ninh,17-04-2024,Hết hạn
2634,DTM,"Dự án ""Mở rộng nhà máy nước Chơn Thành giai đoạn 3, công suất tăng thêm 29.500 m³/ngày.đêm (thuộc Dự án Xây dựng Hệ thống cấp nƣớc sạch Khu liên hợp công nghiệp và đô thị Becamex Bình Phước; Trung tâm hành chính huyện Hớn Quản và vùng lân cận; Trung tâm hành chính Thị xã Bình Long và Khu dân cư Hoàng Mai)""","phường Thành Tâm, thị xã Chơn Thành, tỉnh Bình Phước",Công ty CP - Tổng Công ty Nước - Môi trường Bình Dương,17-04-2024,Hết hạn
2636,DTM,Dự án “Nhà máy sản xuất hạt nhựa Polypropylene Phú Mỹ (điều chỉnh)”,"Lô 11CN, 12CN và 13CN, Khu công nghiệp Cái Mép, xã Tân Phước, thị xã Phú Mỹ, tỉnh Bà Rịa – Vũng Tàu.",Công ty Cổ phần Sản xuất nhựa Phú Mỹ,17-04-2024,Hết hạn
2613,DTM,Dự án đầu tư xây dựng Khu đô thị sinh thái Bắc Châu Giang (PL-ĐT13.22),"phường Lam Hạ và xã Tiên Hiệp, xã Tiên Hải, thành phố Phủ Lý, tỉnh Hà Nam",Liên danh Công ty cổ phần Mặt Trời Thanh Hóa – Công ty TNHH Đầu tư Tây Bắc; Đại diện chủ đầu tư: Công ty cổ phần Mặt Trời Thanh Hóa,16-04-2024,Hết hạn
2614,DTM,"Dự án “Nhà máy JYT (VietNam) Tech” tại lô CN02, KCN Thái Hà giai đoạn I, huyện Lý Nhân, tỉnh Hà Nam","tại lô CN02, KCN Thái Hà giai đoạn I, huyện Lý Nhân, tỉnh Hà Nam",Công ty TNHH Công nghệ JYT (Việt Nam),16-04-2024,Hết hạn
2615,DTM,"""Dự án phát triển, sản xuất máy biến áp, cuộn cảm và bộ lọc điện tử Boulder”","tại Lô CN 03-03, Khu công nghiệp Cẩm Khê, thị trấn Cẩm Khê, huyện Cẩm Khê, tỉnh Phú Thọ",Công ty TNHH Khoa học kỹ thuật Boulder (Việt Nam),16-04-2024,Hết hạn
2616,DTM,"Dự án: Xây dựng cơ sở hạ tầng khu tái định cư di dời khẩn cấp cho nhân dân thị trấn Mường Xén và xã Tà Cạ, huyện Kỳ Sơn (giai đoạn 1)","xã Tà Cạ, huyện Kỳ Sơn, tỉnh Nghệ An",Ủy ban nhân dân huyện Kỳ Sơn,16-04-2024,Hết hạn
2617,DTM,"Dự án: Xây dựng cơ sở hạ tầng khu tái định cư di dời khẩn cấp cho nhân dân thị trấn Mường Xén và xã Tà Cạ, huyện Kỳ Sơn (giai đoạn 2)","xã Tà Cạ, huyện Kỳ Sơn, tỉnh Nghệ An",Ủy ban nhân dân huyện Kỳ Sơn,16-04-2024,Hết hạn
2618,DTM,"Dự án Khu neo, chuyển tải Nam Cát Bà",tại phía Nam đảo Cát Bà nằm trong vùng nước cảng biển do cảng vụ Hàng hải Hải Phòng quản lý,Công ty cổ phần Dịch vụ - Vận tải biển Hải Vân,16-04-2024,Hết hạn
2610,DTM,Dự án “Nhà máy sản xuất thiết bị điện và phụ kiện đèn LED Bình Dương”,"Số 17A đường số 4, khu công nghiệp Việt Nam - Singapore, phường Bình Hòa, thành phố Thuận An, tỉnh Bình Dương",Chi nhánh Công ty TNHH Công nghệ Eastfield (Việt Nam),15-04-2024,Hết hạn
2611,DTM,Dự án “Nhà máy sản xuất linh kiện điện tử Amphenol Jet”,"Khu công nghiệp Hòa Phú, huyện Hiệp Hòa, tỉnh Bắc Giang",Công ty TNHH Amphenol Jet (Việt Nam),15-04-2024,Hết hạn
2612,DTM,"Dự án “Xây dựng hạ tầng kỹ thuật Cụm công nghiệp Dương Liễu, Giai đoạn 2 - huyện Hoài Đức, thành phố Hà Nội”","Xã Minh Khai, huyện Hoài Đức, thành phố Hà Nội.",Công ty Cổ phần Tập đoàn Minh Dương,15-04-2024,Hết hạn
2592,DTM,“Dự án đầu tư xây dựng và kinh doanh hạ tầng cụm công nghiệp Ninh An”,"xã Vũ Ninh và xã Vũ An, huyện Kiến Xương, tỉnh Thái Bình",Công ty Cổ phần Sợi EIFFEL,12-04-2024,Hết hạn
2594,DTM,"Dự án ""Cải tạo, nâng cấp đường liên xã Húc Động - Đồng Văn, Cao Ba Lanh kết nối đến Quốc lộ 18C, huyện Bình Liêu (dự án điều chỉnh)""","Hoành Mô, xã Húc Động, xã Đồng Văn, huyện Bình Liêu, tỉnh Quảng Ninh.",Ban QLDA đầu tư xây dựng huyện Bình Liêu,12-04-2024,Hết hạn
2595,DTM,"Dự án “Đường giao thông liên vùng kết nối đường Hồ Chí Minh với quốc lộ 70B, quốc lộ 32C tỉnh Phú Thọ đi tỉnh Yên Bái”","huyện Hạ Hòa, Tam Nông và Cẩm Khê, tỉnh Phú Thọ",Sở Giao thông vận tải tỉnh Phú Thọ,12-04-2024,Hết hạn
2596,DTM,"“Dự án sản xuất và kinh doanh các loại máy in, máy fax, các thiết bị điện tử và đa chức năng, các loại phụ kiện, phụ tùng thay thế, bộ phận, chi tiết cho các sản phẩm trên” (Điều chỉnh, nâng công suất)","Lô đất CN2-4, KCN Tân Trường, xã Tân Trường, huyện Cẩm Giàng, tỉnh Hải Dương",Công ty TNHH Công nghiệp Brother Việt Nam,12-04-2024,Hết hạn
2598,DTM,"Xây dựng cầu Hải Hưng qua sông Chanh, kết nối hai tỉnh Hưng Yên và Hải Dương.","xã Minh Tân, huyện Phù Cừ, tỉnh Hưng Yên và xã Đoàn Kết, huyện Thanh Miện, tỉnh Hải Dương",Sở Giao thông vận tải tỉnh Hưng Yên,12-04-2024,Hết hạn
2599,DTM,"Xây dựng hệ thống cấp nước thô Bỉm Sơn, tỉnh Thanh Hóa tại huyện Hà Trung và thị xã Bỉm Sơn","tại huyện Hà Trung và thị xã Bỉm Sơn, tỉnh Thanh Hóa",Tổng công ty đầu tư xây dựng và thương mại Anh Phát - Công ty cổ phần,12-04-2024,Hết hạn
2588,DTM,Dự án “Nhà máy VSIP 3 - Công ty TNHH Kiswire Việt Nam”,"xã Tân Lập, huyện Bắc Tân Uyên, tỉnh Bình Dương",Công ty TNHH Kiswire Việt Nam,10-04-2024,Hết hạn
2589,DTM,Dự án “Công ty TNHH Techtronic Tools (Việt Nam) ”,"Lô I-14.5, đường D14, Khu Công nghệ cao, phường Tăng Nhơn Phú B, thành phố Thủ Đức, Thành phố Hồ Chí Minh và Lô E4-1, Đường D1, Khu Công nghệ cao, phường Long Thạnh Mỹ, thành phố Thủ Đức, Thành phố Hồ Chí Minh",Công ty TNHH Techtronic Tools (Việt Nam),10-04-2024,Hết hạn
2590,DTM,"Dự án “Khu chợ và khu dân cư Dân Xuân tại thị trấn Hiệp Phước, huyện Nhơn Trạch”","thị trấn Hiệp Phước, huyện Nhơn Trạch, tỉnh Đồng Nai",Công ty Cổ phần Bất động sản Dân Xuân,10-04-2024,Hết hạn
2586,DTM,"Dự án: Đường nối từ Tỉnh lộ 342 đến Quốc lộ 279 qua trung tâm xã Sơn Dương, thành phố Hạ Long, tỉnh Quảng Ninh","Xã Sơn Dương, thành phố Hạ Long, tỉnh Quảng Ninh.",Ban QLDA đầu tư xây dựng thành phố Hạ Long,09-04-2024,Hết hạn
2582,DTM,"Dự án Khu đô thị mới Tây Nam, thành phố Việt Trì giai đoạn 1","phường Minh Nông, thành phố Việt Trì, tỉnh Phú Thọ",Công ty cổ phần đầu tư Bất động sản Toàn Cầu,08-04-2024,Hết hạn
2583,DTM,Dự án “Thành lập nhà xưởng mới VSO Hà Nội Việt Nam”,"tại Lô đất CN02, Khu công nghiệp hỗ trợ Nam Hà Nội giai đoạn I, huyện Phú Xuyên, Hà Nội",Công ty TNHH điện tử VSOVN (Hà Nội),08-04-2024,Hết hạn
2584,DTM,Khu tái định cư Nam Tân Tập,"Xã Tân Tập, huyện Cần Giuộc, tỉnh Long An.",Công ty TNHH Saigontel Long An,08-04-2024,Hết hạn
2587,DTM,Dự án “Nhà máy sản xuất giấy bao bì Miza Nghi Sơn (điều chỉnh)”,"Khu công nghiệp số 5 thuộc Khu kinh tế Nghi Sơn, xã Trường Lâm, thị xã Nghi Sơn, tỉnh Thanh Hóa",Công ty TNHH Miza Nghi Sơn,08-04-2024,Hết hạn
2575,DTM,"Dự án Đường nối từ Tỉnh lộ 342 đến Quốc lộ 279 qua trung tâm xã Sơn Dương, thành phố Hạ Long, tỉnh Quảng Ninh","Xã Sơn Dương, thành phố Hạ Long, tỉnh Quảng Ninh",Ban Quản lý dự án đầu tư xây dựng thành phố Hạ Long,05-04-2024,Hết hạn
2576,DTM,Dự án gia công sản xuất Chee Yuen,"Một phần Lô đất CN1, Khu công nghiệp An Dương, xã Hồng Phong, huyện An Dương, thành phố Hải Phòng",Công ty TNHH công nghiệp điện tử Chee Yuen (Việt Nam),05-04-2024,Hết hạn
2577,DTM,Dự án Nhà máy chế biến tinh bột sắn BHL Điện Biên,"Thôn Tân Ngam và thôn Pá Ngam 2, xã Núa Ngam, huyện Điện Biên, tỉnh Điện Biên",Công ty Cổ phần chế biến nông sản BHL Điện Biên,05-04-2024,Hết hạn
2578,DTM,“Dự án DOT Lighting Việt Nam”,"Lô CN-50.2, KCN Thuận Thành II, phường An Bình, thị xã Thuận Thành, tỉnh Bắc Ninh,",Công ty TNHH DOT Lighting Việt Nam,05-04-2024,Hết hạn
2579,DTM,"Dự án “Đầu tư xây dựng tuyến đường bộ song hành đường Vành đai 5 - Vùng Thủ đô Hà Nội (giai đoạn 1), đoạn từ nút giao kết nối với QL.21B (phía bờ hữu sông Nhuệ) đến nút giao với đường Lê Công Thanh Giai đoạn 3 (đường 68m) và 1 bên đoạn từ nút giao Phú Thứ đến nút giao với đường nối hai cao tốc tại xã Bình Nghĩa, huyện Bình Lục”","Dự án đi qua các huyện Kim Bảng, Duy Tiên, Phủ Lý và Bình Lục, tỉnh Hà Nam",Ban Quản lý dự án đầu tư xây dựng tỉnh Hà Nam,05-04-2024,Hết hạn
2580,DTM,“Dự án đầu tư nuôi lợn công nghệ cao”,"xã Phủ Lý, huyện Phú Lương, tỉnh Thái Nguyên",Công ty cổ phần nông nghiệp công nghệ cao Thành Công,05-04-2024,Hết hạn
2581,DTM,“Dự án điện tử Công ty TNHH Công nghệ G.Tech Việt Nam”,"Nhà xưởng số 1, nhà xưởng số 3 cùng hệ thống các công trình phụ trợ khác thuê lại của Công ty TNHH Đầu tư Feng Xu Việt Nam tại Lô đất L5.2, L5.3, L5.4, L5.5A Khu công nghiệp Đồ Sơn Hải Phòng, quận Đồ Sơn, Thành phố Hải Phòng",Công ty TNHH G.Tech Technology Việt Nam,05-04-2024,Hết hạn
2635,DTM,"""Dự án thành lập Công ty TNHH Điện tử Longcheer Meiko Việt Nam”","tại Lô 37-2, khu công nghiệp Quang Minh, huyện Mê Linh, thành phố Hà Nội.",Công ty TNHH Điện tử Longcheer Meiko Việt Nam,05-04-2024,Hết hạn
2574,DTM,“Dự án STN Vina”,"Một phần diện tích lô CN-03, Cụm công nghiệp Nham Sơn – Yên Lư, thị trấn Nham Biền và xã Yên Lư, huyện Yên Dũng, tỉnh Bắc Giang",Công ty TNHH STN Vina,03-04-2024,Hết hạn
2568,DTM,Dự án “Nhà máy Công ty TNHH Công nghệ UNI-TREND (Việt Nam)”,"Nhà xưởng RBF.E & RBF.F, Lô D, Khu Công nghiệp Thuận Thành III, phân Khu B, phường Gia Đông, thị xã Thuận Thành, tỉnh Bắc Ninh",Công ty TNHH Công nghệ UNI-TREND (Việt Nam),02-04-2024,Hết hạn
2569,DTM,Dự án Segi Việt Nam,"Lô C2-2, KCN Bá Thiện II, xã Thiện Kế, huyện Bình Xuyên, tỉnh Vĩnh Phúc",Công ty TNHH Segi Việt Nam,02-04-2024,Hết hạn
2570,DTM,Dự án “Nhà máy Công ty TNHH Tricore Industries Việt Nam”,"Lô B_4B7_CN, KCN Mỹ Phước 3, phường Thới Hòa, thị xã Bến Cát, tỉnh Bình Dương",Công ty TNHH Tricore Industries Việt Nam,02-04-2024,Hết hạn
2571,DTM,"Dự án ""Nhà máy Electronic Tripod Việt Nam (Châu Đức) (công suất 372.000 m2/năm, tương đương 1.800 tấn sản phẩm/năm)","Lô 40, đường Đ.10, KCN Châu Đức, xã Nghĩa Thành, huyện Châu Đức, tỉnh Bà Rịa - Vũng Tàu",Tập đoàn Công nghệ Tripod,02-04-2024,Hết hạn
2572,DTM,"Dự án Đường giao thông phục vụ quốc phòng - an ninh biên giới, đoạn nối từ đường Mường Xén - Ta Đo - Khe Kiền lên đường tuần tra biên giới, huyện Kỳ Sơn, tỉnh Nghệ An","xã Nậm Càn, huyện Kỳ Sơn, tỉnh Nghệ An",Bộ chỉ huy quân sự tỉnh Nghệ An,02-04-2024,Hết hạn
2567,DTM,Dự án “Đầu tư chăn nuôi lợn công nghệ cao”,"xã Tân An, huyện Văn Bàn, tỉnh Lào Cai",Công ty Cổ phần đầu tư chăn nuôi công nghệ cao Quang Minh,01-04-2024,Hết hạn
2560,DTM,Dự án thành phần 2: Đầu tư xây dựng cầu Thượng Cát và đường hai đầu cầu”,Quận Bắc Từ Liêm và huyện Đông Anh.,Ban Quản lý dự án đầu tư xây dựng công trình giao thông thành phố Hà Nội,31-03-2024,Hết hạn
2561,DTM,"Dự án: “Khu công viên văn hoá - vui chơi giải trí, thể thao quận Hà Đông”","Phường Hà Cầu, Phường Kiến Hưng, quận Hà Đông, thành phố Hà Nội.",Ban Quản lý dự án đầu tư xây dựng quận Hà Đông,31-03-2024,Hết hạn
2563,DTM,"Dự án Mở rộng, nâng cấp khu Bãi Gõ và Bãi Đất, mỏ vàng Đăk Sa, huyện Phước Sơn, tỉnh Quảng Nam","Xã Phước Đức và xã Phước Năng, huyện Phước Sơn, tỉnh Quảng Nam",Công ty TNHH Vàng Phước Sơn,31-03-2024,Hết hạn
2565,DTM,"Dự án“ Khai thác hầm lò mở rộng, xuống sâu mỏ Tây Bắc Khe Chàm”","phường Mông Dương, thành phố Cẩm Phả, tỉnh Quảng Ninh",Tổng Công ty Đông Bắc; Đại diện chủ Dự án: Công ty 790 - Chi nhánh Tổng Công ty Đông Bắc,31-03-2024,Hết hạn
2559,DTM,Dự án “Nhà máy công ty TNHH Huatex Việt Nam”,"tại Đường số 6, KCN Nhơn Trạch 6, xã Long Thọ, Huyện Nhơn Trạch, tỉnh Đồng Nai",Công ty TNHH Huatex Việt Nam,30-03-2024,Hết hạn
2591,DTM,Dự án đường cao tốc thành phố Hồ Chí Minh - Thủ Dầu Một - Chơn Thành - đoạn qua tỉnh Bình Dương theo phương thức đối tác công tư (PPP),"Qua địa giới hành chính các huyện, thành phố: Thuận An, Tân Uyên, Bắc Tân Uyên, Phú Giáo, Bàu Bàng thuộc địa bàn tỉnh Bình Dương",Công ty Cổ phần Tập đoàn Đèo Cả,30-03-2024,Hết hạn
2550,DTM,Dự án Đường phát triển vùng Đồng Tháp Mười (giai đoạn 1),"Huyện Châu Thành, huyện Tân Phước, tỉnh Tiền Giang",Ban Quản lý dự án đầu tư xây dựng công trình giao thông tỉnh Tiền Giang,29-03-2024,Hết hạn
2551,DTM,Dự án Seyoung Vina,"Khu công nghiệp Nam Đình Vũ (Khu 2) thuộc Khu kinh tế Đình Vũ – Cát Hải, phường Đông Hải 2, quận Hải An, thành phố Hải Phòng",Công ty TNHH Seyoung Việt Nam,29-03-2024,Hết hạn
2548,DTM,Dự án Nhà máy sản xuất văn phòng phẩm của Công ty hữu hạn tập đoàn Deli tại Việt Nam,"Lô XN15A, Khu công nghiệp Đại An mở rộng, thị trấn Lai Cách, huyện Cẩm Giàng, tỉnh Hải Dƣơng",Công ty TNHH Công nghệ văn phòng Deli Việt Nam,28-03-2024,Hết hạn
2549,DTM,Dự án: “Nhà máy Wieson Technologise (Việt Nam)”,"Lô đất CN05.1 và CN05.4 KCN số 05, Xã Quảng Lãng, Huyện Ân Thi, Tỉnh Hưng Yên",Công ty TNHH Wieson Technologies (Việt Nam),28-03-2024,Hết hạn
2545,DTM,Dự án “Nâng công suất nhà máy phân bón Con Cò Vàng từ 18.000 tấn sản phẩm/năm lên 999.000 tấn sản phẩm/năm”,"tại lô 5, đường số 1, KCN Gò Dầu, xã Phước Thái, huyện Long Thành, tỉnh Đồng Nai",Công ty TNHH Con Cò Vàng – Chi nhánh Gò Dầu,27-03-2024,Hết hạn
2546,DTM,Dự án “Đầu tư xây dựng và kinh doanh kết cấu hạ tầng khu công nghiệp Prodezi”,"xã Lương Hòa và xã Tân Hòa, huyện Bến Lức, tỉnh Long An",Công ty Cổ phần Prodezi Long An,27-03-2024,Hết hạn
2540,DTM,"Dự án nâng cấp, mở rộng một số cầu, hầm trên đường Quốc lộ 1 (các cầu Xương Giang, Gianh, Quán Hầu và  hầm Đèo Ngang)","đi qua thành phố  Bắc Giang, thị xã Ba Đồn,  huyện Bố Trạch, huyện Quảng Ninh và huyện Quảng Trạch, tỉnh Quảng Bình và thị xã Kỳ An, tỉnh Hà Tĩnh",Ban Quản lý dự án đường sắt,26-03-2024,Hết hạn
2541,DTM,Dự án “Nhà máy sản xuất linh kiện loa và tai nghe”,"Khu công nghiệp Đông Mai, thị xã Quảng Yên, tỉnh Quảng Ninh",Công ty TNHH Kỹ thuật điện tử Pully Việt Nam,26-03-2024,Hết hạn
2542,DTM,"Dự án “Khu đô thị số 6, thị trấn Đồi Ngô”","Thị trấn Đồi Ngô và xã Chu Điện, huyện Lục Nam, tỉnh Bắc Giang.",Công ty Cổ phần Đầu tư Địa ốc Gia Bình,26-03-2024,Hết hạn
2544,DTM,"Dự án ""Nhà máy SeAH M&S Việt Nam""","tại Lô F4, KCN CS Phú Mỹ 3, phường Phước Hòa, thị xã Phú Mỹ, tỉnh Bà Rịa- Vũng Tàu",Công ty TNHH SeAH M&S Việt Nam,26-03-2024,Hết hạn
2543,DTM,"Dự án “Khu nhà ở Thanh Niên” tại xã Phước Lộc, huyện Nhà Bè","Xã Phước Lộc, Huyện Nhà Bè, TP.HCM",Công ty Cổ phần Xây dựng Thanh Niên,25-03-2024,Hết hạn
2523,DTM,"Dự án: Đầu tư cơ sở hạ tầng khu công nghiệp Việt Hương 2, quy mô diện tích 250 ha (điều chỉnh ngành nghề thu hút đầu tư và nâng công suất hệ thống xử lý nước thải)","Khu công nghiệp Việt Hương 2, ấp 2, xã An Tây, thị xã Bến Cát, tỉnh Bình Dương",Công ty Cổ phần Đầu tư Phát triển Việt Hương,22-03-2024,Hết hạn
2524,DTM,Dự án “Nhà máy Viet Nam Sunergy Wafer”,"Lô CN3-12, KCN Minh Quang, phường Bạch Sam, thị xã Mỹ Hào, tỉnh Hưng Yên",Công ty Cổ phần Việt Nam Sunergy,22-03-2024,Hết hạn
2525,DTM,Dự án “Nhà máy Ket Vina - Thái Nguyên” (Điều chỉnh),"Lô CN5, khu công nghiệp Điềm Thụy, xã Điềm Thụy, huyện Phú Bình, tỉnh Thái Nguyên",Công ty TNHH Korea Electric Terminal VietNam,22-03-2024,Hết hạn
2526,DTM,"Dự án Nhà máy sản xuất Jiangsu Guotai, giai đoạn 2","Lô B13.3, đường N11, KCN Thành Thành Công, phường An Hoà, thị xã Trảng Bàng, tỉnh Tây Ninh",Công ty TNHH Hantex Group,22-03-2024,Hết hạn
2527,DTM,“Dự án Nhà máy của Siemens tại Bình Dương”,"số 2 đường số 10, Khu công nghiệp Việt Nam – Singapore, phường An Phú, thành phố Thuận An, tỉnh Bình Dương",Công ty TNHH Siemens,22-03-2024,Hết hạn
2528,DTM,Dự án thành phần 1: Dự án xây dựng Nâng cấp và làm mới đường Tỉnh lộ 6 - ĐT.651G (đoạn 2) thuộc Dự án Nâng cấp và làm mới đường Tỉnh lộ 6 - ĐT.651G (đoạn 2),"xã Ninh Thượng, xã Ninh An, xã Ninh Sơn thuộc thị xã Ninh Hòa và xã Vạn Hưng thuộc huyện Vạn Ninh",Ban Quản lý dự án đầu tư xây dựng các công trình giao thông tỉnh Khánh Hòa,22-03-2024,Hết hạn
2529,DTM,"Dự án thành phần 1: Dự án xây dựng Tuyến đường ven biển từ xã Vạn Lương, huyện Vạn Ninh đi thị xã Ninh Hòa thuộc Dự án Tuyến đường ven biển từ xã Vạn Lương, huyện Vạn Ninh đi thị xã Ninh Hòa","các xã Vạn Lương, Vạn Hưng, huyện Vạn Ninh và xã Ninh Thọ, phường Ninh Diêm, thị xã Ninh Hòa",Ban Quản lý Khu kinh tế Vân Phong,22-03-2024,Hết hạn
2521,DTM,IBE Laser Technology Company Limited.,"Lô CN-34 và CN-39, KCN Thuận Thành II, Phường An Bình và xã Mão Điền, thị xã Thuận Thành, tỉnh Bắc Ninh",Côn ty TNHH Công nghệ Laser IBE Việt Nam,20-03-2024,Hết hạn
2522,DTM,Dự án đầu tư xây dựng nhà máy nước sạch Đạo Lý,"tại xã Đạo Lý, xã Nguyên Lý – huyện Lý Nhân, tỉnh Hà Nam",Công ty Cổ phần nước sạch TDG Hà Nam,20-03-2024,Hết hạn
2519,DTM,Dự án”Nhà máy sản xuất Interflex & Korea Ciruit Vina”,"Lô CN03-02, Cụm công nghiệp Đồng Sóc, xã Vũ Di, huyện Vĩnh Tường, tỉnh Vĩnh Phúc",Công ty TNHH Korea Circuit Vina,19-03-2024,Hết hạn
2516,DTM,"Dự án “Trang trại chăn nuôi tập trung kết hợp trồng, sản xuất giống cây trồng, cây lâm nghiệp và cây dược liệu tại xã Xuân Hòa, huyện Như Xuân”","xã Xuân Hòa, huyện Như Xuân tỉnh Thanh Hóa",Công ty TNHH đầu tư và phát triển bất động sản Hoa Lư,18-03-2024,Hết hạn
2517,DTM,Dự án WHA industrial zone 1 Nghệ An,"Khu kinh tế Đông Nam Nghệ An, xã Nghi Thuận, xã Nghi Long, xã Nghi Đồng, xã Nghi Hưng, huyện Nghi Lộc, tỉnh Nghệ An",Công ty cổ phần WHA industrial zone,18-03-2024,Hết hạn
2520,DTM,"Dự án đầu tư xây dựng hạ tầng Cụm công nghiệp môi trường công nghệ cao Hòa Bình tại thôn Đồng Phú, xã Đồng Tâm, huyện Lạc Thủy, tỉnh Hòa Bình","thôn Đồng Phú, xã Đồng Tâm, huyện Lạc Thủy, tỉnh Hòa Bình",Công ty Cổ phần môi trường công nghệ cao Hòa Bình,18-03-2024,Hết hạn
2500,DTM,Dự án Đầu tư xây dựng và kinh doanh kết cấu hạ tầng Khu công nghiệp hỗ trợ Đồng Văn III phía Đông đường Cao tốc Cầu Giẽ - Ninh Bình,"các phường: Tiên Nội, Yên Bắc, Hòa Mạc và các xã: Tiên Ngoại, Yên Nam, thị xã Duy Tiên, tỉnh Hà Nam",Công ty cổ phần đầu tư bất động sản Taseco,13-03-2024,Hết hạn
2501,DTM,Dự án Đầu tư xây dựng công trình Nâng cấp tuyến luồng Cái Mép - Thị Vải từ phao số “0” vào khu bến cảng công ten nơ Cái Mép,"thuộc địa phận huyện Cần Giờ - Thành Phố Hồ Chí Minh; Thị xã Phú Mỹ - tỉnh Bà Rịa Vũng Tàu; huyện Nhơn Trạch, huyện Long Thành - tỉnh Đồng Nai",Ban Quản lý dự án Hàng hải,13-03-2024,Hết hạn
2502,DTM,Dự án Dowooinsys Vina,"Lô CN9, Khu công nghiệp Sông Công lI, xã Tân Quang, thành phố Sông Công, tỉnh Thái Nguyên",Công ty TNHH Dowooinsys Vina,13-03-2024,Hết hạn
2503,DTM,Dự án Tấm silic đơn tinh thể và thanh Silic đơn tinh thể quang điện Gokin Solar Hải Hà Việt Nam.,"ô đất 03.05 – 03.06, một phần ô đất 03.04, 03.10, 03.11, 03.12 thuộc Lô CN 04, Khu công nghiệp Texhong Hải Hà, tỉnh Quảng Ninhô đất 03.05 – 03.06, một phần ô đất 03.04, 03.10, 03.11, 03.12 thuộc Lô CN 04, Khu công nghiệp Texhong Hải Hà, tỉnh Quảng Ninh",Công ty TNHH công nghệ GokinSolar (Việt Nam),13-03-2024,Hết hạn
2498,DTM,"Dự án Nâng cấp, sửa chữa hồ chứa nước Hòa Mỹ, huyện Phong Điền","huyện Phong Điền, tỉnh Thừa Thiên Huế",Công ty TNHH NN MTV QLKTCT thủy lợi Thừa Thiên Huế,12-03-2024,Hết hạn
2499,DTM,"Dự án Hệ thống cấp nước tại khu vực Bàu Bàng thuộc huyên Bàu Bàng, tỉnh Bình Dương, công suất 350.000m3/ngày đêm (giai đoạn 1:công suất 100.000m3/ngày đêm)","thị trấn Lai Uyên, xã Trừ Văn Thố, huyện Bàu Bàng, tỉnh Bình Dương",Công ty Cổ phần nước Thủ Dầu Một,12-03-2024,Hết hạn
2495,DTM,"Dự án ""Công ty TNHH Ecomax Vina""","Nhà xưởng B, Lô CN 13-1, Khu công nghiệp Yên Bình, Phường Bãi Bông, Thành phố Phổ Yên, tỉnh Thái Nguyên",Công ty TNHH Ecomax Vina,11-03-2024,Hết hạn
2496,DTM,Dự án Đầu tư khai thác phần dưới mức -50 mỏ than Hà Lầm - Công ty Than Hà Lầm,"phường Hà Lầm, phường Hà Trung và phường Hà Khánh, thành phố Hạ Long, tỉnh Quảng Ninh",Công ty Cổ phần Than Hà Lầm - Vinacomin,11-03-2024,Hết hạn
2497,DTM,"Dự án “Đầu tư khai thác đá hoa tại khu vực Nam núi Khau Ca, xã An Phú, huyện Lục Yên, tỉnh Yên Bái”","xã An Phú, huyện Lục Yên, tỉnh Yên Bái",Công ty TNHH đá cẩm thạch An Phú,11-03-2024,Hết hạn
2491,DTM,"Dự án ""Kế hoạch phát triển mỏ Thiên Nga – Hải Âu, Lô 12/11""","Lô 12/11, ngoài khơi Đông Nam Việt Nam",Zarubezhneft EP Vietnam B.V.,09-03-2024,Hết hạn
2492,DTM,Dự án Nhà máy Solex High-tech Industries (Việt Nam),"Lô CN1.2, Khu công nghiệp Bắc Tiền Phong, thị xã Quảng Yên, tỉnh Quảng Ninh",Công ty TNHH Solex High-tech Industries (Việt Nam),08-03-2024,Hết hạn
2493,DTM,"Nhà máy chế tạo các sản phẩm điện tử, phương tiện thiết bị mạng và các sản phẩm âm thanh đa phương tiện Goertek điện tử Việt Nam","lô đất CN12, Khu công nghiệp Nam Sơn - Hạp Lĩnh, phường Nam Sơn, phường Hạp Lĩnh, thành phố Bắc Ninh và xã Lạc Vệ, huyện Tiên Du, tỉnh Bắc Ninh",Công ty TNHH Goertek điện tử Việt Nam,08-03-2024,Hết hạn
2490,DTM,"Dự án “Cụm công nghiệp Sơn Đông""","xã Sơn Đông, thị xã Sơn Tây, thành phố Hà Nội",Công ty TNHH Một thành viên Vinaconex Đầu Tư,06-03-2024,Hết hạn
2487,DTM,"Dự án “Khu xử lý chất thải Quang Trung với diện tích 129,405 ha” (điều chỉnh, bổ sung hạng mục xử lý chất thải)","Tại xã Quang Trung, huyện Thống Nhất, tỉnh Đồng Nai",Công ty Cổ Phần Dịch vụ Sonadezi,05-03-2024,Hết hạn
2488,DTM,"Dự án “Nhà máy sản xuất, gia công các sản phẩm bằng kim loại công suất 178.600 tấn sản phẩm/năm (trong đó sản phẩm sản xuất có bao gồm công đoạn xi mạ 60.000 tấn sản phẩm/năm); sản xuất, gia công lưới thép hàn và uốn bẻ thép công suất 47.000 tấn sản phẩm/năm”","Đường N1,, KCN Dệt May Nhơn Trạch, xã Hiệp Phước, huyện Nhơn Trạch, tỉnh Đồng Nai",Công ty Cổ phần Công nghiệp QH Plus,05-03-2024,Hết hạn
2489,DTM,"Dự án đầu tư xây dựng tuyến Chợ Mới - Bắc Kạn, tỉnh Bắc Kạn","06 xã/phường, thuộc Huyện Chợ Mới và Thành phố Bắc Kạn",Ban Quản lý dự án 2,05-03-2024,Hết hạn
2485,DTM,Dự án “Nhà máy chế biến nông sản Luận Thành”,"xã Luận Thành và xã Xuân Cao, huyện Thường Xuân, tỉnh Thanh Hóa",Công ty Cổ phần lan Anh TD,04-03-2024,Hết hạn
2486,DTM,Dự án “Nhà máy KingClean Việt Nam”,"Lô 4.2 KCN CNC Long Thành, thị trấn Long Thành,  huyện Long Thành, tỉnh Đồng Nai.",Công ty TNHH KingClean Việt Nam,04-03-2024,Hết hạn
2476,DTM,Dự án LUXSHARE – ICT (Nghệ An) (Nâng công suất và bổ sung sản phẩm mới),"Khu công nghiệp VSIP Nghệ An, Xã Hưng Tây, Huyện Hưng Nguyên, Tỉnh Nghệ An",Công ty TNHH Luxshare – ICT (Nghệ An),03-03-2024,Hết hạn
2477,DTM,Dự án: Nhà máy sản xuất kim loại Đông Dương,"CN 10-1, CN 10-02, 10-3, CN10-4, CN 10-5, CN 10-06 cụm công nghiệp làng nghề Mẫn Xá, xã Văn Môn, huyện Yên Phong, tỉnh Bắc Ninh",Công ty TNHH sản xuất – kinh doanh kim loại Đông Dương,03-03-2024,Hết hạn
2479,DTM,Dự án đầu tư xây dựng nhà máy sản xuất linh kiện điện tử Heriglow,"Một phần lô CN16, CN17, Cụm công nghiệp Khánh Thƣợng, huyện Yên Mô, tỉnh Ninh Bình",Công ty TNHH Heriglow Technology,03-03-2024,Hết hạn
2475,DTM,Dự án: Trang trại chăn nuôi heo Đức Hoàn Bốn,"xã Ia Rsươm, huyện Krông Pa, tỉnh Gia Lai",Công ty TNHH Chăn nuôi Đức Hoàn Bốn,01-03-2024,Hết hạn
2480,DTM,"Dự án “Trang trại chăn nuôi heo Minh Thiện Bốn tại xã Ia Me, huyện Chư Prông, tỉnh Gia Lai”","xã Ia Me, huyện Chư Prông, tỉnh Gia Lai",Công ty TNHH Chăn nuôi Minh Thiện Bốn,01-03-2024,Hết hạn
2469,DTM,"Dự án Mentech” (Dự án mở rộng nhà xưởng sản xuất, nâng tổng công suất sản xuất từ 26.706.000 sản phẩm/năm lên 183.900.000 sản phẩm/năm)","khu công nghiệp Bình Xuyên, thị trấn Đạo Đức, huyện Bình Xuyên, tỉnh Vĩnh Phúc",Công ty Cổ phần Điện tử Mentech Việt Nam,27-02-2024,Hết hạn
2470,DTM,Dự án Nhà máy Layer System Vina”,"Lô CN5 tại đường G6, KCN Phố Nối A mở rộng diện tích 92,5ha, phường Bần Yên Nhân, thị xã Mỹ Hào, tỉnh Hưng Yên",Công ty TNHH Layer System Vina,27-02-2024,Hết hạn
2471,DTM,"Dự án “Đầu tư mở rộng khai thác đá hoa tại thôn 3 (Nà Hà) – nay là thôn Đồng Dân, xã An Phú, huyện Lục Yên, tỉnh Yên Bái (giai đoạn điều chỉnh)","thôn Đồng Dân, xã An Phú, huyện Lục Yên, tỉnh Yên Bái",Doanh nghiệp Tư nhân Dịch vụ sản xuất trồng rừng 327,27-02-2024,Hết hạn
2472,DTM,"Dự án Xây dựng Cụm công nghiệp Tam Linh, huyện Nga Sơn, tỉnh Thanh Hóa","xã Nga Văn và thị trấn Nga Sơn, huyện Nga Sơn, tỉnh Thanh Hóa",Công ty Cổ phần  đầu tư Hà Thành Nga Sơn,27-02-2024,Hết hạn
2473,DTM,Dự án “Nhà máy xử lý chất thải thông thường và nguy hại Vĩnh Tân (điều chỉnh)”,"Xã Vĩnh Tân, huyện Vĩnh Cửu, tỉnh Đồng Nai",Công ty Cổ phần Môi trường Thiên Thanh,27-02-2024,Hết hạn
2474,DTM,"Dự án: Khai thác mỏ quặng sắt Tà Pàn, xã Tri Lễ , huyện Quế Phong, tỉnh Nghệ An","xã Tri Lễ , huyện Quế Phong, tỉnh Nghệ An",Công ty TNHH Khoáng sản Hồng Công,27-02-2024,Hết hạn
2459,DTM,Công ty TNHH Trina Solar Cell (Viet Nam),"Lô CN-16, KCN Yên Bình, phường Hồng Tiến, thành phố Phổ Yên, tỉnh Thái Nguyên",Công ty TNHH Trina Solar Cell (Viet Nam),26-02-2024,Hết hạn
2460,DTM,Dự án thiết bị đầu cuối thông minh BOE Việt Nam Giai đoạn 2 tại tỉnh Bà Rịa - Vũng Tàu,"tại Lô M1, đường D2, Khu công nghiệp chuyên sâu Phú Mỹ 3, phường Phước Hòa, thị xã Phú Mỹ, tỉnh Bà Rịa – Vũng Tàu",Công ty TNHH Điện tử - nghe nhìn BOE Việt Nam,26-02-2024,Hết hạn
2445,DTM,Dự án “Nhà máy tinh bột sắn xuất khẩu”,"tại thôn 6, xã Ia Rvê, huyện Ea Súp, tỉnh Đắk Lắk",Công ty Cổ phần Fococev Việt Nam,23-02-2024,Hết hạn
2446,DTM,Dự án Nhà máy sản xuất tấm pin năng lượng mặt trời,"Khu công nghiệp Đa Ngành Triệu Sơn, Triệu Trạch, huyện Triệu Phong, thuộc KKT Đông Nam Quảng Trị",Công ty CP Đầu tư và Phát triển QV Solar,23-02-2024,Hết hạn
2447,DTM,"Dự án “Tu bổ, tôn tạo hạ tầng cảnh quan Khu Di tích lịch sử Đền Hùng”","Khu di tích lịch sử Đền Hùng, xã Hy Cương, thành phố Việt Trì, tỉnh Phú Thọ",Khu di tích lịch sử Đền Hùng,23-02-2024,Hết hạn
2449,DTM,Dự án Nhà máy sản xuất vải Billion Union Việt Nam,"xã Tân Trường, thị xã Nghi Sơn, tỉnh Thanh Hóa",Công ty Dệt Billion Union Thanh Hóa,23-02-2024,Hết hạn
2444,DTM,Dự án XDC Industries Việt Nam,"Nhà xưởng RBF.C4 thuê lại của Công ty TNHH Phát triển công nghiệp BW Đông Hải, Lô CN4-02, Khu phi thuế quan và Khu công nghiệp Nam Đình Vũ (Khu I), phường Đông Hải 2, quận Hải An, TP Hải Phòng",Công ty TNHH XDC Industries Việt Nam,21-02-2024,Hết hạn
2884,DTM,Dự án “Máy tính MITAC (Việt Nam)”,"Một phần lô đất CN02, Khu công nghiệp hỗ trợ Nam Hà Nội giai đoạn I, xã Đại xuyên, Huyện Phú Xuyên, Thành phố Hà Nội",Công ty TNHH Công nghệ MITAC (Việt Nam),19-02-2024,Hết hạn
2431,DTM,Dự án Omron Healthcare Việt Nam Tại Khu Công Nghiệp Việt Nam – Singapore II,"Số 28 VSIP II, đường số 2, Khu công nghiệp Việt Nam - Singapore II, phường Hòa Phú, thành phố Thủ Dầu Một, tỉnh Bình Dương",Công ty TNHH Omron Healthcare Manufacturing Việt Nam,07-02-2024,Hết hạn
2432,DTM,Dự án “Nhà máy công nghiệp Toyota Việt Nam” – nâng công suất,"Lô đất A1 và A2 của KCN Thăng Long II, huyện Yên Mỹ, tỉnh Hưng Yên",Công ty TNHH thiết bị công nghiệp Toyota Việt Nam,07-02-2024,Hết hạn
2433,DTM,"Dự án Đầu tư trụ sở cơ quan Thi hành án dân sự giai đoạn 2021 - 2025 trên địa bàn tỉnh Bình Định, Quảng Ngãi và tỉnh Phú Yên","trên địa bàn tỉnh Bình Định, Quảng Ngãi và tỉnh Phú Yên",Cục Thi hành án dân sự tỉnh Bình Định,07-02-2024,Hết hạn
2434,DTM,Dự án: “Đầu tư sản xuất vỏ điện thoại di động”,"Lô CN-09, Khu công nghiệp Điềm Thụy, huyện Phú Bình, tỉnh Thái Nguyên",Chi nhánh Công ty TNHH Intops Việt Nam tại Thái Nguyên,07-02-2024,Hết hạn
2435,DTM,Dự án linh kiện điện tử kiểu mới SunLord Việt Nam,"Nhà xưởng P-1.3 (thuê lại của Công ty cổ phần Thiên Bảo Hải Phòng), thuộc Lô P-1, Khu công nghiệp Tràng Duệ, xã An Hòa, huyện An Dương, thuộc Khu kinh tế Đình Vũ – Cát Hải, thành phố Hải Phòng",Công ty TNHH Điện tử Sunlord Việt Nam,07-02-2024,Hết hạn
2436,DTM,Dự án sản xuất bình ắc quy Xupai Power Việt Nam,"Lô B8.3 đường N12, KCN Thành Thành Công, phường An hòa, Thị Xã Trảng Bàng, tỉnh Tây Ninh",Công ty TNHH Xupai Power Việt Nam,07-02-2024,Hết hạn
2437,DTM,Dự án “Trang trại chăn nuôi khép kín Pô Kô”,"Thôn Kon Tu Dốp I, xã Pô Kô, huyện Đăk Tô, tỉnh Kon Tum",Công ty TNHH Ba Farm Pô Kô,07-02-2024,Hết hạn
2438,DTM,Dự án “Nhà máy Nosco Shipyard”,"thôn 4, xã Tiền Phong, thị xã Quảng Yên, tỉnh Quảng Ninh",Công ty cổ phần Nosco Shipyard,07-02-2024,Hết hạn
2439,DTM,"""Dự án Dee Van Electronics (VIETNAM) CO., LTD”","Ô số 01 Lô CN-05, Cụm công nghiệp Cẩm Thịnh, phường Cẩm Thịnh, thành phố Cẩm Phả, tỉnh Quảng Ninh",Công ty TNHH Dee Van Electronics Việt Nam,07-02-2024,Hết hạn
2422,DTM,Nam châm từ tính SGI,"Khu công nghiệp Bắc Chu Lai, xã Tam Hiệp, huyện Núi Thành, tỉnh Quảng Nam.",Công ty TNHH SGI Vina,06-02-2024,Hết hạn
2423,DTM,"Dư án: Khu đô thị và du lịch An Quang, huyện Phù Cát","xã Cát Khánh, huyện Phù Cát, tỉnh Bình Định",Công ty Cổ phần An Quang Holdings,06-02-2024,Hết hạn
2424,DTM,Dự án đầu tư “Thay thế dây chuyền cũ công suất 6.000 tấn/năm bằng dây chuyền sản xuất giấy công nghiệp mới công suất 95.000 tấn/năm” (Nâng tổng công suất từ 161.000 tấn/năm lên 250.000 tấn/năm),"Tổ 3, phường Quan Triều, thành phố Thái Nguyên, tỉnh Thái Nguyên",Công ty cổ phần giấy Hoàng Văn Thụ,06-02-2024,Hết hạn
2425,DTM,“Dự án Shinyang Metal Việt Nam”,"Lô XN3-1A và Lô XN3-1G1, Khu công nghiệp Đại An mở rộng, thị trấn Lai Cách, huyện Cẩm Giàng, tỉnh Hải Dương",Công ty TNHH ShinYang Metal Việt Nam,06-02-2024,Hết hạn
2426,DTM,"Dự án “Trang trại heo giống công nghệ cao DHA""","Xóm Món, Xã Hạ Sơn, huyện Quỳ Hợp, tỉnh Nghệ An",Công ty Cổ phần Nông nghiệp công nghệ cao DHA,06-02-2024,Hết hạn
2428,DTM,Dự án “Nhà máy sản xuất thiết bị chiếu sáng LED và linh kiện”,"Lô CN16.1, đường N1, KCN Châu Sơn, phường Lê Hồng Phong, TP.Phủ Lý, tỉnh Hà Nam",Công ty TNHH Công nghiệp V Power,06-02-2024,Hết hạn
2429,DTM,"Dự án “Nhà máy gia công cơ khí  sản xuất thỏi thép không gỉ và sản xuất thỏi inox, phôi inox, phôi thép từ tái chế phế liệu inox – nâng công suất từ 20.000 tấn/năm lên 60.000 tấn/năm (trong đó: 48.000 tấn/năm là hợp kim thép inox và 12.000 tấn/năm là Hợp kim Ferro)”","Lô G02, đường tỉnh 823B, Cụm công nghiệp Đức Thuận,  xã Mỹ Hạnh Bắc, huyện Đức Hòa, tỉnh Long An",Công ty Cổ phần Inox Diệu Thịnh,06-02-2024,Hết hạn
2430,DTM,"Dự án Khu dân cư, dịch vụ thương mại tại xã Thanh Hưng, xã Thanh Chăn, huyện Điện Biên, tỉnh Điện Biên (Khu A)","xã Thanh Hưng, xã Thanh Chăn, huyện Điện Biên, tỉnh Điện Biên",Công ty Cổ phần Danco Land,06-02-2024,Hết hạn
2440,DTM,"Dự án Nhà máy Synopex Yên Phong” – Mở rộng, bổ sung sản phẩm","Khu công nghiệp Yên Phong, xã Đông Phong và xã Long Châu, huyện Yên Phong, tỉnh Bắc Ninh",Công ty Cổ phần Synopex Việt Nam,06-02-2024,Hết hạn
2441,DTM,Dự án “Công trình nạo vét duy tu luồng hàng hải Hải Phòng năm 2023 (đoạn Lạch Huyện)”,"Các xã Đồng Bài, Phù Long, Hiền Hào, Xuân Đám, Trân Châu, thị trấn Cát Bà, thị trấn Cát Hải - Huyện Cát Hải - Thành phố Hải Phòng",Tổng công ty Bảo đảm an toàn hàng hải miền Bắc,06-02-2024,Hết hạn
2442,DTM,Dự án: “Cải thiện môi trường đô thị các thành phố loại 2 – Hợp phần tỉnh Đắk Nông”,"các phường: Nghĩa Đức, Nghĩa Trung, Nghĩa Thành, Nghĩa Tân, và xã Đắk Nia của thành phố Gia Nghĩa",Uỷ ban nhân dân thành phố Gia Nghĩa,06-02-2024,Hết hạn
2419,DTM,"Dự án “Thuỷ điện Nậm Xí Lùng 1B, công suất 11MW”","Xã Pa Vệ Sủ, xã Bum Tở và xã Bum Nưa, huyện Mường Tè, tỉnh Lai Châu",Công ty Cổ phần thủy điện Nậm Xí Lùng 1B,05-02-2024,Hết hạn
2420,DTM,"“Dự án thành lập Công ty TNHH Gunzetal (Việt Nam)”- Nhà máy sản xuất các loại chỉ may, chỉ thêu","số 20 VSIP II-A, đường số 32 khu công nghiệp Việt Nam – Singapore II-A, thị trấn Tân Bình, huyện Bắc Tân Uyên, tỉnh Bình Dương.",Công ty TNHH Gunzetal (Việt Nam),05-02-2024,Hết hạn
2421,DTM,Dự án đầu tư “Nhà máy Công ty TNHH Polytex Far Eastern (Việt Nam)”,"Lô B_5B_CN, đường DC, khu công nghiệp Bàu Bàng, thị trấn Lai Uyên, huyện Bàu Bàng, tỉnh Bình Dương",Công ty TNHH Polytex Far Eastern (Việt Nam),05-02-2024,Hết hạn
2411,DTM,Dự án “Công ty TNHH Công nghệ Askey Việt Nam”,"Lô K-02 và K-03 KCN Quế Võ (khu mở rộng), TP.Bắc Ninh, tỉnh Bắc Ninh",Công ty TNHH Công nghệ Askey Việt Nam,02-02-2024,Hết hạn
2412,DTM,Dự án Nhà máy Điện tử MS Việt Nam,"Lô CN 14-3, lô CN3-5, KCN Yên Phong (khu vực mở rộng), huyện Yên Phong, tỉnh Bắc Ninh",Công ty TNHH Điện tử MS Việt Nam,02-02-2024,Hết hạn
2413,DTM,Dự án Nhà máy mới Nito Việt Nam,"Lô T3, T4 và T10 KCN Thăng Long II (giai đoạn 3), phường Phùng Chí Kiên và Dị Sử, thị xã Mỹ Hào, tỉnh Hưng Yên",Công ty TNHH Nitto Việt Nam (Chị nhánh Hưng Yên),02-02-2024,Hết hạn
2414,DTM,"Dự án: “Phát triển nhà ở khu dân cư tại xã Đông hòa, thành phố Thái Bình, tỉnh Thái Bình”","xã Đông Hòa, thành phố Thái Bình, tỉnh Thái Bình",Công ty TNHH Thăng Long,02-02-2024,Hết hạn
2415,DTM,Dự án Đầu tư Xây dựng hạ tầng kỹ thuật chung Khu quy hoạch Đại học Quốc gia Thành phố Hồ Chí Minh,"Khu quy hoạch Đại học Quốc gia Thành phố Hồ Chí Minh, Thành phố Thủ Đức, Thành phố Hồ Chí Minh và Thành phố Dĩ An, tỉnh Bình Dương.",Ban Quản lý dự án xây dựng Đại học Quốc gia Thành phố Hồ Chí Minh,02-02-2024,Hết hạn
2416,DTM,Dự án Công ty TNHH Amphenol Communicatinon Electronics Việt Nam.,"Nhà xưởng số 1, Lô CN2-4 và CN9-7,  KCN Yên Phong (Khu mở rộng), xã Yên Trung, huyện Yên Phong, tỉnh Bắc Ninh",Công ty TNHH Amphenol Communicatinon Electronics Việt Nam,02-02-2024,Hết hạn
2391,DTM,Nhà máy sản xuất Harting Việt Nam,"Nhà xưởng A7-1, A7-2 A7-3, Lô số 6, Khu công nghiệp Cẩm Điền – Lương Điền, xã Cẩm Điền, huyện Cẩm Giàng, tỉnh Hải Dương",Công ty TNHH sản xuất Harting Việt Nam,31-01-2024,Hết hạn
2393,DTM,"Dự án thành phần 1: Bồi thường, hỗ trợ, tái định cư thực hiện giải phóng mặt bằng.Đầu tư xây dựng tuyến đường Vành đai 3 đoạn qua địa bàn huyện Đông Anh","Dự án được triển khai trên địa bàn huyện Đông Anh và huyện Mê Linh, thành phố Hà Nội",Ban quản lý dự án đầu tư xây dựng huyện Đông Anh,31-01-2024,Hết hạn
2394,DTM,Dự án nhà máy sản xuất văn phòng phẩm của công ty hữu hạn tập đoàn Deli tại Việt Nam.,"Lô XN15A, Khu công nghiệp Đại An mở rộng, thị trấn Lai Cách, huyện Cẩm Giàng, tỉnh Hải Dƣơng.",Công ty TNHH công nghệ văn phòng Deli Việt Nam,31-01-2024,Hết hạn
2396,DTM,Nhà máy CCTY Việt Nam,"Lô CN16-06, Khu phi thuế quan và khu công nghiệp Nam Đình Vũ (Khu 1), thuộc Khu kinh tế Đình Vũ – Cát Hải, Phường Đông Hải 2, Quận Hải An, Thành phố Hải Phòng.",Công ty TNHH CCTY Việt Nam.,31-01-2024,Hết hạn
2397,DTM,Cơ sở hạ tầng thuộc Trung tâm điện lực Quảng Trạch,"thôn Vĩnh Sơn, xã Quảng Đông, huyện Quảng Trạch, tỉnh Quảng Bình",Ban Quản lý dự án Điện 2,31-01-2024,Hết hạn
2398,DTM,Dự án Xây dựng các hồ chứa nước và hoàn thiện hệ thống kênh mương thủy lợi.,Tỉnh Gia Lai,Ban quản lý các dự án dầu tư xây dựng tỉnh Gia Lai,31-01-2024,Hết hạn
2399,DTM,Dự án cải tạo dây chuyền công nghệ và nâng công suất nhà máy Mật Sơn từ 50.000 m3/ngđ lên 70.000 m3/ngđ,"99 đường Mật Sơn, phường Đông Vệ, Thành phố Thanh Hóa, Tỉnh Thanh Hóa",Công ty Cổ phần cấp nước Thanh Hóa,31-01-2024,Hết hạn
2381,DTM,Dự án “Sungwoo Vina”,"Lô II.1, II.2, II.3, III.6, VI.2, KCN Thuận Thành 3, Xã Thanh Khương, Huyện Thuận Thành, tỉnh Bắc Ninh",Công ty TNHH Sungwoo Vina,30-01-2024,Hết hạn
2382,DTM,Dự án khai thác cụm mỏ Cọc Sáu - Đèo Nai,"tại các phường: Cẩm Thủy, Cẩm Trùng, Cẩm Thành, Cẩm Tây, Cẩm Sơn, Cẩm Đông, Cẩm Phú, Cẩm Thịnh, Cửa Ông, Mông Dương và xã Dương Huy- thành phố Cẩm Phả, tỉnh Quảng Ninh",Công ty CP Than Đèo Nai - Vinacomin,30-01-2024,Hết hạn
2383,DTM,"Dự án Hồ Bản Mồng giai đoạn 2 (hệ thống kênh mương), tỉnh Nghệ An","Các huyện Quỳ Hợp, Nghĩa Đàn và thị xã Thái Hòa, tỉnh Nghệ An",Ban Quản lý đầu tư và Xây dựng Thủy lợi 4,30-01-2024,Hết hạn
2384,DTM,"Dự án Đầu tư, cải tạo Nhà máy nhôm KingBill - Bắc Ninh","Cụm công nghiệp làng nghề Mẫn Xá, xã Văn Môn, huyện Yên Phong, tỉnh Bắc Ninh",Công ty Cổ phần XNK KingBill,30-01-2024,Hết hạn
2386,DTM,"Dự án “Sản xuất nhôm cây đặc 20.000 tấn/ năm, sản xuất nhôm định hình 30.000 tấn/năm, các sản phẩm kim loại bằng hợp kim nhôm bao gồm: Các loại thang, giàn giáo, phụ kiện 3.000.000 thành phẩm/năm, sản xuất xe đẩy bằng kim loại 2.000.000 sản phẩm/năm; thực hiện hoạt động gia công cơ khí; xử lý và tráng phủ bề mặt kim loại 1.500.000 sản phẩm/năm; thực hiện hoạt động nhập khẩu, xuất khẩu; hoạt động phân phối bán buôn nhôm cây đặc, nhôm định hình, xe đẩy bằng kim loại, giàn giáo, thang, linh kiện (không lập cơ sở bán buôn) doanh thu dự kiến: 1.400.000.000.000 đồng và cho thuê nhà xưởng A - diện tích 5.305,7 m2, nhà xưởng B- diện tích 9.341,5 m2, nhà xưởng C- diện tích 9.341,5 m2 tại Lô A-2C-CN, KCN Bàu Bàng tổng diện tích là 23.988,7 m2 (cho doanh nghiệp có cùng ngành nghề kinh doanh thuê)”","Lô A-2C-CN, khu công nghiệp Bàu Bàng, thị trấn Lai Uyên, huyện Bàu Bàng, tỉnh Bình Dương",Công ty TNHH Rhine Precision Alloy (Việt Nam),30-01-2024,Hết hạn
2392,DTM,Nhà máy SENAO Việt Nam,"Lô CN04, Khu công nghiệp Thái Hà giai đoạn I, huyện Lý Nhân, tỉnh Hà Nam.",Công ty TNHH Senao Networks Việt Nam,29-01-2024,Hết hạn
2373,DTM,Dự án “Công ty TNHH Moons’ Industries (Việt Nam) – Giai đoạn II”,"Nhà máy C1, D1, lô đất IN3-11*A, Khu đô thị, công nghiệp và dịch vụ VSIP Hải Phòng, huyện Thủy Nguyên thuộc Khu kinh tế Đình Vũ – Cát Hải, thành phố Hải Phòng,",Công ty TNHH Moons’ Industries (Việt Nam),26-01-2024,Hết hạn
2375,DTM,"Dự án “Đầu tư xây dựng công trình khai thác lộ thiên mỏ quặng mangan khu vực xã Đồng Tâm, huyện Bắc Quang, tỉnh Hà Giang”","Thôn Bản Buốt và thôn Thượng, xã Đồng Tâm, huyện Bắc Quang, tỉnh Hà Giang",Công ty Cổ phần mangan Việt Bắc,26-01-2024,Hết hạn
2376,DTM,Dự án “Nhà máy sản xuất tấm tế bào quang điện năng lượng mặt trời BOVIET Hải Dương”,"Khu công nghiệp Cộng Hòa, phường Cộng Hòa, thành phố Chí Linh, tỉnh Hải Dương",Công ty TNHH Khoa học kỹ thuật năng lượng mặt trời Boviet,26-01-2024,Hết hạn
2377,DTM,"Dự án “Khu đô thị sinh thái, thương mại du lịch” tại xã Thanh Phú, huyện Bến Lức, tỉnh Long An","xã Thanh Phú, huyện Bến Lức, tỉnh Long An",Công ty TNHH MTV Đầu tư và Phát triển DB,26-01-2024,Hết hạn
2378,DTM,Dự án Công ty TNHH Công nghệ Sunrex (Việt Nam),"Lô CN2.1, Khu công nghiệp Bắc Tiền Phong, thị xã Quảng Yên, tỉnh Quảng Ninh.",Công ty TNHH Công nghệ Sunrex (Việt Nam),26-01-2024,Hết hạn
2388,DTM,Dự án Khu đô thị Quang Húc,"xã Quang Húc, huyện Tam Nông, tỉnh Phú Thọ",Công ty cổ phần thương mại dịch vụ Tràng Thi.,26-01-2024,Hết hạn
2389,DTM,Công ty TNHH Wha Yu Việt Nam,"Nhà xưởng FFI-2 và FFI-3, Tầng 2, Tầng 3, Nhà xưởng cao tầng - Tòa 1, Số 2, Đường BH5, Khu công nghiệp, dịch vụ và đô thị VSIP Bắc Ninh, Phường Phù Chẩn, Thành phố Từ Sơn, Tỉnh Bắc Ninh",Công ty TNHH Wha Yu Việt Nam,26-01-2024,Hết hạn
2390,DTM,Cụm công nghiệp Ninh An,"xã Vũ Ninh và xã Vũ An, huyện Kiến Xương, tỉnh Thái Bình",Công ty Cổ phần Sợi EIFEL,26-01-2024,Hết hạn
2369,DTM,"Dự án “Đầu tư xây dựng khu đô thị mới dọc đường Đỗ Mười kéo dài và vùng phụ cận tại các xã Tân Dương Và Dương Quan, huyện Thủy Nguyên, TP. Hải Phòng”","Các xã Tân Dương, xã Dương Quan, huyện Thủy Nguyên, thành phố Hải Phòng",Công ty Cổ phần tập đoàn bất động sản CRV,25-01-2024,Hết hạn
2372,DTM,Dự án Công ty TNHH Ananda Việt Nam,"Nhà xưởng C_1B_B1_A, đường DE4, lô C_1B_CN, khu công nghiệp Mỹ Phước 3, phường Thới Hòa, thị xã Bến Cát, tỉnh Bình Dương",Công ty TNHH Ananda Việt Nam,25-01-2024,Hết hạn
2366,DTM,Dự án Khu nghỉ dưỡng Nam Hội An giai đoạn 1+2,"Huyện Duy Xuyên, huyện Thanh Bình, tỉnh Quảng Nam",Công ty TNHH Phát triển Nam Hội An,24-01-2024,Hết hạn
2368,DTM,Dự án “Công ty TNHH Wha Yu Việt Nam”,"Nhà xưởng FFI-2 và FFI-3, Tầng 2, Tầng 3, Nhà xưởng cao tầng - Toà 1, Số 2, Đường BH5, Khu công nghiệp, dịch vụ và đô thị VSIP Bắc Ninh, Phường Phù Chẩn, Thành phố Từ Sơn, Tỉnh Bắc Ninh",Công ty TNHH Wha Yu Việt Nam,24-01-2024,Hết hạn
2370,DTM,Dự án “Nhà máy nước Nhị Thành”,"tại ấp 7, xã Nhị Thành, huyện Thủ Thừa, tỉnh Long An",Công ty Cổ phần Nước Biwase – Long An,24-01-2024,Hết hạn
2371,DTM,Dự án Công ty TNHH SMC Manufacturing (Việt Nam),"KCN Long Đức, huyện Long Thành, tỉnh Đồng Nai",Công ty TNHH SMC Manufacturing (Việt Nam),24-01-2024,Hết hạn
2356,DTM,“Dự án Green Planet DC”,"tại lô đất A3-1, khu A3, đường D2&N2, KCN Tân Phú Trung, huyện Củ Chi, thành phố Hồ Chí Minh",Công ty TNHH Green Planet Distribution Centre,23-01-2024,Hết hạn
2361,DTM,Dự án Đầu tư khai thác hầm lò phần mở rộng mỏ Hà Ráng,"tại phường Hà Khánh, thành phố Hạ Long và phường Quang Hanh, thành phố Cẩm Phả, tỉnh Quảng Ninh",Công ty than Hòn Gai – TKV,23-01-2024,Hết hạn
2362,DTM,Dự án Nhà máy Longstar Lighting Thái Bình,"tại lô D3, Khu công nghiệp Liên Hà Thái (Green iP-1) (thuộc Khu kinh tế Thái Bình), huyện Thái Thụy, tỉnh Thái Bình",Công ty TNHH Longstar Lighting Thái Bình Việt Nam,23-01-2024,Hết hạn
2363,DTM,Dự án “Trang trại chăn nuôi lợn công nghệ cao Minh Thuý Cò Nòi”,"Bản Nà Sẳng, bản Phiêng Trai, xã Hát Lót, huyện Mai Sơn, tỉnh Sơn La",Công ty TNHH MTV chăn nuôi Minh Thuý Cò Nòi,23-01-2024,Hết hạn
2349,DTM,"Dự án “Khu số 1 thuộc Khu đô thị cạnh Trường Cao đẳng Nghề và tiếp giáp QL31, xã Dĩnh Trì, thành phố Bắc Giang”","xã Dĩnh Trì, thành phố Bắc Giang, tỉnh Bắc Giang",Công ty Cổ phần xây dựng Thành Đô Bắc Giang,22-01-2024,Hết hạn
2352,DTM,“Dự án Regina Miracle International Hưng Yên”,"Lô đất số L6, Khu công nghiệp Dệt may Phố Nối B, phường Dị Sử, thị xã Mỹ Hào, tỉnh Hưng Yên",Công ty TNHH Regina Miracle International Hưng Yên,22-01-2024,Hết hạn
2353,DTM,"Dự án ""Hạ tầng Kỹ thuật Cụm công nghiệp Làng nghề Hữu Bằng""","xã Hữu Bằng, huyện Thạch Thất, thành phố Hà Nội",Công ty Cổ phần Đầu tư và Tư vấn xây dựng Trường An,22-01-2024,Hết hạn
2354,DTM,"Dự án “Trung tâm thương mại tại phường Hiệp Hòa, diện tích 116.635 m2” tại đường Đặng Văn Trơn, phường Hiệp Hòa, TP Biên Hòa, tỉnh Đồng Nai","tại đường Đặng Văn Trơn, phường Hiệp Hòa, TP Biên Hòa, tỉnh Đồng Nai",Công ty Cổ phần Tập đoàn Việt Phát,22-01-2024,Hết hạn
2355,DTM,Dự án sản xuất thiết bị điện tử tử kiến Việt Nam,"ô CN7, KCN Điềm Thụy (Khu A), phường Hồng Tiến, thành phố Phổ Yên, tỉnh Thái Nguyên",Công ty TNHH VDL Electronics (Việt Nam),22-01-2024,Hết hạn
2346,DTM,"Dự án Tổ hợp trung tâm nghiên cứu, sản xuất và đào tạo chuyên gia công nghệ FPT Software","Phường Ghềnh Ráng, thành phố Quy Nhơn, tỉnh Bình Định",Công ty TNHH Phần Mềm FPT Quy Nhơn,21-01-2024,Hết hạn
2347,DTM,Dự án “Nhà máy GU Vina”,"Lô CN18, Cụm công nghiệp Việt Tiến, huyện Việt Yên, tỉnh Bắc Giang",Công ty TNHH GU Vina,21-01-2024,Hết hạn
2348,DTM,"Dự án “Nhà máy gia công cơ khí, sản xuất lắp ráp linh kiện điện tử và sản xuất lắp ráp các sản phẩm từ nhựa”","Tổ dân phố số 2, phường Anh Dũng, quận Dương Kinh, thành phố Hải Phòng",Công ty Cổ phần kỹ thuật cơ khí ASV,21-01-2024,Hết hạn
2350,DTM,"Dự án: “Đầu tư xây dựng công trình nâng cấp, mở rộng khu Bãi Gõ, Bãi Đất, mỏ vàng Đắk Sa, xã Phước Đức và xã Phước Năng, huyện Phước Sơn, tỉnh Quảng Nam”","Xã Phước Đức và xã Phước Năng, huyện Phước Sơn, tỉnh Quảng Nam",Công ty TNHH Vàng Phước Sơn,21-01-2024,Hết hạn
4703,DTM,Dự án: Nhà máy xử lý rác thải Thung Cổ Chày.,"Xã Thanh Thủy, huyện Thanh Liêm, tỉnh Hà Nam.",Công ty Cổ phần môi trường Hà Nam.,21-01-2024,Hết hạn
2418,DTM,"Dự án ""Đầu tư xây dựng dây chuyền sản xuất SOP công suất 20.000 tấn/năm""","Khu Phương Lai, thị trấn Lâm Thao, huyện Lâm Thao, tỉnh Phú Thọ",Công ty Cổ phần Supe phốt phát và Hóa chất Lâm Thao,19-01-2024,Hết hạn
2324,DTM,"Dự án Hầm đường bộ qua đèo Hoàng Liên kết nối thị xã Sa Pa, tỉnh Lào Cai với huyện Tam Đường, tỉnh Lai Châu.","Dự án đi qua huyện Tam Đường, tỉnh Lai Châu và thị xã Sa Pa, tỉnh Lào Cai",Ban Quản lý dự án đầu tư xây dựng các công trình giao thông tỉnh Lai Châu,16-01-2024,Hết hạn
2325,DTM,Dự án Khai thác hầm lò khu Tân Yên - mỏ Đông Tràng Bạch,"xã Hồng Thái Đông, thị xã Đông Triều, tỉnh Quảng Ninh",Công ty than Uông Bí - TKV,16-01-2024,Hết hạn
2326,DTM,"Dự án ""Sunway Communication VietNam Subsidiary”","Địa điểm thứ nhất: Nhà xưởng CN 08-02, Lô CN 08, KCN Bình Xuyên II, huyện Bình Xuyên, tỉnh Vĩnh Phúc;  Địa điểm thứ hai: Nhà xuởng R1, R2, Lô I26-A, KCN Bá Thiện - Phân khu I, xã Thiện Kế, huyện Bình Xuyên, tỉnh Vĩnh Phúc",Công ty TNHH Sunway Communication Việt Nam,16-01-2024,Hết hạn
2327,DTM,Dự án Nhà máy điện tử Top Nation Việt Nam,"Nhà xưởng E03 (thuê lại của Công ty cổ phần Tân Vũ – Hải Phòng), Lô CN4G, Khu công nghiệp và dịch vụ Hàng Hải (Deep C2B) thuộc Khu kinh tế Đình Vũ – Cát Hải, P. Đông Hải 2, Q. Hải An, TP Hải Phòng",Công ty TNHH Điện tử Top Nation Việt Nam,16-01-2024,Hết hạn
2328,DTM,"Dự án ""Nhà máy công nghệ Argosy Việt Nam”","Lô CN03.1, Khu công nghiệp số 05, xã Quảng Lãng, huyện Ân Thi, tỉnh Hưng Yên",Công ty TNHH Công nghệ Argosy (Việt Nam),16-01-2024,Hết hạn
2323,DTM,Dự án Tổ hợp công nghệ tế bào quang điện Jinko Solar Hải Hà Việt Nam,"KCN Hải Hà, huyện Hải Hà, Tỉnh Quảng Ninh",Công ty TNHH chế tạo thông minh Jinko Solar (Việt Nam),15-01-2024,Hết hạn
1466,DTM,Dự án “Công ty TNHH MPT Solution (Việt Nam)”,"Lô G1-3-4-6-8 và lô E9-1 Khu công nghiệp Quế Võ, phường Vân Dương, thành phố Bắc Ninh, tỉnh Bắc Ninh",Công ty TNHH MPT Solution (Việt Nam),12-01-2024,Hết hạn
1467,DTM,"Dự án ""Đầu tư xây dựng và kinh doanh kết cấu hạ tầng Khu công nghiệp Việt Hàn mở rộng”","xã Hồng Thái, xã Tăng Tiến và thị trấn Nếnh, huyện Việt Yên, tỉnh Bắc Giang",Công ty TNHH phát triển Fuji Phúc Long,12-01-2024,Hết hạn
1468,DTM,"Dự án “Đường từ trung tâm thị trấn Đăk Glei đến trung tâm xã Xốp, huyện Đăk Glei”","Tuyến đi qua địa phận xã Đăk Pék và xã Xốp, huyện Đăk Glei, tỉnh Kon Tum",Ban Quản lý dự án đầu tư xây dựng huyện Đăk Glei,12-01-2024,Hết hạn
1469,DTM,Dự án khai thác than mỡ hầm lò khu Bắc Làng Cẩm (khu Âm Hồn),"xã Phục Linh, huyện Đại Từ, tỉnh Thái Nguyên",Công ty Cổ phần Gang thép Thái Nguyên (TISCO),12-01-2024,Hết hạn
1470,DTM,"Dự án ""Khai thác than mỡ hầm lò Nam Làng Cẩm""",Khu Nam làng Cẩm,Công ty Cổ phần Gang thép Thái Nguyên (TISCO),12-01-2024,Hết hạn
1463,DTM,Dự án Nhà máy Seville Signature Việt Nam,"Lô D3, Đường D3, KCN chuyên sâu Phú Mỹ 3, Phường Phước Hòa, Thị xã Phú Mỹ, tỉnh Bà Rịa – Vũng Tàu",Công ty TNHH Seville Signature Việt Nam,11-01-2024,Hết hạn
1464,DTM,"""Dự án đầu tư xây dựng tổ hợp sản xuất tấm bán dẫn silic tinh thể dùng để sản xuất tấm tế bào quang điện (là vật liệu để sản xuất linh kiện điện tử)""","Lô II-CN-01.2 và II-CN-04.2, Khu công nghiệp Thanh Liêm giai đoạn 2, huyện Thanh Liêm, tỉnh Hà Nam",Công ty TNHH Elite Solar Power Wafer (Việt Nam),11-01-2024,Hết hạn
1458,DTM,Công ty Trách nhiệm hữu hạn Promax Textile (Việt Nam),"Khu công nghiệp Nhơn Trạch III – Giai đoạn 1 và 2, xã Long Thọ, huyện Nhơn Trạch, tỉnh Đồng Nai.",Công ty Trách nhiệm hữu hạn Promax Textile (Việt Nam),09-01-2024,Hết hạn
1460,DTM,"Dự án ""Nhà máy sản xuất dây và cáp điện Wonderful Việt Nam""","Lô XN21 và XN24, KCN Đại An, phường Tứ Minh, thành phố Hải Dương, tỉnh Hải Dương",Công ty TNHH Dây và Cáp điện Wonderful Việt Nam,09-01-2024,Hết hạn
1461,DTM,Dự án Công ty TNHH Công nghệ MingHui (Việt Nam),"Lô CN18, Khu công nghiệp (KCN) Yên Bình, phường Đồng Tiến, thành phố Phổ Yên, tỉnh Thái Nguyên",Công ty TNHH Công nghệ MingHui (Việt Nam),09-01-2024,Hết hạn
1462,DTM,Dự án “Nhà máy sản xuất Cooler Master VietNam”,"Lô đất CN-04.1, Khu công nghiệp Gia Bình, xã Đông Cứu, huyện Gia Bình, tỉnh Bắc Ninh",Công ty TNHH Sản xuất Cooler Master (VietNam),09-01-2024,Hết hạn
1456,DTM,"Dự án Xây dựng hạ tầng khu tái định cư 49,32ha phường Phước Tân, thành phố Biên Hòa, tỉnh Đồng Nai","phường Phước Tân, thành phố Biên Hòa, tỉnh Đồng Nai","Ban Quản lý dự án bồi thường, giải phóng mặt bằng và hỗ trợ tái định cư tỉnh Đồng Nai",08-01-2024,Hết hạn
1435,DTM,"Dự án ""Nhà máy sản xuất linh kiện điện tử BHFlex Vina (nâng công suất và bổ sung sản phẩm hàng hóa)""","Lô CN07, Lô CN14, Lô CN14.1 và Lô 14.2, Khu công nghiệp Khai Quang, thành phố Vĩnh Yên, tỉnh Vĩnh Phúc",Công ty TNHH BHFlex Vina,05-01-2024,Hết hạn
1440,DTM,"Dự án ""LNG Hải Lăng giai đoạn 1""","Tại Khu kinh tế Đông Nam Quảng Trị thuộc xã Hải An, huyện Hải Lăng, tỉnh Quảng Trị tại khu đất phía Tây Nam khu vực cảng Mỹ Thủy",Liên danh nhà đầu tư: Công ty Cổ phần Tập đoàn T&T(T&T); Tổng công ty năng lượng Hanwha (HEC); Tổng công ty khí Hàn Quốc (KOGAS) và Công ty Điện lực Nam Hàn Quốc (KOSPO),05-01-2024,Hết hạn
1433,DTM,Dự án HL Tech Intelligent,"Khu công nghiệp Yên Bình, Phường Bãi Bông, Thành phố Phổ Yên, Tỉnh Thái Nguyên",Công ty TNHH HL Tech Intelligent,04-01-2024,Hết hạn
1434,DTM,Đầu tư xây dựng và kinh doanh kết cấu hạ tầng khu công nghiệp Kim Bảng I,"xã Lê Hồ, xã Đồng Hóa và xã Đại Cương, huyện Kim Bảng, tỉnh Hà Nam",Công ty TNHH Đầu tư xây dựng phát triển khu công nghiệp Kim Bảng,04-01-2024,Hết hạn
1431,DTM,"Dự án: “Moka Việt Nam” tại lô CN- 03, Khu công nghiệp Đông Mai, phường Đông Mai, thị xã Quảng Yên, tỉnh Quảng Ninh","tại lô CN- 03, Khu công nghiệp Đông Mai, phường Đông Mai, thị xã Quảng Yên, tỉnh Quảng Ninh",Công ty TNHH công nghệ Moka Việt Nam,03-01-2024,Hết hạn
1432,DTM,"Dự án ""Nhà máy sản xuất lốp xe HaoHua (Việt Nam)”","Lô A17, A18 & DV3 khu công nghiệp Minh Hưng - Sikico, xã Đồng Nơ, huyện Hớn Quản, tỉnh Bình Phước",Công ty TNHH Haohua (Việt Nam),03-01-2024,Hết hạn
1427,DTM,Dự án “Trang trại chăn nuôi lợn (heo) nái sinh sản tại Khu chăn nuôi Bó Tát”,"Thôn Đon Úy, xã Tân Hương, huyện Bắc Sơn, tỉnh Lạng Sơn",Công ty Cổ phần Tân Hương Agritech,02-01-2024,Hết hạn
1429,DTM,Dự án “Khu du lịch sinh thái số 02”,"xã Trung Mỹ, huyện Bình Xuyên, tỉnh Vĩnh Phúc",Công ty cổ phần Nam Tam Đảo,30-12-2023,Hết hạn
1430,DTM,"Dự án: ĐT.107C (từ xã Chiềng Khay, huyện Quỳnh Nhai, tỉnh Sơn La đến xã Nậm Sỏ, huyện Tân Uyên, tỉnh Lai Châu)","Xã Chiềng Khay, huyện Quỳnh Nhai, tỉnh Sơn La",Ủy ban nhân dân huyện Quỳnh Nhai,30-12-2023,Hết hạn
1415,DTM,Dự án Khu đô thị mới tại khu vực quận Dương Kinh và huyện Kiến Thuỵ,"quận Dương Kinh, huyện Kiến Thụy, thành phố Hải Phòng",Công ty Cổ phần Vinhomes,29-12-2023,Hết hạn
1416,DTM,Dự án Công ty TNHH Lingyi Việt Nam,"Nhà xưởng số 2, Lô CN3-4, Nhà xưởng số 1 và nhà xưởng số 3, lô CN10, Khu công nghiệp Yên Phong (Khu mở rộng), xã Yên Trung và xã Thụy Hòa, huyện Yên Phong, tỉnh Bắc Ninh",Công ty TNHH Lingyi Việt Nam,29-12-2023,Hết hạn
1421,DTM,"Dự án “Nạo vét duy tu luồng chung, luồng riêng, vũng quay tàu, khu neo đậu tàu, khu nước trước bến, luồng dẫn nước làm mát cảng biển Trung tâm Điện lực Duyên Hải, tỉnh Trà Vinh, giai đoạn 2024-2026”","xã Dân Thành, thị xã Duyên Hải, tỉnh Trà Vinh",Ban Quản lý Dự án Nhiệt điện 3,29-12-2023,Hết hạn
1422,DTM,"Dự án "" Công trình nạo vét duy tu Bến cảng chuyên dùng thuộc Dự án Nhà máy nhiệt điện Duyên Hải 2""","Ấp Mù U, xã Dân Thành, thị xã Duyên Hải, tỉnh Trà Vinh",Công ty TNHH Janakuasa Việt Nam,29-12-2023,Hết hạn
1423,DTM,Dự án Pegatron Việt Nam,"Lô CN3A và CN3B, KCN Nam Đình Vũ (khu 2) (KCN Deep C2A) thuộc KKT Đình Vũ – Cát Hải, Phường Đông Hải 2, Quận Hải An, TP. Hải Phòng",Công ty TNHH Pegatron Việt Nam,29-12-2023,Hết hạn
1424,DTM,"Dự án “Nhà máy sản xuất tivi, màn hình, tem giá điện tử, đèn DLED, ELED của Công ty TNHH Công nghệ HKC (Việt Nam)”","tại đường D3, KCN Nhơn Trạch II – Lộc Khang, xã Phú Hội, Nhơn Trạch, Đồng Nai",Công ty TNHH Công nghệ HKC (Việt Nam),29-12-2023,Hết hạn
1425,DTM,Dự án: Trang trại chăn nuôi heo Đồi Xanh Gia Lai,"xã Chư Drăng, huyện Krông Pa, tỉnh Gia Lai",Công ty TNHH chăn nuôi Đồi Xanh Gia Lai,29-12-2023,Hết hạn
1426,DTM,Dự án “Trang trại chăn nuôi heo Quảng Hiệp”,"xã Quảng Hiệp, huyện Ea Cư M’gar, tỉnh Đắk Lắk",Công ty TNHH chăn nuôi công nghệ cao Khuyên Nam Tiến,29-12-2023,Hết hạn
1407,DTM,Công ty TNHH Compal Electronics (Việt Nam),"Lô BI-2 (thuộc Lô Bl), Khu công nghiệp Liên Hà Thái (Green iP-1) , huyện Thái Thuỵ, tỉnh Thái Bình",Công ty TNHH Compal Electronics (Việt Nam),28-12-2023,Hết hạn
1413,DTM,Dự án: “Nhà máy Bellwether Electronics (Việt Nam)”,"lô đất CN 06.1, Khu công công nghiệp số 05, xã Quảng Lãng, huyện Ân Thi, tỉnh Hưng Yên",Công ty TNHH BellWether Electronics (Việt Nam),28-12-2023,Hết hạn
1419,DTM,Dự án Công ty TNHH Tessellation Bình Dương tại VSIP I và VSIP II-A”,"Địa điểm 1: 15 Đại lộ Tự do, khu công nghiệp Việt Nam – Singapore, phường Bình Hòa, thành phố Thuận An, tỉnh Bình Dương; Địa điểm 2: 16A VSIP II-A, đường số 32, KCN Việt Nam – Singapore II, thị trấn Tân Bình, huyện Bắc Tân Uyên, tỉnh Bình Dương",Công ty TNHH Tessellation Bình Dương,28-12-2023,Hết hạn
1402,DTM,"Khu Du lịch sinh thái, nghỉ dưỡng giải trí số 13, Vườn quốc gia Tam Đảo","Tiểu khu 97, xã Tam Quan, huyện Tam Đảo, tỉnh Vĩnh Phúc và Tiểu khu 167, xã Quân Chu, huyện Đại Từ, tỉnh Thái Nguyên",Liên danh Sông Hồng Tam Đảo - Sông Hồng Thủ Đô,27-12-2023,Hết hạn
1403,DTM,Dự án Global Lighting Việt Nam,"Khu công nghiệp hỗ trợ Đồng Văn III, thị xã Duy Tiên, tỉnh Hà Nam.",Công ty TNHH Công nghệ Global Lighting (Việt Nam),27-12-2023,Hết hạn
1411,DTM,"Dự án “Đầu tư, nâng cấp, cải tạo một số hạng mục Khu liên hợp xử lý chất thải rắn Khánh Sơn giai đoạn 2 (Hộc rác số 7 tại khu vực bãi rác Khánh Sơn)”","phường Hoà Khánh Nam, quận Liên Chiểu, thành phố Đà Nẵng",Ban Quản lý các dự án phát triển hạ tầng khu công nghiệp và công nghệ cao Đà Nẵng,27-12-2023,Hết hạn
1412,DTM,"Dự án “Đầu tư, nâng cấp, cải tạo một số hạng mục Khu liên hợp xử lý chất thải rắn Khánh Sơn giai đoạn 2 (Hộc rác số 7 tại khu vực bãi rác Khánh Sơn)”","phường Hoà Khánh Nam, quận Liên Chiểu, thành phố Đà Nẵng",Ban Quản lý các dự án phát triển hạ tầng khu công nghiệp và công nghệ cao Đà Nẵng,27-12-2023,Hết hạn
1414,DTM,"Dự án đầu tư xây dựng và kinh doanh hạ tầng Cụm công nghiệp Toàn Thắng, huyện Gia Lộc.","Xã Toàn Thắng, xã Hồng Hưng và xã Đoàn Thượng, huyện Gia Lộc, tỉnh Hải Dương",Công ty cổ phần môi trường xanh An Nhiên.,27-12-2023,Hết hạn
1399,DTM,Dự án Cải thiện cơ sở hạng tầng đô thị ứng phó với biến đổi khí hậu tại thành phố Sơn La,"Thành phố Sơn La và xã Mường Bú, huyện Mường La, tỉnh Sơn La",Ban Quản lý các dự án ODA tỉnh Sơn La,26-12-2023,Hết hạn
1400,DTM,Dự án Nhà máy sản xuất đèn chiếu sáng,"Lô số CN07, KCN Cẩm Khê, huyện Cẩm Khê, tỉnh Phú Thọ",Công ty TNHH Công nghệ Twinsel (Việt Nam),26-12-2023,Hết hạn
1388,DTM,Dự án “Nhà máy điện tử Sumida Việt Nam”,"Lô đất CN6 (kí hiệu là CN6.1), khu công nghiệp An Phát 1, km 69, quốc lộ 37, thuộc xã Quốc Tuấn, xã An Bình và xã An Lâm, huyện Nam Sách, tỉnh Hải Dương",Công ty TNHH Điện tử Sumida Việt Nam,25-12-2023,Hết hạn
1389,DTM,Dự án Công ty TNHH HSC Tech Vina,"Lô CN8-4-2, KCN Điềm Thụy, xã Điềm Thụy, huyện Phú Bình, tỉnh Thái Nguyên",Công ty TNHH HSC Tech Vina,25-12-2023,Hết hạn
1386,DTM,Dự án Đầu tư trụ sở cơ quan Thi hành án dân sự giai đoạn 2021 - 2025 trên địa bàn thành phố Hải Phòng và tỉnh Thái Bình,Trên địa bàn thành phố Hải Phòng và tỉnh Thái Bình.,Cục Thi hành án dân sự thành phố Hải Phòng,23-12-2023,Hết hạn
1387,DTM,"Dự án ""Dự án Voltronic Power Technology Việt Nam""","KCN Đại Đồng - Hoàn Sơn, phường Tân Hồng, thành phố Từ Sơn và xã Đại Đồng, huyện Tiên Du, tỉnh Bắc Ninh",Công ty TNHH Voltronic Power Technology Việt Nam,23-12-2023,Hết hạn
1382,DTM,"Dự án “Trang trại chăn nuôi heo nái Gia Lai Lộc"", Quy mô 3.600 con heo nái tại thôn Đồng Tâm, xã Ia Ga, huyện Chư Prông, tỉnh Gia Lai","tại thôn Đồng Tâm, xã Ia Ga, huyện Chư Prông, tỉnh Gia Lai",Công ty TNHH Gia Lai Lộc,22-12-2023,Hết hạn
1383,DTM,"Dự án “Đầu tư trang trại chăn nuôi heo thịt Trung An tại xã Ia Piơr, huyện Chư Prông, tỉnh Gia Lai”","tại xã Ia Piơr, huyện Chư Prông, tỉnh Gia Lai",Công ty TNHH Một thành viên Chăn nuôi Trung An,22-12-2023,Hết hạn
1384,DTM,Dự án nạo vét duy tu luồng hàng hải cho tàu biển trong tải lớn sông Hậu năm 2023,"Khu vực nạo vét đi qua địa bàn huyện Duyên Hải, thị xã Duyên Hải và huyện Trà Cú, tỉnh Trà Vinh",Tổng Công ty Bảo đảm an toàn hàng hải miền Nam,22-12-2023,Hết hạn
1381,DTM,"Dự án “Trang trại chăn nuôi heo Thuận Duyên” tại Làng Kuăi, xã Ia Blứ, huyện Chư Pưh, tỉnh Gia Lai”","tại Làng Kuăi, xã Ia Blứ, huyện Chư Pưh, tỉnh Gia Lai",Công ty TNHH Chăn nuôi Thuận Duyên Một,21-12-2023,Hết hạn
1380,DTM,"Dự án ""Công ty TNHH Fu Wing Interconnect Technology (Nghệ An)”","Lô B3-A, B3-B, B3-C và B3-D Khu công nghiệp WHA Industrial Zone 1 – Nghệ An, xã Nghi Hưng, huyện Nghi Lộc, tỉnh Nghệ An",Công ty TNHH Fu Wing Interconnect Technology (Nghệ An),20-12-2023,Hết hạn
1376,DTM,Dự án Phát triển nông thôn thích ứng với thiên tai tỉnh Hà Giang,"6 huyện của tỉnh Hà Giang: Bắc Quang, Vị Xuyên, Quang Bình, Bắc Mê, Yên Minh, Mèo Vạc",Ban Điều phối chương trình giảm nghèo dựa trên phát triển hàng hóa (CPRP) tỉnh Hà Giang,19-12-2023,Hết hạn
1377,DTM,"Dự án ""Nhà máy sản xuất vật liệu phân huỷ sinh học công nghệ cao Ecovance”","lô đất CN5.5G2, KCN Đình Vũ, thuộc Khu kinh tế Đình Vũ – Cát Hải, phường Đông Hải 2, quận Hải An, thành phố Hải Phòng",Công ty TNHH Ecovance Việt Nam,19-12-2023,Hết hạn
1378,DTM,Dự án Nhà máy Newface Optoelectronics (Việt Nam),"Nhà xưởng số 2, Lô I26-D, Khu công nghiệp Bá Thiện – Phân khu I, xã Thiện Kế, huyện Bình Xuyên, tỉnh Vĩnh Phúc",Công ty TNHH Newface Optoelectronics (Việt Nam),19-12-2023,Hết hạn
1379,DTM,Đường vành đai 4 đoạn từ huyện Bình Xuyên đến huyện Vĩnh Tường (giai đoạn 2),"Các huyện: Binh Xuyên;  Yên Lạc và Vĩnh Tường, tỉnh Vĩnh Phúc",Ban QLDA  đầu tư xây dựng các công trình giao thông tỉnh Vinh Phúc,19-12-2023,Hết hạn
1374,DTM,Dự án Nhà máy Inno Flex Vina II,"KCN Bình Xuyên, thị trấn Hương Canh, huyện Bình Xuyên, tỉnh Vĩnh Phú",Công ty TNHH Inno Flex Vina II,18-12-2023,Hết hạn
1375,DTM,Dự án “Kho cảng LNG Sơn Mỹ”,"Xã Sơn Mỹ, huyện Hàm Tân, tỉnh Bình Thuận",Công ty TNHH Kho cảng LNG Sơn Mỹ,18-12-2023,Hết hạn
1372,DTM,Dự án “Trang trại nuôi lợn (heo) thương phẩm tại khu chăn nuôi Bó Tát”,"Thôn Đon Úy, xã Tân Hương, huyện Bắc Sơn, tỉnh Lạng Sơn",Công ty Cổ phần Bắc Sơn Agritech,17-12-2023,Hết hạn
1373,DTM,Dự án “Công ty TNHH Công nghệ Askey Việt Nam”,"lô K – 02, lô K – 03 KCN Quế Võ (Khu mở rộng), Phường Nam Sơn, Tp Bắc Ninh, tỉnh Bắc Ninh.",Công ty TNHH Công nghệ Askey Việt Nam,17-12-2023,Hết hạn
1371,DTM,Dự án điện tử Chuangda Việt Nam,"Một phần Lô D4 (thuê nhà xưởng số 01 của Công ty TNHH dây nâng an toàn Thanh Long), KCN Đình Trám, huyện Việt Yên, tỉnh Bắc Giang.",Công ty TNHH điện tử Chuangda (Việt Nam),14-12-2023,Hết hạn
1368,DTM,"Dự án: “Khu du lịch suối nước nóng Bình Châu”, diện tích 33,27 ha tại xã Bình Châu, huyện Xuyên Mộc, tỉnh Bà Rịa – Vũng Tàu","Xã Bình Châu, huyện Xuyên Mộc, tỉnh Bà Rịa – Vũng Tàu",Công ty Cổ phần Du lịch Sài Gòn – Bình Châu,12-12-2023,Hết hạn
1369,DTM,"Dự án sản xuất đồ điện tử gia dụng, linh kiện và thiết bị điện tử Inventec Appliances Việt Nam","KCN Quang Minh, thị trấn Quang Minh, huyện Mê Linh, thành phố Hà Nội",Công ty TNHH Inventec Appliances Việt Nam,12-12-2023,Hết hạn
1370,DTM,Dự án:“Trang trại chăn nuôi heo Minh Thiện 3”,"tại thôn 6, xã Đông, huyện Kbang, tỉnh Gia Lai",Công ty TNHH Chăn nuôi Minh Thiện,12-12-2023,Hết hạn
1357,DTM,"Dự án “Thuỷ điện Nậm Xí Lùng 1A, công suất 7,8MW”","Xã Pa Vệ Sủ, huyện Mường Tè, tỉnh Lai Châu",Công ty Cổ phần thủy điện Nậm Xí Lùng 1A,11-12-2023,Hết hạn
1358,DTM,"Dự án ""Nhà máy xử lý rác thải sinh hoạt phát điện tại xã Vĩnh Tân, huyện Vĩnh cửu, tỉnh Đồng Nai theo phương thức đối tác công tư (PPP)""","Xã Vĩnh Tân, huyện Vĩnh Cửu, tỉnh Đồng Nai",Liên danh Công ty Cổ phần Le Delta – Công ty Cổ phần Thương mại và Đầu tư Công nghệ Ecotech Việt Nam,11-12-2023,Hết hạn
1352,DTM,Dự án “Trang trại chăn nuôi gà theo mô hình trại lạnh khép kín”- quy mô 350.000 con gà/lứa (05 lứa/năm),"tại thửa đất số 11, 17, tờ bản đồ số 28, ấp Tân Lâm, xã Tân Hà, huyện Tân Châu, tỉnh Tây Ninh",Công ty TNHH Nông nghiệp công nghệ cao Miền Đông Nam,08-12-2023,Hết hạn
1353,DTM,Dự án đường giao thông từ Quốc lộ 27C đến đường tỉnh ĐT.656 tỉnh Khánh Hòa - kết nối với tỉnh Lâm Đồng và tỉnh Ninh Thuận,"Dự đi qua 02 huyện Khánh Vĩnh và huyện Khánh Sơn, tỉnh Khánh Hòa",Ban Quản lý dự án đầu tư xây dựng các công trình giao thông tỉnh Khánh Hòa,08-12-2023,Hết hạn
1354,DTM,Dự án xây dựng cửa khẩu quốc tế Tân Nam,"xã Tân Bình, huyện Tân Biên, tỉnh Tây Ninh",Ban Quản lý dự án đầu tư xây dựng tỉnh Tây Ninh,08-12-2023,Hết hạn
1355,DTM,"Dự án Hạ tầng kỹ thuật, giải phóng mặt bằng, hỗ trợ và tái định cư công trình Chợ Đầu Mối Hòa Phước","Khu đất thuộc xã Hòa Phước, huyện Hòa Vang, thành phố Đà Nẵng",Ban QLDA Đầu tư xây dựng các Công trình dân dụng và công nghiệp Đà Nẵng,08-12-2023,Hết hạn
1401,DTM,Đầu tư xây dựng và kinh doanh kết cấu hạ tầng khu công nghiệp VSIP Lạng Sơn,"Xã Hồ Sơn và xã Hòa Thắng, huyện Hữu Lũng, tỉnh Lạng Sơn.",Công ty TNHH VSIP Lạng Sơn,08-12-2023,Hết hạn
1345,DTM,"Dự án: Đường giao thông từ bản Phiêng Lời đến bản Long Bong, xã Hua Trai","Bản Long Bong, xã Hua Trai, huyện Mường La, tỉnh Sơn La",Ban Quản lý dự án đầu tư xây dựng các công trình NN&PTNT tỉnh Sơn La,06-12-2023,Hết hạn
1346,DTM,"Đường Vành đai thành phố Biên Hòa, huyện Vĩnh Cửu","Xã Bình Lợi, xã Thạnh Phú, xã Thiện Tân, huyện Vĩnh Cửu, tỉnh Đồng Nai",Ủy ban nhân dân huyện Vĩnh Cửu,06-12-2023,Hết hạn
1327,DTM,"“Dự án Nhà máy Longstar Lighting Thái Bình – Giai đoạn 1""","Tại lô D3, Khu công nghiệp Liên Hà Thái (Green iP-1) (thuộc Khu kinh tế Thái Bình), huyện Thái Thụy, tỉnh Thái Bình",Công ty TNHH Longstar Lingting Thái Bình Việt Nam,05-12-2023,Hết hạn
1328,DTM,Dự án Awonderful Electronics Việt Nam,"Nhà xưởng số 5 (thuê lại của Công ty TNHH Sợi tổng hợp Hailong Việt Nam), Lô L3.2, KCN Đồ Sơn Hải Phòng, phường Tân Thành, quận Dương Kinh, thành phố Hải Phòng",Công ty TNHH Awonderful Electronics Việt Nam,05-12-2023,Hết hạn
1329,DTM,"Dự án “Đường giao thông từ xã Đăk Pne, huyện Kon Rẫy đi huyện KBang, tỉnh Gia Lai”","Xã Đăk Pne, huyện Kon Rẫy, tỉnh Kon Tum",Ủy ban nhân dân huyện Kon Rẫy,05-12-2023,Hết hạn
1330,DTM,Dự án “Nhà máy Công ty TNHH Công nghệ Chuyển động Nextgen (Việt Nam)”,"Xưởng E-04 đường số 6, Khu công nghiệp Hố Nai – Giai đoạn 2, Phường Phước Tân, Thành phố Biên Hòa, Tỉnh Đồng Nai",Công ty TNHH Công nghệ Chuyển động Nextgen (Việt Nam),05-12-2023,Hết hạn
1331,DTM,"“Dự án sản xuất, gia công dây, cáp điện (sản xuất cáp đồng trục, gia công các loại cáp” (Dự án mở rộng, nâng công suất)","Nhà xưởng W1, nhà kho W2C (Thuê lại của Công ty TNHH Deep C Red Hải Phòng) Lô đất CN4.2B, KCN Đình Vũ, phường Đông Hải 2, quận Hải An, thuộc khu kinh tế Đình Vũ – Cát Hải, thành phố Hải Phòng",Công ty TNHH Demax Cable,05-12-2023,Hết hạn
1324,DTM,"Dự án: Xây dựng Đường trục Đông - Tây, huyện Kim Thành và nhánh đi nút giao cầu vượt Quốc Lộ 5 (phân kỳ đầu tư 1/2 quy mô đường Bn = 12m)","Xã Cổ Dũng, xã Tuấn Việt, xã Kim Xuyên, xã Ngũ Phúc, xã Kim Anh, xã Kim Tân, xã  ồng Cẩm, xã Tam Kỳ, huyện Kim Thành, tỉnh Hải Dương",Ban QLDA đầu tư xây dựng huyện Kim Thành,04-12-2023,Hết hạn
1325,DTM,"Dự án: Xây dựng đường nối ĐT296 với đường vành đai IV (Hà Nội), huyện Hiệp Hòa, tỉnh Bắc Giang","Huyện Hiệp Hòa, tỉnh Bắc Giang.",Ban Quản lý dự án đầu tư xây dựng huyện Hiệp Hòa,04-12-2023,Hết hạn
1304,DTM,Dự án Đường dây 220kV Phong Thổ - Than Uyên,"Trên địa bàn tỉnh Lai Châu đi trên địa phận các huyện Phong Thổ, Tam Đường, Tân Uyên, Than Uyên và TP Lai Châu.",Ban Quản lý dự án các công trình điện miền Bắc,01-12-2023,Hết hạn
1305,DTM,Dự án “Nhà máy Ajinomoto Biên Hòa (Điều chỉnh công suất phân bón dạng lỏng từ 314.200 m3/năm xuống 75.000 m3/năm; công suất nguyên liệu thức ăn chăn nuôi – thủy sản dạng lỏng từ 30.000 m3/năm lên 50.000 m3/năm; công suất nguyên liệu thức ăn chăn nuôi – thủy sản dạng rắn từ 5.000 tấn/năm lên 10.000 tấn/năm; công suất phân bón dạng rắn từ 5.010 tấn/năm lên 20.000 tấn/năm; nâng công suất gia vị lỏng Lisa từ 19.000 tấn/năm lên 30.000 tấn/năm)”,"KCN Biên Hòa I, phường An Bình, thành phố Biên Hòa, tỉnh Đồng Nai",Công ty Ajinomoto Việt Nam,01-12-2023,Hết hạn
1306,DTM,Dự án “Nâng công suất Nhà máy sản xuất giấy cuộn từ 72.000 tấn/năm lên 144.000 tấn/năm”,"Khu công nghiệp Đất Cuốc, huyện Bắc Tân Uyên, tỉnh Bình Dương",Công ty TNHH MTV sản xuất bao bì giấy Bình Minh,01-12-2023,Hết hạn
1307,DTM,"Dự án ""Nhà máy Uniben”","Số 32 VSIP II-A, đường số 30, KCN Việt Nam – Singapore II-A, phường Vĩnh Tân, thị xã Tân Uyên, tỉnh Bình Dương",Công ty Cổ phần Uniben,01-12-2023,Hết hạn
1308,DTM,"Dự án ""Nhà máy tổ hợp nhựa và khuôn mẫu chính xác""","Địa điểm số 01: Lô đất B7, B8, KCN Phúc Điền, huyện Cẩm Giàng, tỉnh Hải Dương (địa điểm hiện tại). Địa điểm số 02: Lô A4-1 (thuộc lô đất A4) KCN Phúc Điền mở rộng, huyện Bình Giang, tỉnh Hải Dương (địa điểm đầu tư mới).",Công ty TNHH Công nghệ Vĩnh Hàn Precision,01-12-2023,Hết hạn
1309,DTM,Dự án “Nhà máy sản xuất của USI tại Việt Nam”,"Lô đất CN 4.1H, Khu công nghiệp Đình Vũ, phường Đông Hải 2, quận Hải An, thuộc Khu kinh tế Đình Vũ – Cát Hải, thành phố Hải Phòng, Việt Nam",Công ty TNHH Universal Scientific Industrial Việt Nam,01-12-2023,Hết hạn
1310,DTM,"Dự án “Nhà máy Sunny Automotive Vina” (Dự án mở rộng nhà xưởng sản xuất, nâng tổng công suất sản xuất từ 14.000.000 sản phẩm/năm lên 30.000.000 sản phẩm/năm","Lô CN6 Khu công nghiệp Bình Xuyên II, thị trấn Bá Hiến, huyện Bình Xuyên, tỉnh Vĩnh Phúc",Công ty TNHH Sunny Automotive Vina,01-12-2023,Hết hạn
1311,DTM,Nâng công suất nhà máy sản xuất giấy giấy cuộn từ 72.000 tấn/năm lên 144.000 tấn/năm,"Lô A9 đường D2, KCN Đất Cuốc-Khu B, xã Đất Cuốc, huyện Bắc Tân Uyên, tỉnh Bình Dương.",Công ty TNHH MTV Sản xuất bao bì Giấy Bình Minh.,30-11-2023,Hết hạn
1300,DTM,Dự án “Nhà máy AAC Việt Nam”,"Địa điểm 1 tại lô G10 và địa điểm 2 tại lô K4-1-1, K4-1, K4-2A, K4-2B, K4-2C Khu công nghiệp Quế Võ, phường Vân Dương, thành phố Bắc Ninh, tỉnh Bắc Ninh",Công ty TNHH AAC Technologies Việt Nam,28-11-2023,Hết hạn
1301,DTM,Dự án: “Sản xuất dây điện từ đặc chủng dùng cho động cơ điện hiệu năng cao”,"Thửa đất C-09 và một phần thửa đất C-10, thuộc lô đất CN11, Khu công nghiệp An Dương, TP Hải Phòng",Công ty TNHH khoa học kỹ thuật KingKong (Hải Phòng),28-11-2023,Hết hạn
1293,DTM,Dự án “Công trình nạo vét duy tu luồng hàng hải Đà Nẵng năm 2023”,"Phường Thọ Quang, Quận Sơn Trà, thành phố Đà Nẵng",Tổng Công ty Bảo đảm an toàn hàng hải miền Bắc,27-11-2023,Hết hạn
1294,DTM,Dự án Công trình nạo vét duy tu luồng hàng hải Cửa Lò năm 2023,"Khu luồng tàu của cảng Cửa Lò, đoạn sông Cấm gần cửa biển thuộc địa phận phường Nghi Tân, Nghi Thủy, thị xã Cửa Lò và xã Nghi Thiết, huyện Nghi Lộc, tỉnh Nghệ An",Tổng Công ty bảo đảm an toàn hàng hải Miền Bắc,27-11-2023,Hết hạn
1295,DTM,"Dự án “Đầu tư mở rộng kho chứa hóa chất DVL – sản xuất, pha loãng hóa chất công suất 70.000 tấn/năm”","tại Lô 19, KCN Gò Dầu, xã Phước Thái, huyện Long Thành, Đồng Nai","Công ty TNHH Hóa chất DVL, Đồng Nai",27-11-2023,Hết hạn
1296,DTM,Dự án “Nhà máy sản xuất Công ty TNHH Leader Electric Appliance”,"Đường số 5, KCN Sông Mây, xã Bắc Sơn, huyện Trảng Bom, tỉnh Đồng Nai",Công ty TNHH Leader Electric Appliance,27-11-2023,Hết hạn
1297,DTM,"Dự án “Xây dựng hạ tầng kỹ thuật khu đấu giá quyền sử dụng đất A1, xã Tiên Dương, huyện Đông Anh”","xã Tiên Dương, huyện Đông Anh",Ban Quản lý dự án đầu tư xây dựng huyện Đông Anh,27-11-2023,Hết hạn
1298,DTM,Dự án “Nhà máy FECV FOXCONN Quảng Ninh”,"Địa điểm 1: Lô CN 05, KCN Đông Mai, thị xã Quảng Yên, tỉnh Quảng Ninh và Địa điểm 2: Lô CN M 02, CN S 02, một phần lô CN S 03, một phần lô CN M 01 Khu công nghiệp Sông Khoai, xã Sông Khoai, thị xã Quảng Yên, tỉnh Quảng Ninh",Công ty TNHH Năng lượng và linh kiện EV FOXCONN (Việt Nam),27-11-2023,Hết hạn
1303,DTM,Dự án Đường giao thông liên vùng huyện Diên Khánh,"Thành phố Nha Trang và huyện Diên Khánh, tỉnh Khánh Hòa.",Ban QLDA Đầu tư Xây dựng các Công trình Giao thông tỉnh Khánh Hòa,27-11-2023,Hết hạn
1291,DTM,Dự án “Nhà máy sản xuất kim loại nhôm Xintai”,"Khu vực nhà xưởng cho thuê của công ty TNHH Inox Bùi Gia, huyện Yên Mỹ tỉnh Hưng Yên",Công ty TNHH Xintai Aluminum Việt Nam,24-11-2023,Hết hạn
1292,DTM,"Dự án ""Nhà máy sửa chữa, đóng mới các loại tàu biển và gia công các kết cấu thép""","Mỹ Giang, xã Ninh Phước, thị xã Ninh Hoà, tỉnh Khánh Hoà",Công ty TNHH đóng tàu Hyundai Việt Nam,24-11-2023,Hết hạn
1356,DTM,Dự án “Nhà máy AUO Việt Nam”,"Nhà xưởng xây sẵn số 3 – Trung tâm Công nghiệp GNP Đồng Văn III, Khu công nghiệp Hỗ trợ Đồng Văn III giai đoạn II, thị xã Duy Tiên, tỉnh Hà Nam",Công ty TNHH AUO Việt Nam,24-11-2023,Hết hạn
1289,DTM,"Dự án Trang trại chăn nuôi heo nái, heo thịt công nghệ cao TBT","Xã Phú Định, huyện Bố Trạch, tỉnh Quảng Bình",Công ty TNHH thương mại xăng dầu Đức Phúc,23-11-2023,Hết hạn
1290,DTM,Dự án Dowooinsys Vina,"Lô CN9, Khu công nghiệp Sông Công II, xã Tân Quang, thành phố Sông Công, tỉnh Thái Nguyên",Công ty TNHH Dowooinsys Vina,23-11-2023,Hết hạn
1279,DTM,"Dự án “Bồi thường, hỗ trợ, tái định cư, giải phóng mặt bằng dự án Đường Hoàng Sa - Dốc Sỏi”","Huyện Bình Sơn, Sơn Tịnh và thành phố Quảng Ngãi, tỉnh Quảng Ngãi.",Ban Quản lý dự án đầu tư xây dựng các công trình Giao thông tỉnh Quảng Ngãi,22-11-2023,Hết hạn
1280,DTM,“Dự án Valueplus Vina”,"số 06, đường 3A, Khu công nghiệp, đô thị và dịch vụ VSIP Bắc Ninh, phường Phù Chẩn, thành phố Từ Sơn, tỉnh Bắc Ninh",Công ty TNHH Valueplus Vina,22-11-2023,Hết hạn
1350,DTM,"Dự án “Đầu tư khai thác và tuyển quặng Volfram tại khu vực Thiện Kế - Hội Kế, xã Thiện Kế và Ninh Lai, huyện Sơn Dương, tỉnh Tuyên Quang”","Khu vực Thiện Kế - Hội Kế, xã Thiện Kế và Ninh Lai, huyện Sơn Dương, tỉnh Tuyên Quang",Công ty Cổ phần Xây dựng Khoáng sản Du lịch Hà Nội,22-11-2023,Hết hạn
1266,DTM,Dự án Nhà máy xử lý rác và phát điện Bắc Giang,"Phường Đa Mai, thành phố Bắc Giang, tỉnh Bắc Giang",Công ty TNHH Năng lượng môi trường Bắc Giang,21-11-2023,Hết hạn
1267,DTM,"Dự án “Công ty TNHH Elite Household International, sản xuất các sản phẩm nội thất, gia dụng bằng kim loại công suất 1.950.000 sản phẩm/năm tương đương 22.750 tấn sản phẩm/năm”","Một phần lô số 17, đường số 15, Khu Công nghiệp Châu Đức, xã Nghĩa Thành, huyện Châu Đức, tỉnh Bà Rịa - Vũng Tàu",Công ty TNHH Elite Household International,21-11-2023,Hết hạn
1268,DTM,“Dự án nâng cấp hoàn thiện nhà máy bia Đông Mai công suất lên đến 49 triệu lít/năm”,"Phường Đông Mai, thị xã Quảng Yên, tỉnh Quảng Ninh",Công ty Cổ phần Bia và Nước giải khát Hạ Long,21-11-2023,Hết hạn
1278,DTM,Dự án “Nhà máy Daesin Thái Nguyên”,"Lô CN7 KCN Điềm Thụy (khu A) phường Hồng Tiến VÀ Lô CN3C-1 KCN Yên Bình, phường Hồng Tiến, phường Bãi Bông và phường Đồng Tiến, thành phố Phổ Yên, tỉnh Thái Nguyên",Công ty TNHH Daesin,21-11-2023,Hết hạn
1281,DTM,“Dự án Nhà máy sản xuất pin năng lượng mặt trời Create Capital Việt Nam”,"Lô CN-23, Khu công nghiệp Minh Quân, tỉnh Yên Bái",Công ty cổ phần Create Capital Việt Nam,21-11-2023,Hết hạn
1264,DTM,Dự án “Nhà máy sản xuất tấm pin năng lượng mặt trời CRC Solar”,"Lô A11-2, Khu sản xuất công nghệ cao, Khu công nghệ cao Đà Nẵng, xã Hòa Liên, huyện Hòa Vang, thành phố Đà Nẵng",Công ty Cổ phần Create Capital Việt Nam,20-11-2023,Hết hạn
1265,DTM,Dự án Suntory PepsiCo Bắc Ninh (Bổ sung sản phẩm đồ uống có cồn và nâng công suất sản xuất chung từ 500 triệu lít/năm lên 825 triệu lít/năm),"tại Lô 117, 118, 119 – 120, 121 và 122, KCN đô thị và dịch vụ VSIP Bắc Ninh, phường Phù Chẩn, thành phố Từ Sơn, tỉnh Bắc Ninh",Công ty TNHH Nước giải khát Suntory PepsiCo Việt Nam,20-11-2023,Hết hạn
1258,DTM,Dự án “Nhà máy SMC Việt Nam”,"Một phần lô đất CN12, Khu công nghiệp hỗ trợ Đồng Văn III, Phường Tiên Nội, Thị xã Duy Tiên, tỉnh Hà Nam",Công ty TNHH Đầu tư SMC Việt Nam,19-11-2023,Hết hạn
1261,DTM,Dự án “Nhà máy sản xuất linh kiện điện thoại và ô tô”,"Một phần lô CN2 (ký hiệu lô CN2.7), Khu công nghiệp An Phát 1, Km72, quốc lộ 37, xã Quốc Tuấn, huyện Nam Sách, tỉnh Hải Dương",Công ty TNHH Eduen Vina,19-11-2023,Hết hạn
1262,DTM,"Dự án Khai thác mỏ đá hoa Thung Thom tại xã Châu Cường, huyện Quỳ Hợp, tỉnh Nghệ An","xã Châu Cường, huyện Quỳ Hợp, tỉnh Nghệ An.",Công ty Cổ phần Tư vấn thiết kế và khai thác khoáng sản Miền Tây,18-11-2023,Hết hạn
1347,DTM,Dự án: “Nhà máy công nghệ chính xác FUYU”,"Lô F, lô M1 và lô T1, KCN Quang Châu, huyện Việt Yên, tỉnh Bắc Giang.",Công ty TNHH công nghệ chính xác Fuyu,18-11-2023,Hết hạn
1245,DTM,Dự án Công Ty TNHH Công Nghệ Kersen (Việt Nam)”,"Nhà xưởng A1, A2, Lô 34-35, KCN, đô thị và dịch vụ VSIP Nghệ An",Công Ty TNHH Công Nghệ Kersen (Việt Nam),17-11-2023,Hết hạn
1247,DTM,Dự án CoreMax Việt Nam,"Lô CN 05, Khu Công Nghiệp Nam Tiền Phong, xã Tiền Phong, thị xã Quảng Yên, tỉnh Quảng Ninh",Công ty TNHH VinaCoreMax,17-11-2023,Hết hạn
1257,DTM,"Dự án Khu dân cư Vàng Cao Xá (Thôn Vàng), huyện Tân Yên","Xã Cao Xá và thị trấn Cao Thượng, huyên Tân Yên, tỉnh Bắc Giang",Công ty cổ phần Tập đoàn Sơn Phúc,17-11-2023,Hết hạn
1243,DTM,Dự án “Xây dựng tuyến đường ĐT.384B (đoạn từ nút giao với tuyến đường bộ nối hai đường cao tốc Hà Nội - Hải Phòng với cao tốc Cầu Giẽ - Ninh Bình đến giao với ĐT.378)”,"Các xã Đồng Tiến, xã Dân Tiến, xã Phùng Hưng, xã Liên Khê, xã Chí Tân huyện Khoái Châu, tỉnh Hưng Yên",Ban QLDA đầu tư công trình giao thông – xây dựng,16-11-2023,Hết hạn
1244,DTM,Dự án Hệ thống lắp ráp Pin Li-ion và pin Ni-MH Việt Nam,"Nhà xưởng, văn phòng X3 thuê của Công ty cổ phần đầu tư và phát triển Tường Viên, Lô đất CN5-05B, Khu công nghiệp Nam Đình Vũ (Khu I), Khu kinh tế Đình Vũ - Cát Hải, phường Đông Hải 2, quận Hải An, Thành phố Hải Phòng.",Công ty TNHH Khoa học kỹ thuật Exquisite Power Việt Nam,15-11-2023,Hết hạn
1238,DTM,"Dự án “Xây dựng cầu Ninh Cường vượt sông Ninh Cơ trên QL37B""","trên địa bàn huyện Trực Ninh và huyện Nghĩa Hưng, tỉnh Nam Định",Ban Quản lý dự án Thăng Long,13-11-2023,Hết hạn
1239,DTM,"Dự án “Đầu tư xây dựng công trình khai thác và chế biến quặng chì – kẽm khu vực Phia Đăm – Khuổi Mạn, xã Bằng Thành, huyện Pác Nặm, tỉnh Bắc Kạn”","Xã Bằng Thành, huyện Pác Nặm, tỉnh Bắc Kạn",Công ty TNHH Ngọc Linh,13-11-2023,Hết hạn
1240,DTM,"Dự án nâng cấp, mở rộng đường Hội Bài – Phước Tân (ĐT992) đoạn từ QL51 đến đường cao tốc Biên Hòa – Vũng Tàu","Xã Châu Pha, xã Tóc Tiên và xã Tân Hòa (huyện Phú Mỹ, tỉnh Bà Rịa – Vũng Tàu)",Ban Quản lý Dự án giao thông khu vực cảng Cái Mép – Thị Vải,13-11-2023,Hết hạn
1241,DTM,Dự án Nhà máy DA ALL VINA – Khu công nghiệp Thuận Thành 3,"Lô G3, Khu công nghiệp Thuận Thành 3 phân khu B, Khu Phố Ngọc Khám, Phường Gia Đông Thị xã Thuận Thành, Tỉnh Bắc Ninh",Công ty TNHH DA ALL VINA,13-11-2023,Hết hạn
1242,DTM,Nhà máy SMC Việt Nam,"KCN hỗ trợ Đồng Văn III, phường Tiên Nội, thị xã Duy Tiên, tỉnh Hà Nam",Công ty TNHH Đầu tư SMC Việt Nam,13-11-2023,Hết hạn
1246,DTM,Nhà máy phát triển năng lượng Trina Solar,"Lô CN-14, Khu công nghiệp Yên Bình, phường Hồng Tiến, thành phố Phổ Yên, tỉnh Thái Nguyên.",Công ty TNHH Phát triển năng lượng Trina Solar,13-11-2023,Hết hạn
1236,DTM,Dự án: Nhà máy mới Nitto Việt Nam,"Lô đất số T3, T4 và T8, khu công nghiệp Thăng Long II, phường Phùng Chí Kiên, thị xã Mỹ Hào, tỉnh Hưng Yên",Công ty TNHH Nitto Việt Nam (chi nhánh Hưng Yên),12-11-2023,Hết hạn
1237,DTM,Dự án Công ty TNHH Longstar Lighting (Việt Nam Hải Phòng) (bổ sung dây chuyền đúc khuôn và sơn tĩnh điện),"Lô P7, KCN Tràng Duệ, xã An Hòa, huyện An Dương, TP.Hải Phòng",Công ty TNHH Longstar Lighting (Việt Nam Hải Phòng),12-11-2023,Hết hạn
1235,DTM,"Dự án: Xây dựng hạ tầng kỹ thuật Khu Bệnh viện đa khoa tỉnh và các cơ quan y tế - giáo dục chất lượng cao tại khu vực Nam Cầu Trắng, phường Hồng Hà và phường Hà Tu, thành phố Hạ Long","Phường Hồng Hà, phường Hà Tu, thành phố Hạ Long, tỉnh Quảng Ninh",Ban Quản lý dự án đầu tư xây dựng thành phố Hạ Long,11-11-2023,Hết hạn
473,DTM,“Dự án Công ty TNHH Công nghệ Goodway Việt Nam – Giai đoạn 1”,"Lô E2-1, thuộc Lô E2, Khu Công nghiệp Liên Hà Thái (Green iP-1), thuộc Khu Kinh tế Thái Bình, huyện Thái Thụy, tỉnh Thái Bình",Công ty TNHH Công nghệ Good Way Việt Nam,08-11-2023,Hết hạn
474,DTM,"Dự án đầu tư xây dựng mới Đường tỉnh 938, đoạn từ Đường tỉnh 940 đến Quốc lộ 61B và cầu trên tuyến","Tuyến đường đi qua các xã Mỹ Thuận huyện Mỹ Tú; xã Lâm Tân, Thạnh Tân huyện Thạnh Trị và xã Tân Long Thị xã Ngã Năm, tỉnh Sóc Trăng",Ban Quản lý dự án 2 tỉnh Sóc Trăng,08-11-2023,Hết hạn
475,DTM,"Dự án Đầu tư xây dựng tuyến đường trục vành đai kinh tế T4 (đoạn từ ĐT.499B đến ĐT.495B), huyện Thanh Liêm, tỉnh Hà Nam","Đoạn tuyến đi qua thị trấn Tân Thanh, xã Thanh Hương và xã Thanh Tâm thuộc huyện Thanh Liêm, tỉnh Hà Nam",Ban Quản Lý Dự án đầu tư xây dựng huyện Thanh Liêm,08-11-2023,Hết hạn
476,DTM,"Dự án: “Cấp điện từ lưới điện quốc gia cho huyện Côn Đảo, tỉnh Bà Rịa – Vũng Tàu”","Thị xã Vĩnh Châu, tỉnh Sóc Trăng và huyện Côn Đảo, tỉnh Bà Rịa – Vũng Tàu",Ban Quản lý dự án Điện 3,08-11-2023,Hết hạn
470,DTM,"Dự án “Nhà máy Công ty TNHH Giấy Tân Vĩnh Thành” (Sản xuất giấy từ giấy phế liệu, nâng công suất từ 21.600 tấn/năm lên 100.000 tấn/năm)","Ô A9.2, lô A9, đường D2, khu công nghiệp KSB - Khu B, huyện Bắc Tân Uyên, tỉnh Bình Dương",Công ty TNHH Giấy Tân Vĩnh Thành,07-11-2023,Hết hạn
471,DTM,"Dự án Trang trại lợn Ngọc Khê (Nâng công suất từ 1.200 lợn nái sinh sản, 24 lợn đực giống lên 1.200 lợn nái sinh sản, 24 lợn được giống, lợn thịt với công suất 5000 con)","Xóm Bản Nhom, xã Ngọc Khê, huyện Trùng Khánh, tỉnh Cao Bằng",Công ty TNHH Một thành viên Tân Sơn Khánh,07-11-2023,Hết hạn
472,DTM,"Dự án Nhà máy điện rác Seraphin tại Khu xử lý chất thải rắn Xuân Sơn, thị xã Sơn Tây","xã Xuân Sơn, thị xã Sơn Tây, Thành phố Hà Nội",Công ty Cổ phần Công nghệ Môi trường Xanh Seraphin,07-11-2023,Hết hạn
469,DTM,Dự án Nhà máy điện tử Foxlink Đà Nẵng,"Lô J4 và Lô A1, Khu công nghệ cao Đà Nẵng, xã Hòa Liên, huyện Hòa Vang, thành phố Đà Nẵng",Công ty TNHH Foxlink Đà Nẵng,06-11-2023,Hết hạn
467,DTM,"Dự án Trồng rừng sản xuất và xây dựng hồ chứa nước, xã Si Pa Phìn và xã Phìn Hồ, huyện Nậm Pồ, tỉnh Điện Biên","xã Si Pa Phìn và xã Phìn Hồ, huyện Nậm Pồ, tỉnh Điện Biên",Công ty TNHH thương mại và xây dựng số 6,03-11-2023,Hết hạn
468,DTM,"Dự án: Nhà máy sản xuất tai nghe, dây kết nối New Wing","tại các lô CN06, CN07-5, CN08, CN09 và CN15 thuộc KCN Vân Trung tại xã Vân Trung, huyện Việt Yên, tỉnh Bắc Giang",Công ty TNHH New Wing Interconnect Technology (Bắc Giang),03-11-2023,Hết hạn
1260,DTM,"Dự án “Phát triển trang trại nuôi heo tập trung, quy mô 3.000 heo nái sinh sản”","Xã Quảng Phú, huyện Krông Nô, tỉnh Đắk Nông",Công ty TNHH MTV Chăn nuôi Hải Hà,03-11-2023,Hết hạn
448,DTM,"Hệ thống công trình điều tiết, bổ sung nước phục vụ nuôi trồng thủy sản vùng phía nam Quốc lộ 1A, tỉnh Bạc Liêu",Tỉnh Bạc Liêu,Ban Quản lý Đầu tư và Xây dựng Thủy lợi 10 - Bộ Nông nghiệp và Phát triển Nông thôn,01-11-2023,Hết hạn
449,DTM,Khu đô thị mới Hậu Nghĩa - Đức Hòa,"hị trấn Hậu Nghĩa, xã Đức Lập Thượng và xã Tân Mỹ, huyện Đức Hòa, tỉnh Long An",Công ty Cổ phần Phát triển Thành Phố Xanh,01-11-2023,Hết hạn
450,DTM,Xây dựng khu xử lý rác thải y tế tập trung bằng công nghệ đất áp suất âm không khói tại địa bàn tỉnh Lạng Sơn,"Thôn Kéo Van, xã Bắc Việt, huyện Vãn Lãng, tỉnh Lạng Sơn",Công ty cổ phần Sara Việt Nam,01-11-2023,Hết hạn
451,DTM,"Công ty TNHH Motomotion Việt Nam “Nâng công suất nhà máy sản xuất ghế điện từ 327.600 cái/năm lên 1.000.000 cái/năm; động cơ và thiết bị truyền động từ 234.000 cái/năm lên 1.404.000 cái/năm; giường điện từ 421.200 cái/năm lên 600.000 cái/năm; kết cấu giường và ghế từ 499.200 cái/năm lên 1.248.000 cái/năm; bổ sung sản xuất dây cáp điện 300.000 sợi/năm; mở rộng nhà xưởng và văn phòng sử dụng tổng diện tích 25.204,4 m2”","Khu công nghiệp Mỹ Phước 2 và 3, phường Thới Hòa và Mỹ Phước, thị xã Bến Cát, tỉnh Bình Dương",Công ty TNHH Motomotion Việt Nam,01-11-2023,Hết hạn
452,DTM,Khu đô thị ven sông Vinh tại phường Vinh Tân - thành phố Vinh,"Phường Vinh Tân, thành phố Vinh, tỉnh Nghệ An",Công ty Cổ phần Phát triển TD-Homes Vinh Tân,01-11-2023,Hết hạn
441,DTM,Dự án “Công ty TNHH MTV Công nghệ MTC (Việt Nam) - sản xuất bộ định tuyến công suất 600.000 sản phẩm/năm (tương đương 422.000 tấn sản phẩm/năm); thiết bị chuyển đổi tín hiệu số công suất 600.000 sản phẩm/năm (tương đương 461.400 tấn sản phẩm/năm); đèn Led chiếu sáng công suất 800.000 sản phẩm/năm (tương đương 1.340 tấn sản phẩm/năm); thanh đèn Led công suất 110.000.000 sản phẩm/năm (tương đương 3.740 tấn sản phẩm/năm); tivi công suất 1.500.000 sản phẩm/năm (tương đương 15.045 tấn sản phẩm/năm)”,"Đường số D3, KCN Nhơn Trạch II- Lộc Khang, xã Phú Hội, huyện Nhơn Trạch, tỉnh Đồng Nai",Công ty TNHH MTV Công nghệ MTC (Việt Nam),31-10-2023,Hết hạn
442,DTM,"“Dự án đầu tư xây dựng công trình khai thác đá vôi làm nguyên liệu xi măng tại khu vực mỏ đá vôi K36 thuộc địa bàn xã Thanh Sơn, huyện Kim Bảng, tỉnh Hà Nam”","Xã Thanh Sơn, huyện Kim Bảng, tỉnh Hà Nam",Công ty CP xi măng Long Thành,31-10-2023,Hết hạn
444,DTM,"Dự án “Đầu tư điều chỉnh công suất khai thác đá vôi làm nguyên liệu xi măng tại mỏ đá vôi Yên Lĩnh, xã Tràng Đà, TP Tuyên Quang, tỉnh Tuyên Quang","xã Tràng Đà, thành phố Tuyên Quang, tỉnh Tuyên Quang",Công ty Cổ phần Xi măng Tuyên Quang,31-10-2023,Hết hạn
445,DTM,"Dự án phát triển nhà ở thương mại Khu đô thị Hoàng Diệu – Đông Hòa, thành phố Thái Bình, tỉnh Thái Bình”","Thành phố Thái Bình, tỉnh Thái Bình",Công ty cổ phần Eco Lake Thái Bình,31-10-2023,Hết hạn
446,DTM,"Dự án đầu tư xây dựng và kinh doanh cơ sở hạ tầng Khu công nghiệp Phúc Điền mở rộng, huyện Bình Giang, tỉnh Hải Dương","Xã Vĩnh Hồng, Vĩnh Hưng, Hùng Thắng, huyện Bình Giang, tỉnh Hải Dương",Công ty CP Đầu tư Trung Quý - Bắc Ninh,31-10-2023,Hết hạn
443,DTM,"Dự án: Đường giao thông xã Chiềng Dong – Phiêng Cằm, huyện Mai Sơn, tỉnh Sơn La","Xã Chiềng Dong, xã Phiêng Cằm, huyện Mai Sơn, tỉnh Sơn La.",Ban QLDA đầu tư xây dựng các công trình nông nghiệp và phát triển nông thôn tỉnh Sơn La,30-10-2023,Hết hạn
447,DTM,"Dự án đầu tư xây dựng nhà máy sản xuất đồ kiến trúc gia dụng, linh kiện bằng kim loại","Lô C1+C2+C3+C4+C*, khu công nghiệp Phúc Khánh, thành phố Thái Bình, tỉnh Thái Bình.",Công ty TNHH Công nghiệp Tactician,30-10-2023,Hết hạn
430,DTM,Dự án: Đầu tư xây dựng đường Vành đai 4 Thành phố Hồ Chí Minh đoạn từ cầu Thủ Biên - sông Sài Gòn (giai đoạn 1),"Tuyến dự án đi qua 12 phường xã, bao gồm: xã Thường Tân, xã Tân Mỹ, xã Tân Lập và xã Bình Mỹ (huyện Bắc Tân Uyên); phường Uyên Hưng, phường Hội Nghĩa và phường Vĩnh Tân (thành phố Tân Uyên); phường Hòa Phú (thành phố Thủ Dầu Một); phường Hòa Lợi, phường Thới Hòa, xã An Điền và xã An Tây (thị xã Bến Cát) thuộc tỉnh Bình Dương",Tổng công ty Đầu tư và Phát triển công nghiệp - CTCP,27-10-2023,Hết hạn
431,DTM,Dự án Thủy điện suối Lèo,"xã Tân Lang, huyện Phù Yên, tỉnh Sơn La",Công ty TNHH xây dựng và thương mại Tiến Anh,27-10-2023,Hết hạn
432,DTM,Dự án “Đầu tư trụ sở cơ quan Thi hành án dân sự giai đoạn 2021-2025 trên địa bàn tỉnh Hà Tĩnh và tỉnh Quảng Bình”,Trên địa bàn tỉnh Hà Tĩnh và tỉnh Quảng Bình,Cục Thi hành án dân sự tỉnh Hà Tĩnh,27-10-2023,Hết hạn
434,DTM,"Dự án “Đầu tư xây dựng nhà máy giấy Hapaco""","Thôn Tiên Nông, xã Đại Bản, huyện An Dương, thành phố Hải Phòng",Công ty Cổ phần giấy Hải Phòng Hapaco,27-10-2023,Hết hạn
435,DTM,Dự án Đầu tư dây chuyền nấu nhôm của Nhà máy Z117,"Khu B của Nhà máy Z117, xã Mai Đình, huyện Sóc Sơn, Thành phố Hà Nội.",Công ty TNHH Một thành viên Cơ khí 17,27-10-2023,Hết hạn
436,DTM,"Dự án: Hồ chứa nước Ia Thul, tỉnh Gia Lai","Trên nhánh sông Ia Thul, tại địa phận xã Ia Tul, huyện Ia Pa, tỉnh Gia Lai",Ban Quản lý Đầu tư và Xây dựng Thủy lợi 8,27-10-2023,Hết hạn
437,DTM,Dự án: Nhà máy sản xuất thiết bị điện tử thông minh số 2,"Lô CN1-07-2, CN1-07-3, Khu Công nghiệp công nghệ cao 1, Khu Công nghệ cao Hòa Lạc, xã Hạ Bằng, huyện Thạch Thất, thành phố Hà Nội",Công ty Cổ phần Quản lý Năng lượng Thông minh,27-10-2023,Hết hạn
438,DTM,"Dự án “Nhà máy sản xuất dây điện tích hợp với phụ kiện; sản xuất ổ cắm điện; sản xuất dụng cụ chống sét; sản xuất đèn chiếu sáng; sản xuất, lắp ráp, đóng gói linh kiện, phụ kiện liên quan cho điện thoại và cho máy tính; sản xuất nắp nhựa hộp sản phẩm; sản xuất linh kiện điện, phụ kiện điện bằng nhựa; sản xuất linh kiện điện, phụ kiện điện bằng kim loại; sản xuất các thiết bị sử dụng điện một chiều/ đa chiều: lò sưởi, bàn sưởi, phụ kiện dành cho thiết bị sưởi; sản xuất tủ mát; sản xuất quạt điện; sản xuất giường y tế với tổng công suất 5.770.000 sản phẩm/năm”","KCN Việt Nam – Singapore II, KCN Mapletree Bình Dương, KCN Việt Nam – Singapore II-A, tỉnh Bình Dương",Công ty TNHH Noa Việt Nam,27-10-2023,Hết hạn
439,DTM,Dự án Công ty TNHH Công nghệ Everwin Precision (Việt Nam).,"Khu công nghiệp, đô thị và Dịch vụ VSIP Nghệ An,  xã Hưng Tây, huyện Hưng Nguyên, tỉnh Nghệ An.",CÔNG TY TNHH Công nghệ Everwin Precision (Việt Nam),27-10-2023,Hết hạn
429,DTM,"Dự án “Nhà máy chế tạo thiết bị điện tử, phương tiện thiết bị mạng và các sản phẩm âm thanh đa phương tiện""","8 địa điểm thuộc Khu công nghiệp Quế Võ; Khu công nghiệp Quế Võ 3, Khu công nghiệp Quế Võ (Khu mở rộng), tỉnh Bắc Ninh",Công ty TNHH khoa học kỹ thuật Goertek Vina,26-10-2023,Hết hạn
418,DTM,"Dự án đầu tư xây dựng và kinh doanh hạ tầng cụm công nghiệp An Phụ, thị xã Kinh Môn",Phường Long Xuyên và phường An Phụ - thị xã Kinh Môn - tỉnh Hải Dương,Công ty cổ phần đầu tư Newland,25-10-2023,Hết hạn
419,DTM,"Dự án “Nhà máy sản xuất, lắp ráp đèn Led chiếu sáng - Dự án nâng công suất”","Lô 243, đường 12, KCN Amata, P. Long Bình, TP. Biên Hòa, Đồng Nai.",Công ty Cổ phần Thiết bị điện Phước Thạnh,25-10-2023,Hết hạn
420,DTM,Dự án Đầu tư trụ sở cơ quan Thi hành án dân sự giai đoạn 2021 – 2025 trên địa bàn tỉnh Phú Thọ và tỉnh Vĩnh Phúc,Trên địa bàn tỉnh Phú Thọ và tỉnh Vĩnh Phúc,Cục thi hành án dân sự tỉnh Phú Thọ,25-10-2023,Hết hạn
417,DTM,Dự án “Công ty TNHH Unitex Wan Guan Technology (Việt Nam)”,"Đường số 3, KCN Hoà Khánh, Phường Hoà Khánh Bắc, Quận Liên Chiểu, Thành phố Đà Nẵng",Công ty TNHH Unitex Wan Guan Technology (Việt Nam),24-10-2023,Hết hạn
412,DTM,Dự án đầu tư “Công ty TNHH Azurewave Technologies (Việt Nam)”,"Tầng 1, Toà nhà 5 (thuê của Công ty TNHH Pegatron Việt Nam), Khu đất CN3, KCN Deep C 2A, thuộc Khu kinh tế Đình Vũ – Cát Hải, phường Đông Hải 2, quận Hải An, thành phố Hải Phòng.",Công ty TNHH Azurewave Technologies (Việt Nam),23-10-2023,Hết hạn
413,DTM,"Dự án “Khu tái định cư Khe Hộc, bản Huồi Pủng, xã Hữu Khuông, huyện Tương Dương”","Khu tái định cư Khe Hộc, bản Huồi Pủng, xã Hữu Khuông, huyện Tương Dương",UBND huyện Tương Dương,23-10-2023,Hết hạn
414,DTM,Dự án Thủy điện Vàng Ma Chải 2,"Công trình nằm trên địa bàn 5 xã: Vàng Ma Chải, Pa Vây Sử, Tung Qua Lìn, Dào San, Bản Lang, huyện Phong Thổ, tỉnh Lai Châu",Cổ phần Đầu tư Phát triển Năng lượng Nam Việt,23-10-2023,Hết hạn
415,DTM,Dự án Thủy điện Vàng Ma Chải 3,"Tại xã Vàng Ma Chải, xã Dào San, huyện Phong Thổ, tỉnh Lai Châu",Công ty Cổ phần Đầu tư Phát triển Năng lượng Nam Việt,23-10-2023,Hết hạn
416,DTM,"Dự án xây dựng đường giao thông vào trung tâm xã Nhôn Mai và Mai Sơn, huyện Tương Dương","xã Hữu Khuông, huyện Tương Dương, tỉnh Nghệ An",Sở Giao thông vận tải Nghệ An,23-10-2023,Hết hạn
410,DTM,Dự án Khu Du lịch sinh thái Tam Đảo II - Bến Tắm - Thác 75,"Vườn Quốc gia Tam Đảo, tỉnh Vĩnh Phúc",Công ty TNHH Mặt trời Tam Đảo,20-10-2023,Hết hạn
411,DTM,Nhà máy sản xuất-lắp ráp các sản phẩm động cơ Raidon III,"đường D2, KCN Yên Mỹ II, xã Trung Hưng và thị trấn Yên Mỹ, huyện Yên Mỹ, tỉnh Hưng Yên.",Công ty TNHH Công nghệ Raidon,20-10-2023,Hết hạn
397,DTM,Nhà máy DONG HWAN ELECTRONIC Vina,"Lô CN08-1, Khu công nghiệp Bình Xuyên II, thị trấn Bá Hiến, huyện Bình Xuyên, tỉnh Vĩnh Phúc,",Công ty TNHH DONG HWAN ELECTRONIC Vina,19-10-2023,Hết hạn
408,DTM,“Dự án Bờ kè chống sạt lở khu du lịch Khai Long kết hợp du lịch”,"Khu đất thực hiện dự án thuộc ấp Rạch Thọ, xã Đất Mũi, huyện Ngọc Hiển, tỉnh Cà Mau",Công ty TNHH Xây dựng - Thương mại - Du lịch Công Lý,19-10-2023,Hết hạn
409,DTM,Dự án Nhà máy Công ty TNHH Mocal Creative,"Lô số 9-2, 9-3, 9-5, 9-6 Đại lộ Calmette, KCN Quốc tế Protrade, xã An Tây, thị xã Bến Cát, tỉnh Bình Dương",Công ty TNHH Mocal Creative,19-10-2023,Hết hạn
386,DTM,"Dự án “Đầu tư trang trại chăn nuôi heo Anh Dũng” tại xã Ia Ga, huyện Chư Prông, tỉnh Gia Lai","tại xã Ia Ga, huyện Chư Prông, tỉnh Gia Lai",Công ty TNHH Anh Dũng Gia Lai,18-10-2023,Hết hạn
378,DTM,"Dự án “Phát triển nông thôn thích ứng với thiên tai, tỉnh Yên Bái”","Các huyện Lục Yên, Văn Yên, Yên Bình, Văn Chấn, Trấn Yên và thị xã Nghĩa Lộ, tỉnh Yên Bái",Ban Quản lý dự án Đầu tư xây dựng tỉnh Yên Bái,17-10-2023,Hết hạn
379,DTM,Dự án Công ty TNHH Magnetec Việt Nam,"Khối B-1 và khối B-2, thuộc lô CN4-01, Khu phi thuế quan và KCN Nam Đình Vũ, thuộc Khu kinh tế Đình Vũ - Cát Hải, phường Đông Hải 2, quận Hải An, thành phố Hải Phòng",Công ty TNHH Magnetec Việt Nam,17-10-2023,Hết hạn
380,DTM,"Dự án đầu tư xây dựng công trình mỏ lộ thiên khai thác đá làm vật liệu xây dựng thông thường, dolomit, đá vôi tại mỏ núi Hải Phú, xã Thanh Nghị và xã Thanh Hải, huyện Thanh Liêm, tỉnh Hà Nam","xã Thanh Nghị và xã Thanh Hải, huyện Thanh Liêm, tỉnh Hà Nam",Công ty TNHH Khoáng sản Trang Huy,17-10-2023,Hết hạn
381,DTM,“Dự án Công ty TNHH J-Technology Vina”,"Lô CN-15, Khu công nghiệp Vân Trung, xã Vân Trung, huyện Việt Yên, tỉnh Bắc Giang",Công ty TNHH J-Technology Vina,17-10-2023,Hết hạn
382,DTM,Dự án đầu tư Nhà máy Hadanbi Vina,"Khu công nghiệp Điềm Thụy, xã Điềm Thụy, huyện Phú Bình, tỉnh Thái Nguyên; và Lô CN18, Khu công nghiệp Yên Bình, phường Đồng Tiến, thành phố Phổ Yên, tỉnh Thái Nguyên",Công ty TNHH Hadanbi Vina,17-10-2023,Hết hạn
383,DTM,Dự án Trạm biến áp 220kV Nghĩa Lộ và đường dây 220kV đấu nối Nghĩa Lộ - Trạm biến áp 500kV Việt Trì,"Đoạn điều chỉnh nằm trên địa bàn 24 xã thuộc 05 huyện của tỉnh Yên Bái, Phú Thọ","Tổng Công ty Truyền tải điện Quốc gia (EVNNPT), đơn vị quản lý dự án là Ban Quản lý dự án các công trình điện miền Trung (CPMB)",17-10-2023,Hết hạn
384,DTM,Dự án sản xuất sản phẩm thiết bị giám sát an ninh,"Thửa đất C23 Lô CN10 Khu công nghiệp An Dương, xã Hồng Phong, huyện An Dương, thành phố Hải Phòng",Công ty TNHH công nghệ Starvision (Việt Nam),17-10-2023,Hết hạn
372,DTM,"Dự án ""Đầu tư xây dựng và kinh doanh kết cấu hạ tầng khu công nghiệp Lương Điền - Ngọc Liên""","Phường xã Lương Điền, xã Ngọc Liên, huyện Cẩm Giàng, tỉnh Hải Dương.",Công ty cổ phần khu công nghiệp Lương Điền - Ngọc Liên,16-10-2023,Hết hạn
374,DTM,"Dự án đầu tư trang trại chăn nuôi heo nái Cường Lộc tại xã Ia Lâu, huyện Chư Prông, tỉnh Gia Lai","tại xã Ia Lâu, huyện Chư Prông, tỉnh Gia Lai",Công ty TNHH Cường Lộc Gia Lai,16-10-2023,Hết hạn
376,DTM,Dự án Sam Hwa Yang Heng Vina – 2 (giai đoạn 2),"Khu công nghiệp Điềm Thụy, xã Điềm Thụy, huyện Phú Bình, tỉnh Thái Nguyên",Công ty TNHH Sam Hwa Yang Heng Vina,16-10-2023,Hết hạn
377,DTM,"Dự án trang trại chăn nuôi heo thịt Hưng Lộc tại xã Ia Piơr, huyện Chư Prông, tỉnh Gia Lai","xã Ia Piơr, huyện Chư Prông, tỉnh Gia Lai",Công ty TNHH Hưng Lộc Gia Lai,16-10-2023,Hết hạn
370,DTM,"""Dự án Công ty Song Hào”","Khu Gò Rùa, phường Khai Quang, thành phố Vĩnh Yên, tỉnh Vĩnh Phúc",Công ty TNHH điện tử Song Hào,15-10-2023,Hết hạn
371,DTM,"Dự án “Khai thác và chế biến mỏ đất hiếm Bắc Nậm Xe, huyện Phong Thổ, tỉnh Lai Châu”","xã Nậm Xe, huyện Phong Thổ, tỉnh Lai Châu",Công ty TNHH xây dựng Hưng Hải,15-10-2023,Hết hạn
373,DTM,"Dự án: Đầu tư xây dựng và kinh doanh cơ sở hạ tầng KCN Thụy Vân, tỉnh Phú Thọ","KCN Thụy Vân, tỉnh Phú Thọ",Trung tâm phát triển hạ tầng và dịch vụ khu công nghiệp (thuộc Ban Quản lý các Khu công nghiệp tỉnh Phú Thọ).,14-10-2023,Hết hạn
367,DTM,Dự án “Nhà máy sản xuất Công ty TNHH Olympia Lighting Việt Nam”,"Nhà xưởng A-18-3-CN E, lô A-18-CN, đường NX3, KCN Bàu Bàng, thị trấn Lai Uyên, huyện Bàu Bàng, tỉnh Bình Dương",Công ty TNHH Olympia Lighting Việt Nam,13-10-2023,Hết hạn
368,DTM,Dự án “Điện mặt trời Dầu Tiếng 5”,"Xã Suối Đá, huyện Dương Minh Châu, tỉnh Tây Ninh",Công ty CP Năng lượng DT5.1,13-10-2023,Hết hạn
369,DTM,Dự án “Khu du lịch sinh thái Biển Xanh”,"Xã Bưng Riềng và Bông Trang, huyện Xuyên Mộc, tỉnh Bà Rịa - Vũng Tàu",Công Ty Cổ phần Du lịch Biển Xanh,13-10-2023,Hết hạn
353,DTM,Dự án “Giải phóng mặt bằng ĐT.823D (Trục mở mới Tây Bắc kết nối Long An – TP.HCM)”,"Tuyến dự án đi qua 3 xã và 1 thị trấn thuộc huyện Đức Hòa, tỉnh Long An bao gồm xã Đức Hòa Đông, xã Đức Hòa Thượng, xã Hòa Khánh Đông và thị trấn Đức Hoà",Ban Quản lý dự án đầu tư xây dựng Huyện Đức Hoà,12-10-2023,Hết hạn
354,DTM,Trang trại chăn nuôi heo EaBar 1,"Buôn Trinh, xã EaBar, huyện Sông Hinh, tỉnh Phú Yên",Công ty Cổ phần chăn nuôi Phú Yên,12-10-2023,Hết hạn
355,DTM,Dự án đầu tư cơ sở mới Sunny Automotive quang học Vina,"Lô B-2-1 và B-2-2, Khu công nghiệp WHA Industrial Zone 1 - Nghệ An, xã Nghi Đồng, xã Nghi Hưng, huyện Nghi Lộc, tỉnh Nghệ An",Công ty TNHH Sunny Automotive Quang học Việt Nam,12-10-2023,Hết hạn
348,DTM,Dự án Trang trại nuôi heo nái Hiệp Phát Cao Nguyên,"Thôn Voong Boong, xã Chư Răng, huyện Ia Pa, tỉnh Gia Lai",Công ty TNHH Hiệp Phát Cao Nguyên,11-10-2023,Hết hạn
349,DTM,"Dự án “Trang trại chăn nuôi lợn Điền Thượng, Bá Thước” tại xã Điền Thượng, huyện Bá Thước, tỉnh Thanh Hóa","tại xã Điền Thượng , huyện Bá Thước , tỉnh Thanh Hóa",Công ty cổ phần chăn nuôi và dịch vụ thương mại Hưng Phát,11-10-2023,Hết hạn
351,DTM,"Dự án “Nhà máy sản xuất khớp nối kim loại, công suất 13.000 tấn/năm (Bổ sung công đoạn đúc và bắn cát)”","Lô B4-B5-B6 Đường số 1, KCN Thuận Đạo, thị trấn Bến Lức, huyện Bến Lức, tỉnh Long An",Công ty TNHH CODARESOURCES Việt Nam,11-10-2023,Hết hạn
352,DTM,"Dự án đầu tư “Công ty TNHH Momentum Industrial (VietNam)” (Thiết kế, sản xuất và lắp ráp linh kiện điện tử quy mô 500 tấn/năm; thiết kế, sản xuất và lắp ráp phụ kiện nhựa quy mô 300 tấn/năm; thiết kế, sản xuất và lắp ráp phụ kiện kim loại quy mô 200 tấn/năm)","Toà nhà xưởng tiêu chuẩn F, Lô Va.06-08-10c, đường số 17, Khu chế xuất Tân Thuận, phường Tân Thuận Đông, quận 7, thành phố Hồ Chí Minh",Công ty TNHH Momentum Industrial (VietNam),11-10-2023,Hết hạn
1351,DTM,Dự án: “Nhà máy công nghệ chính xác FUYU”,"Lô F, lô M1 và lô T1, KCN Quang Châu, huyện Việt Yên, tỉnh Bắc Giang.",Công ty TNHH công nghệ chính xác Fuyu,11-10-2023,Hết hạn
1465,DTM,Dự án “Công ty TNHH MPT Solution (Việt Nam)”,"Lô G1-3-4-6-8 và lô E9-1 Khu công nghiệp Quế Võ, phường Vân Dương, thành phố Bắc Ninh, tỉnh Bắc Ninh",Công ty TNHH MPT Solution (Việt Nam),11-10-2023,Hết hạn
340,DTM,Dự án: “Nhà máy sản xuất giấy Kraft Vina công suất 800.000 tấn/năm”,"Lô CN-K, CN-M và CN-N, Khu công nghiệp Bình Xuyên, huyện Bình Xuyên, tỉnh Vĩnh Phúc",Công ty TNHH Giấy Kraft Vina,10-10-2023,Hết hạn
341,DTM,Dự án Thủy điện Thượng Hà,"Xã Thượng Hà, thị trấn Bảo Lạc và xã Bảo Toàn, huyện Bảo Lạc, tỉnh Cao Bằng",Công ty cổ phần tập đoàn PC1,10-10-2023,Hết hạn
342,DTM,"Dự án Nhà máy sản xuất vỏ điện thoại di động kỹ thuật cao và các linh kiện điện tử kỹ thuật cao khác - Điều chỉnh, bổ sung sản phẩm","KCN Yên Phong, huyện Yên Phong, tỉnh Bắc Ninh",Công ty TNHH Intops Việt Nam,10-10-2023,Hết hạn
343,DTM,Dự án “Khu du lịch sinh thái số 02”,"Xã Trung Mỹ, huyện Bình Xuyên, tỉnh Vĩnh Phúc",Công ty Cổ phần Nam Tam Đảo,10-10-2023,Hết hạn
344,DTM,Dự án công nghệ điện tử Heatmoving Việt Nam,"Nhà xưởng thuê lại của Công ty TNHH Jex Việt Nam thuộc thửa L7.4, Lô 7 KCN Đồ Sơn Hải Phòng, phường Ngọc Xuyên, quận Đồ Sơn, thành phố Hải Phòng",Công ty TNHH Công nghệ điện tử Heatmoving Việt Nam,10-10-2023,Hết hạn
334,DTM,"Dự án: Phát triển cơ sở hạ tầng thích ứng với biến đổi khí hậu để hỗ trợ sản xuất cho đồng bào dân tộc các tỉnh miền núi, trung du phía Bắc, tỉnh Cao Bằng","3 huyện: Hà Quảng, Trùng Khánh và Nguyên Bình, tỉnh Cao Bằng",Ban Quản lý dự án Đầu tư và xây dựng tỉnh Cao Bằng,09-10-2023,Hết hạn
335,DTM,Dự án: Trang trại chăn nuôi heo nái Gia Lai Phát,"xã Ia Lâu, huyện Chư Prông, tỉnh Gia Lai",Công ty TNHH Gia Lai Phát,09-10-2023,Hết hạn
339,DTM,"Dự án đầu tư xây dựng, kinh doanh kết cấu hạ tầng Khu công nghiệp Đức Hòa III-Slico","Xã Đức Lập Hạ, huyện Đức Hòa, tỉnh Long An",Công ty Cổ phần đầu tư xây dựng kinh doanh hạ tầng Khu công nghiệp Sài Gòn - Long An,09-10-2023,Hết hạn
336,DTM,"Dự án ""Trang trại chăn nuôi gà”, quy mô 350.000 con gà thịt""","Xã Tân Lợi, huyện Đồng Phú, tỉnh Bình Phước",Công ty TNHH Chăn nuôi Tân Lợi BP,08-10-2023,Hết hạn
337,DTM,"Dự án “Xây dựng nhà máy xử lý nước thải thành phố Vĩnh Yên, giai đoạn II”","Xã Quất Lưu, huyện Bình Xuyên, tỉnh Vĩnh Phúc",Ban QLDA ĐTXD các công trình dân dụng và công nghiệp tỉnh Vĩnh Phúc,08-10-2023,Hết hạn
329,DTM,"Dự án “Nâng công suất sản xuất Nhà máy sản xuất các phụ kiện, thiết bị điện cầm tay thông minh dùng trong ngành công nghiệp và dân dụng công suất từ 3.571.500 sản phẩm/năm (tương đương 20.516,11 tấn/năm) lên 17.800.000 sản phẩm/năm (tương đương 70.084 tấn/năm)""","Lô I-14.5, đường D14, Khu công nghệ cao Thành phố Hồ Chí Minh, phường Tăng Nhơn Phú B, thành phố Thủ Đức, Thành phố Hồ Chí Minh.",Công ty TNHH Techtronic Tools (Việt Nam),07-10-2023,Hết hạn
330,DTM,"Dự án: “Trang trại chăn nuôi heo Minh Thiện Bảy tại xã Ia Me, huyện Chư Prông, tỉnh Gia Lai”","xã Ia Me, huyện Chư Prông, tỉnh Gia Lai",Công ty TNHH Chăn nuôi Minh Thiện Bảy,07-10-2023,Hết hạn
326,DTM,"Cải tạo, nâng cấp đường tỉnh 342, đoạn thuộc địa phận thành phố Hạ Long","xã Đồng Lâm, xã Kỳ Thượng, Tp. Hạ Long, tỉnh Quảng Ninh",Ban QLDA ĐTXD các công trình NN&PTNT tỉnh Quảng Ninh,06-10-2023,Hết hạn
327,DTM,"Dự án nhà ở xã hội (giai đoạn 1) tại phường Tràng Cát, quận Hải An, thuộc Khu kinh tế Đình Vũ - Cát Hải”","Phường Tràng Cát, quận Hải An, thuộc Khu kinh tế Đình Vũ - Cát Hải, thành phố Hải Phòng.",Công ty Cổ phần Vinhomes,06-10-2023,Hết hạn
328,DTM,Dự án “Khu nghỉ dưỡng cao cấp và du lịch sinh thái Ban Mai”,"Xã Cát Hải, huyện Phù Cát, tỉnh Bình Định",Công ty TNHH Ban Mai,06-10-2023,Hết hạn
324,DTM,Dự án Đường dây 500/220kV Nho Quan - Phủ Lý - Thường Tín,"Các tỉnh Ninh Bình, Hòa Bình, Hà Nam và Thành phố Hà Nội",Ban Quản lý dự án các công trình điện miền Bắc,05-10-2023,Hết hạn
325,DTM,Nhà máy Nhiệt điện BOT Vũng Áng II,"Thôn Hải Phong, xã Kỳ Lợi, thị xã Kỳ Anh, tỉnh Hà Tĩnh",Công ty TNHH Nhiệt Điện Vũng Áng II (VAPCO),05-10-2023,Hết hạn
318,DTM,Dự án Đường Xô Viết Nghệ Tĩnh kéo dài về phía Đông,"Điểm đầu tuyến giao với đường Nguyễn Công Trứ thuộc phường Thạch Quý, giữa tuyến và cuối tuyến lần lượt đi qua xã Thạch Hưng, xã Đồng Môn, thành phố Hà Tĩnh và điểm cuối tuyến giao với đường QL 15B tại Km 29+00 thuộc xã Thạch Lạc, huyện Thạch Hà, tình Hà Tĩnh",Ban Quản lý dự án đầu tư xây dựng công trình giao thông tỉnh Hà Tĩnh,04-10-2023,Hết hạn
320,DTM,"Dự án là “Nuôi trồng và chế biến thuỷ hải sản” (Điều chỉnh diện tích, vị trí của một số khu vực mặt biển để nuôi cá)","Khu kinh tế Vân Phong, tỉnh Khánh Hoà",Công ty TNHH Marine Farms ASA Việt Nam,04-10-2023,Hết hạn
321,DTM,"Dự án “Phát triển nhà ở Khu đô thị tại xã Song An và xã Trung An huyện Vũ Thư, tỉnh Thái Bình”","Xã Song An và xã Trung An huyện Vũ Thư, tỉnh Thái Bình",Công ty Cổ phần Đầu tư Xuất nhập khẩu Thăng Long,04-10-2023,Hết hạn
322,DTM,Dự án “Khu đô thị mới Hoàng Huy Green River”,"Tại xã Hoa Động, huyện Thủy Nguyên, thành phố Hải Phòng",Công ty cổ phần Đầu tư dịch vụ tài chính Hoàng Huy,04-10-2023,Hết hạn
323,DTM,"Dự án: Trang trại chăn nuôi lợn Điền Thượng, Bá Thước","Xã Điền Thượng , huyện Bá Thước , tỉnh Thanh",Công ty cổ phần chăn nuôi và dịch vụ thương mại Hưng Phát,04-10-2023,Hết hạn
314,DTM,Dự án Naxin Vietnam Electronics Technology,"Lô V-2.2, đường N1, Khu công nghiệp Quế Võ II, xã Ngọc Xá, thị xã Quế Võ, tỉnh Bắc Ninh",Công ty TNHH Naxin Vietnam Electronics Technology,03-10-2023,Hết hạn
319,DTM,Dự án Khu dân cư Bách Quang,"Phường Bách Quang, thành phố Sông Công, tỉnh Thái Nguyên",Công ty Cổ phần Đầu tư xây dựng NALICO,03-10-2023,Hết hạn
296,DTM,"Dự án Nuôi hàu Thái Bình Dương, Rong sụn công nghiệp đạt tiêu chuẩn xuất khẩu","Xã Ngọc Vừng, huyện Vân Đồn, tỉnh Quảng Ninh",Công ty cổ phần Thủy sản Tân An,02-10-2023,Hết hạn
299,DTM,Dự án “Cụm Công nghiệp Phú Thị - giai đoạn 2”,"xã Phú Thị và xã Dương Xá, huyện Gia Lâm, thành phố Hà Nội.",Công ty cổ phần phát triển Fuji Hà Nội,02-10-2023,Hết hạn
300,DTM,"""Dự án sản xuất linh kiện điện tử, thiết bị ngoại vi và thiết bị quang học”","Lô đất IN3-8*A, IN3-8*B, IN3-8*C, IN3-8*D, IN3-8*E, Khu đô thị, công nghiệp và dịch vụ Vsip Hải Phòng, huyện Thuỷ Nguyên, thuộc KKT Đình Vũ – Cát Hải, thành phố Hải Phòng",Công ty TNHH Lite On Việt Nam,02-10-2023,Hết hạn
298,DTM,Dự án “Nhà máy sản xuất nguyên liệu và chế phẩm Polymer”,"Xã Vân Du và xã Quang Vinh, huyện Ân Thi, tỉnh Hưng Yên",Công ty TNHH LTS Vina Hưng Yên,01-10-2023,Hết hạn
297,DTM,"“Dự án sản xuất thanh silic, tấm silic và tế bào quang điện hiệu suất cao JA Solar Việt Nam”","Lô CN13 và CN15, Khu công nghiệp Việt Hàn, xã Tăng Tiến, huyện Việt Yên, tỉnh Bắc Giang",Công ty TNHH JA Solar NE Việt Nam,30-09-2023,Hết hạn
290,DTM,Sản xuất gia công linh kiện điện tử SDT,"Lô CN02-5, KCN Bình Xuyên II, thị trấn Bá Hiến, huyện Bình Xuyên, tỉnh Vĩnh Phúc",Công ty TNHH SDT Vina,29-09-2023,Hết hạn
291,DTM,Dự án: “Xây dựng trang trại chăn nuôi heo thịt thương phẩm Xuân Thắng”,"xã Lương Trung, huyện Bá Thước, tỉnh Thanh Hóa",Công ty Cổ phần Đầu tư và Xây Dựng Xuân Thắng,29-09-2023,Hết hạn
292,DTM,Dự án: “Nhà máy Vietnam Sunergy Bắc Ninh”,"Lô CN -09.1 và Lô CN-53, KCN Thuận Thành II, xã Mão Điền, huyện Thuận Thành, tỉnh Bắc Ninh",Công ty TNHH Vietnam Sunergy (Bắc Ninh),29-09-2023,Hết hạn
293,DTM,Dự án “Cải tạo đường dây 110kV Lào Cai – Cốc San – Than Uyên”,"Tỉnh Lào Cai, tỉnh Lai Châu",Tổng công ty Điện lực miền Bắc; Đại diện chủ đầu tư: Ban Quản lý dự án Lưới điện,29-09-2023,Hết hạn
294,DTM,Dự án Thủy điện Nậm Pàn 6,"xã Mường Bú, huyện Mường La, tỉnh Sơn La",Công ty Cổ phần Thủy điện Nậm Pàn 6 Sơn La.,29-09-2023,Hết hạn
295,DTM,Dự án đầu tư xây dựng và kinh doanh hạ tầng khu công nghiệp Bắc Thạch Hà (giai đoạn 1)”,"xã Thạch Liên và Việt Tiến, huyện Thạch Hà, tỉnh Hà Tĩnh",Công ty cổ phần phát triển đô thị và khu công nghiệp Việt Nam Singapore,29-09-2023,Hết hạn
286,DTM,"Dự án “Công ty TNHH DBG Technology (Việt Nam)” (Dự án mở rộng nhà xưởng sản xuất, nâng tổng công suất sản xuất từ 42.000.000 sản phẩm/năm lên 47.000.000 sản phẩm/năm)","Lô CN 16, CN 17, Khu công nghiệp Yên Bình, phường Đồng Tiến, phường Bãi Bông và phường Hồng Tiến, thành phố Phổ Yên, tỉnh Thái Nguyên",Công ty TNHH DBG Technology (Việt Nam),28-09-2023,Hết hạn
287,DTM,Dự án HW Energy,"Lô CN 2F, Khu công nghiệp và dịch vụ hàng hải (Deep C2B), Khu kinh tế Đình Vũ - Cát Hải, phường Đông Hải 2, quận Hải An, Thành phố Hải Phòng",Công ty TNHH HW Energy,28-09-2023,Hết hạn
288,DTM,"Dự án ""Samsung Display Việt Nam”","Khu công nghiệp Yên Phong, xã Yên Trung, huyện Yên Phong, tỉnh Bắc Ninh",Công ty TNHH Samsung Display Việt Nam,28-09-2023,Hết hạn
289,DTM,Suntory Pepsico Cần Thơ,"Lô 2.19B, 2.19D, 2.19D1 Khu công nghiệp Trà Nóc 2, phường Phước Thới, quận Ô Môn, thành phố Cần Thơ",Công ty TNHH Nước giải khát Suntory PepsiCo Việt Nam,28-09-2023,Hết hạn
282,DTM,Dự án “Nhà máy Công ty TNHH MTV Công nghiệp Masan”,"Lô 06, Khu công nghiệp Tân Đông Hiệp A, phường Tân Đông Hiệp, thành phố Dĩ An, tỉnh Bình Dương",Công ty TNHH MTV Công nghiệp Masan,27-09-2023,Hết hạn
283,DTM,"Dự án: “Khu nhà ở xã hội số 1 tại khu đô thị và nhà ở xã hội Vân Trung, huyện Việt Yên”","Xã Vân Trung, huyện Việt Yên, tỉnh Bắc Giang",Công ty CP Đầu tư và phát triển đô thị HMS,27-09-2023,Hết hạn
284,DTM,Dự án: “Thành lập Công ty TNHH Luxshare – ICT (Việt Nam)”,"Lô E, một phần Lô T và Lô U1, KCN Quang Châu, huyện Việt Yên, tỉnh Bắc Giang",Công ty TNHH Luxshare - ICT (Việt Nam),27-09-2023,Hết hạn
285,DTM,Dự án “Nhà máy Công nghệ Luxshare (Việt Nam)”,"Số 03, đường số 12, Khu công nghiệp VSIP Nghệ An, xã Hưng Tây, huyện Hưng Nguyên, tỉnh Nghệ An",Công ty TNHH Công nghệ Luxshare (Việt Nam),27-09-2023,Hết hạn
278,DTM,"Dự án Khu đô thị tại xã Thạch Trung và thị trấn Thạch Hà, tỉnh Hà Tĩnh","Xã Thạch Trung, thành phố Hà Tĩnh và thị trấn Thạch Hà, huyện Thạch Hà, tỉnh Hà Tĩnh",Công ty CP Hóa dầu quân đội (MIPEC),26-09-2023,Hết hạn
279,DTM,"Dự án đầu tư xây dựng công trình khai thác đá sét làm nguyên liệu xi măng tại khu vực T51,T52 Núi Nghè, thị trấn Tân Thanh và xã Liêm Sơn, huyện Thanh Liêm, tỉnh Hà Nam","Mỏ đá sét tại khu vực T51, T52 Núi Nghè thị trấn Tân Thanh và xã Liêm Sơn, huyện Thanh Liêm, tỉnh Hà Nam",Công ty Cổ phần xi măng Long Thành,26-09-2023,Hết hạn
280,DTM,Dự án Feituo Nam Đình Vũ,"Lô CN2-05, khu phi thuế quan và khu công nghiệp Nam Đình Vũ (khu 1), phường Đông Hải 2, quận Hải An, thuộc khu kinh tế Đình Vũ – Cát Hải, thành phố Hải Phòng",Công ty TNHH Thiết bị điện Feituo Việt Nam,26-09-2023,Hết hạn
281,DTM,Dự án “Nhà máy thiết bị bán dẫn MICRO COMMERCIAL COMPONENTS “,"Lô CN2-1 Khu công nghiệp Yên Phong II-C, xã Tam Giang, huyện Yên Phong, tỉnh Bắc Ninh",Công ty TNHH MICRO COMMERCIAL COMPONENTS Việt Nam,26-09-2023,Hết hạn
338,DTM,"Dự án “Trang trại chăn nuôi heo, quy mô 18.000 con heo thịt/lứa nuôi”","Thôn 4, xã Đồng Nai, huyện Bù Đăng, tỉnh Bình Phước",Công ty TNHH Gia Phát BP,26-09-2023,Hết hạn
275,DTM,Dự án “Nhà máy Công ty TNHH Phú Nguyên VN”,"Một phần lô CN20, đường N1, Khu Công Nghiệp Sóng Thần 3, Phường Phú Tân, Thành phố Thủ Dầu Một, Tỉnh Bình Dương",Công ty TNHH Phú Nguyên VN,22-09-2023,Hết hạn
276,DTM,Dự án “Xây dựng trang trại chăn nuôi heo Phúc Lộc Gia Lai”,"Thôn 5, xã Hà Tam, huyện Đăk Pơ, tỉnh Gia Lai",Công ty TNHH Chăn nuôi Phúc Lộc Gia Lai,22-09-2023,Hết hạn
264,DTM,"Dự án: Trang trại chăn nuôi heo thịt Long Anh Việt Nam tại xã Ia Pia, huyện Chư Prông, tỉnh Gia Lai","thôn Bình Nguyên, xã Ia Pia, huyện Chư Prông, tỉnh Gia Lai.",Công ty Cổ phần Long Anh Việt Nam,20-09-2023,Hết hạn
263,DTM,Dự án: “Nhà máy AAC Việt Nam”,"Khu công nghiệp Quế Võ, phường Vân Dương, thành phố Bắc Ninh, tỉnh Bắc Ninh",Công ty TNHH AAC Technologies Việt Nam,19-09-2023,Hết hạn
235,DTM,Dự án “Nhà máy Jinxianda Việt Nam – Giai đoạn II”,"Khu công nghiệp Phố Nối A mở rộng diện tích 92,5 ha, phường Bần Yên Nhân, thị xã Mỹ Hào, tỉnh Hưng Yên",Công ty TNHH Gold Cable Việt Nam,18-09-2023,Hết hạn
236,DTM,Dự án “Nhà máy khoa học kỹ thuật FU HAI”,"Một phần Lô CN-03, Khu công nghiệp Hòa Phú, huyện Hiệp Hòa, tỉnh Bắc Giang",Công ty TNHH Khoa học kỹ thuật FU HAI,18-09-2023,Hết hạn
237,DTM,Dự án “Trang trại chăn nuôi heo (lợn) công nghệ cao quy mô 2.400 heo nái”,"Bản Khe Lương, xã Vĩnh Khê, huyện Vĩnh Linh, tỉnh Quảng Trị",Công ty Cổ phần Trang trại Tuấn Lộc Vĩnh Khê,18-09-2023,Hết hạn
228,DTM,Dự án Nhà máy Shinhwa Contech Hưng Yên,"Lô CN3.1, KCN Sạch, xã Xuân Trúc, huyện Ân Thi, tỉnh Hưng Yên",Công ty TNHH Shinhwa Contech Hưng Yên,14-09-2023,Hết hạn
229,DTM,Dự án: “Nhà máy sản xuất loa và tai nghe”,"Lô CN- 02, KCN Đông Mai, phường Đông Mai, thị xã Quảng Yên, tỉnh Quảng Ninh",Công ty TNHH Kỹ thuật Điện tử Tonly Việt Nam,14-09-2023,Hết hạn
230,DTM,"Dự án  ""Đầu tư xây dựng và kinh doanh kết cấu hạ tầng Khu công nghiệp Đồng Sóc, tỉnh Vĩnh Phúc”","xã Vân Xuân, xã Vũ Di và thị trấn Tứ Trưng, huyện Vĩnh Tường, tỉnh Vĩnh Phúc",Công ty TNHH Đầu tư Thương mại Vĩnh Phúc,14-09-2023,Hết hạn
231,DTM,"Dự án ""Trang trại chăn nuôi heo Sơn Hà"" tại Suối Cau, xã Sơn Hà, Huyện Sơn Hòa, tỉnh Phú Yên","Suối Cau, xã Sơn Hà, Huyện Sơn Hòa, tỉnh Phú Yên",Công ty TNHH Phát triển chăn nuôi Sơn Hà,14-09-2023,Hết hạn
232,DTM,Dự án “Mở rộng quy mô sản phẩm – Nâng công suất sản xuất của Công ty TNHH Mabuchi Motor Việt Nam tại Khu công nghiệp Biên Hòa II và KCN Long Bình (Amata),Khu công nghiệp Biên Hòa II và KCN Long Bình (Amata),Công ty TNHH Mabuchi Motor Việt Nam,14-09-2023,Hết hạn
233,DTM,Dự án “Công ty TNHH Sợi Mekong (mở rộng và nâng công suất sản xuất sơ sợi ngắn polyester từ 44.160 tấn/năm lên 67.000 tấn sản phẩm/năm)”,"Lô 96A, 96B, 97B KCN Long Giang, xã Tân Lập 1, huyện Tân Phước, tỉnh Tiền Giang",Công ty TNHH Sợi Mekong,14-09-2023,Hết hạn
234,DTM,"Dự án ""Khu đô thị ven vịnh Cam Ranh (Khu 1, khu 2, khu 3)""","xã Cam Thịnh Đông, xã Cam Lập, phường Ba Ngòi, phường Cam Linh, phường Cam Thuận, phường Cam Phú, phường Cam Lợi, phường Cam Phúc Nam, phường Cam Phúc Bắc và phường Cam Nghĩa), thành phố Cam Ranh, tỉnh Khánh Hòa",Liên danh Vinhomes - Cam Ranh - VinEs (Thay mặt Liên danh là Công ty Cổ phần Đầu tư Cam Ranh),14-09-2023,Hết hạn
227,DTM,Dự án Công ty TNHH Zeng Hsing Industrial,"khu công nghiệp Việt Nam - Singapore, phường An Phú, thành phố Thuận An, tỉnh Bình Dương",Công ty TNHH Zeng Hsing Industrial,13-09-2023,Hết hạn
224,DTM,"Đầu tư xây dựng Khu nhà ở đô thị thuộc địa bàn phường Hoàng Đông và Phường Tiên Nội, thị xã Duy Tiên","Phường Hoàng Đông và Phường Tiên Nội, thị xã Duy Tiên",Công ty Cổ phần đầu tư xây dựng Trung Đông,12-09-2023,Hết hạn
225,DTM,"Dự án: ""Nuôi cá nước lạnh và quản lý bảo vệ rừng""","tiểu khu 73b, xã Đạ Long và Tiểu khu 104, xã Đạ Tông, huyện Đam Rông, tỉnh Lâm Đồng",Công ty TNHH Toản Thắng,12-09-2023,Hết hạn
226,DTM,"Dự án ""Kế hoạch phát triển mỏ Thiên Ưng, Lô 04-3""","Lô 04-3, ngoài khơi Đông Nam Việt Nam.",Liên doanh Việt-Nga Vietsovpetro.,12-09-2023,Hết hạn
221,DTM,Dự án “Đường dây 500kV NMNĐ Nam Định I - Thanh Hóa”,"tỉnh Nam Định, Ninh Bình, Thanh Hóa",Tổng công ty Truyền tải điện Quốc gia; Đại diện chủ dự án: Ban Quản lý Dự án các công trình điện miền Bắc,11-09-2023,Hết hạn
222,DTM,Dự án “Công ty TNHH Nhà máy Bia Heineken Việt Nam – Đà Nẵng”,"Đường số 2, số 3 và số 6, Khu công nghiệp Hòa Khánh, phường Hòa Khánh Bắc, Quận Liên Chiểu, TP. Đà Nẵng",Công ty TNHH Nhà máy Bia Heineken Việt Nam,11-09-2023,Hết hạn
223,DTM,Dự án: Khu nghỉ dưỡng cao cấp Vĩnh Hy,"xã Vĩnh Hải, huyện Ninh Hải, tỉnh Ninh Thuận",Công ty CP Đầu tư phát triển Syrena Việt Nam,11-09-2023,Hết hạn
212,DTM,Dự án sản xuất máy và thiết bị,"Lô 56A, 56B, 56C, khu đô thị, công nghiệp và dịch vụ VSIP Hải Phòng, thuộc Khu kinh tế Đình Vũ – Cát Hải, huyện Thủy Nguyên, thành phố Hải Phòng",Công ty TNHH công nghệ máy văn phòng Kyocera Việt Nam,08-09-2023,Hết hạn
213,DTM,Dự án “Công ty TNHH Công nghệ Unisafety Việt Nam”,"Nhà xưởng C-1B-A3B, lô C-1B-CN, đường DE5, KCN Mỹ Phước 3, phường Thới Hòa, thị xã Bến Cát, tỉnh Bình Dương",Công ty TNHH Công nghệ Unisafety Việt Nam,08-09-2023,Hết hạn
215,DTM,Dự án “Nhà máy Vinatech Nham Sơn Yên Lư”,"Lô CN-07, CCN Nham Sơn - Yên Lư, huyện Yên Dũng, tỉnh Bắc Giang",Công ty TNHH Vinatech Vina,08-09-2023,Hết hạn
216,DTM,"Dự án “Xây dựng Nhà máy sản xuất và chế tạo các sản phẩm điện tử; gia công mạ các sản phẩm điện tử; gia công cán ép, rập lỗ, tiện, đúc các sản phẩm điện tử; sản xuất, chế tạo, sửa chữa các loại khuôn mẫu dùng cho các sản phẩm điện tử và các loại dây anten”","Lô CN2.9, Khu công nghiệp Tân Trường, xã Tân Trường, huyện Cẩm Giàng, tỉnh Hải Dương",Công ty TNHH Chính xác Hồng Trí,08-09-2023,Hết hạn
217,DTM,"Dự án “Khu đô thị Đại học Quốc tế""","Xã Tân Thới Nhì, huyện Hóc Môn, Thành phố Hồ Chí Minh",Công ty TNHH Đô thị Đại học Quốc tế Berjaya Việt Nam,08-09-2023,Hết hạn
218,DTM,Dự án “Khu dân cư Ấp 4 - Vĩnh Tân”,"Phường Vĩnh Tân, thành phố Tân Uyên, tỉnh Bình Dương",Công ty Liên doanh TNHH KCN Việt Nam – Singapore,08-09-2023,Hết hạn
219,DTM,Dự án “Tăng quy mô sản xuất của Công ty TNHH Fujikura Fiber Optics Việt Nam tại Khu công nghiệp Việt Nam – Singapore”,"Lô đất số 9 và 11, Đường số 6, Khu công nghiệp Việt Nam - Singapore, phường Bình Hòa, thành phố Thuận An, tỉnh Bình Dương",Công ty TNHH Fujikura Fiber Optics Việt Nam,08-09-2023,Hết hạn
220,DTM,"“Dự án AVC Technology Việt Nam” (mở rộng quy mô, nâng công suất)","Lô CN -05, Khu công nghiệp hỗ trợ Đồng Văn III, Phường Hoàng Đông, Thị xã Duy Tiên, tỉnh Hà Nam",Công ty TNHH Khoa học kỹ thuật AVC (Việt Nam),08-09-2023,Hết hạn
204,DTM,Dự án “Nhà máy Thép tấm lợp Nam Kim Phú Mỹ”,"Đường số 1, KCN Mỹ Xuân B1 - Đại Dương, phường Mỹ Xuân, thị xã Phú Mỹ, tỉnh Bà Rịa - Vũng Tàu",Công ty TNHH Tôn Nam Kim Phú Mỹ,06-09-2023,Hết hạn
205,DTM,"Dự án ""Nhà máy FMMV FOXCONN Quảng Ninh""","Lô CN-S-01 và một phần lô CN-M-01, Khu công nghiệp Sông Khoai, xã Sông Khoai, thị xã Quảng Yên, tỉnh Quảng Ninh",Công ty TNHH Chế tạo cơ khí FOXCONN (Việt Nam),06-09-2023,Hết hạn
200,DTM,"Dự án ""Nhà máy sản xuất điện tử Smart Việt Nam"" Quy mô mở rộng nhà xưởng, nâng công suất lò sưởi điện từ 180.000 sản phẩm/năm lên 800.000 sản phẩm/năm; giường, tủ, ghế đồ dung nội thất tương tự nâng công suất từ 20.000 sản phẩm/năm lên 500.000 sản phẩm/năm; bàn nâng điện 400.000 sản phẩm/năm","Lô 1G1 và Lô 1G2, đường CN6 và CN9 - KCN Tân Bình, thị trấn Tân Bình, huyện Bắc Tân Uyên, tỉnh Bình Dương",Công ty TNHH Sản xuất điện tử Smart Việt Nam,05-09-2023,Hết hạn
202,DTM,"Dự án: “Trang trại chăn nuôi heo Minh Đức Phát” tại Thôn Ia Peng, xã Ia Sol, huyện Phú Thiện, tỉnh Gia Lai.","Thôn Ia Peng, xã Ia Sol, huyện Phú Thiện, tỉnh Gia Lai",Công ty TNHH Minh Đức Phát Gia Lai,05-09-2023,Hết hạn
203,DTM,"Dự án ""Trang trại chăn nuôi heo Nắng Vàng 2"" tại xã Kon Chiêng, huyện Mang Yang, tỉnh Gia Lai","Xã Kon Chiêng, huyện Mang Yang, tỉnh Gia Lai",Công ty Cổ phần chăn nuôi Nắng Vàng Gia Lai Hai,05-09-2023,Hết hạn
193,DTM,Dự án Thủy điện Trà Phong,"Xã Trà Phong, Trà Xinh, Sơn Trà, Tây Trà, huyện Trà Bồng và thị trấn Di Lăng, xã Sơn Bao, huyện Sơn Hà, tỉnh Quảng Ngãi.",Công ty Cổ phần Đầu tư và Phát triển Năng lượng Hataco Tây Trà,31-08-2023,Hết hạn
196,DTM,Dự án Trang trại chăn nuôi heo nái Gia Lai Hai,"xã  Ia Lâu, huyện Chư Prông, tỉnh Gia Lai",Công ty TNHH Gia Lai Hai,31-08-2023,Hết hạn
197,DTM,"Dự án “Đầu tư bổ sung dây chuyền nâng công suất nhà máy nấu cán kéo nhôm, đồng chính phẩm, sản xuất dây cáp điện từ 10.000 tấn sản phẩm/năm lên 24.000 tấn sản phẩm/năm”","Lô F1, F2, F3, F4, F5, F6 KCN Cầu Tràm, xã Long Trạch, huyện Cần Đước, tỉnh Long An",Công ty TNHH TM SX Dây và Cáp điện Đại Long,31-08-2023,Hết hạn
198,DTM,Dự án “Thủy điện Nước Trê”,"Xã Đăk Ring và xã Đăk Nên, huyện Kon Plông, tỉnh Kon Tum",Công ty Cổ phần Đầu tư Thủy điện Đức Bảo,31-08-2023,Hết hạn
199,DTM,"Dự án “Trang trại tổng hợp chăn nuôi và trồng trọt Lĩnh Sơn tại xã Lĩnh Sơn, huyện Anh Sơn”","xã Lĩnh Sơn, huyện Anh Sơn, tỉnh Nghệ An.",Công ty CP Greenfoods Anh Sơn,31-08-2023,Hết hạn
190,DTM,Dự án “Chi nhánh Công ty TNHH Le Long Việt Nam - Nhà máy sản xuất tại Đức Hòa”,"Cụm công nghiệp Đức Mỹ, xã Đức Hòa Đông, huyện Đức Hòa, tỉnh Long An",Công ty TNHH Le Long Việt Nam,30-08-2023,Hết hạn
191,DTM,Dự án “Tổ hợp chăn nuôi lợn thương phẩm và giống lợn ứng dụng công nghệ cao”,"Thôn Định Trung, xã Phúc Ứng, huyện Sơn Dương, tỉnh Tuyên Quang",Công ty TNHH DABACO Tuyên Quang,30-08-2023,Hết hạn
192,DTM,Dự án: “Nhà máy điện tử Broad Việt Nam”,"Lô CN-10 và Lô CN-03 (Nhà xưởng E08), KCN Vân Trung, huyện Việt Yên, tỉnh Bắc Giang",Công ty TNHH điện tử Broad Việt Nam,30-08-2023,Hết hạn
194,DTM,"Dự án “Đầu tư xây dựng cầu Vân Phúc qua sông Hồng và tuyến đường nối ra Quốc lộ 32, huyện Phúc Thọ”","Xã Phụng Thượng, Long Xuyên, Xuân Đình và Vân Phúc, huyện Phúc Thọ, thành phố Hà Nội",Ban Quản lý dự án ĐTXD công trình giao thông thành phố Hà Nội,30-08-2023,Hết hạn
195,DTM,"Dự án “Nhà máy xử lý chất thải sinh hoạt, công nghiệp và nguy hại Phú Riềng”","Thôn Phước Lộc, xã Bình Tân, huyện Phú Riềng, tỉnh Bình Phước",Công ty TNHH Thương mại Dịch vụ Viettech,30-08-2023,Hết hạn
188,DTM,"Dự án “Đầu tư bổ sung dây chuyền nâng công suất nhà máy nấu cán kéo nhôm, đồng chính phẩm, sản xuất dây cáp điện từ 10.000 tấn sản phẩm/năm lên 24.000 tấn sản phẩm/năm”","Lô F1, F2, F3, F4, F5, F6 KCN Cầu Tràm, xã Long Trạch, huyện Cần Đước, tỉnh Long An",Công ty TNHH TM-SX Dây và Cáp điện Đại Long,29-08-2023,Hết hạn
179,DTM,"Dự án “Khu đô thị Đông Đô giai đoạn 1, thị trấn Thiệu Hóa, huyện Thiệu Hóa”","Thị trấn Thiệu Hóa, huyện Thiệu Hoá, tỉnh Thanh Hóa",Ban Quản lý dự án đầu tư xây dựng huyện Thiệu Hóa,28-08-2023,Hết hạn
180,DTM,Dự án Nhà máy AG Tech Bắc Ninh,"Địa điểm 1: Lô G3, KCN Quế Võ mở rộng, phường Nam Sơn, thành phố Bắc Ninh, tỉnh Bắc Ninh; Địa điểm 2: Lô G4-2, KCN Quế Võ mở rộng, phường Phương Liễu, thị xã Quế Võ, tỉnh Bắc Ninh và phường Nam Sơn, thành phố Bắc Ninh, tỉnh Bắc Ninh, Việt Nam",Công ty TNHH AG Tech,28-08-2023,Hết hạn
181,DTM,Dự án thủy điện Mường Kim 3,"Xã Mường Kim, huyện Than Uyên, tỉnh Lai Châu",Công ty TNHH Bình Minh Lai Châu,28-08-2023,Hết hạn
182,DTM,Dự án “Nhà máy sản xuất thuốc bảo vệ thực vật và các chế phẩm diệt côn trùng công suất 3.000 tấn sản phẩm/năm”,"Đường Nguyễn Ái Quốc, KCN Nhơn Trạch III, huyện Nhơn Trạch, tỉnh Đồng Nai",Công ty TNHH Thương mại Thái Nông,28-08-2023,Hết hạn
183,DTM,Dự án nhà máy công nghệ PYS Việt Nam,"Lô CN 06, KCN Thuận Thành II, xã Mão Điền, huyện Thuận Thành, tỉnh Bắc Ninh",Công ty TNHH công nghệ PYS Việt Nam,28-08-2023,Hết hạn
189,DTM,"Dự án ""Nhà máy chế tạo các sản phẩm điện tử, phương tiện thiết bị mạng và các sản phẩm âm thanh đa phương tiện Goertek Nam Sơn- Hạp Lĩnh""","Lô Đất A1, Khu công nghiệp Nam Sơn – Hạp Lĩnh, phường Nam Sơn, Phường Hạp Lĩnh, thành phố Bắc Ninh và xã Lạc Vệ, huyện Tiên Du, tỉnh Bắc Ninh, tỉnh Bắc Ninh",Công ty TNHH công nghệ thông minh Goertek Vina,28-08-2023,Hết hạn
172,DTM,Dự án: “Công nghệ Goodwe Việt Nam”,"Tại Nhà xưởng và Văn phòng thuê lại của Công ty TNHH Phát triển Hậu cần BW Hải An tại Nhà Xưởng A1, A2, Lô đất CN1N, Khu công nghiệp và dịch vụ Hàng hải (Deep C2B), thuộc Khu Kinh tế Đình Vũ - Cát Hải, phường Đông Hải 2, quận Hải An, thành phố Hải Phòng",Công ty TNHH Công nghệ Goodwe Việt Nam,25-08-2023,Hết hạn
173,DTM,Dự án Halla Vina,"Lô L4, Khu công nghiệp Tràng Duệ, xã Hồng Phong, huyện An Dương, thành phố Hải Phòng",Công ty TNHH Halla Electronics Vina,25-08-2023,Hết hạn
174,DTM,"Dự án “Amtran Investment” (Dự án điều chỉnh quy mô, công suất từ 23.250.000 sản phẩm/năm tương đương 20.780 tấn/năm lên 50.674.000 sản phẩm/năm tương đương 37.624 tấn/năm)","Lô đất IN2-1B2 và IN2-9A, Khu đô thị, công nghiệp và dịch vụ VSIP Hải Phòng, xã Trung Hà, xã An Lư, huyện Thủy Nguyên, thành phố Hải Phòng",Công ty TNHH Công nghệ Amtran Việt Nam,25-08-2023,Hết hạn
175,DTM,"Dự án đầu tư xây dựng và kinh doanh hạ tầng cụm công nghiệp An Phụ, thị xã Kinh Môn","Phường An Phụ và phường Long, thị xã Kinh Dương, tỉnh Hải Dương",Công ty cổ phần đầu tư Newland,25-08-2023,Hết hạn
171,DTM,Nhà máy sản xuất thiết bị năng lượng mặt trời Sunter PV Technology Việt Nam,"Lô CN8 (Thuê nhà xưởng số CN08-36 của Công ty TNHH chế tạo Skylink Việt Nam), Khu công nghiệp Vân Trung, xã Vân Trung, huyện Việt Yên, tỉnh Bắc Giang.",Công ty TNHH Công nghệ PV Sunter Việt Nam.,24-08-2023,Hết hạn
165,DTM,Dự án khai thác hầm lò xuống sâu khu Đông Quảng La,"Xã Dân Chủ, thành phố Hạ Long, tỉnh Quảng Ninh",Tổng Công ty Đông Bắc,23-08-2023,Hết hạn
166,DTM,Dự án: “Nhà máy sản xuất thiết bị năng lượng Starcharge”,"Lô CN 2G, Khu công nghiệp và dịch vụ Hàng Hải (Deep C2B) thuộc khu kinh tế Đình Vũ – Cát Hải, phường Đông Hải 2, quận hải An, thành phố Hải Phòng",Công ty TNHH năng lượng Starcharge Việt Nam,23-08-2023,Hết hạn
168,DTM,Dự án “Trang trại chăn nuôi heo thịt Ea Sô”,"Thôn 4, xã Ea Sô, huyện Ea Kar, tỉnh Đắk Lắk",Công ty TNHH Hai thành viên Tuyết Mai BMT,23-08-2023,Hết hạn
169,DTM,"Dự án “Trang trại chăn nuôi heo Cư Elang""","Xã Cư Elang, huyện Ea Kar, tỉnh Đắk Lắk",Công ty TNHH Hai Thành Viên Bình Giang,23-08-2023,Hết hạn
164,DTM,Trang trại chăn nuôi heo công nghệ cao Minh Anh - công suất 24.000  con heo thịt/lứa (01 năm 02 lứa),"Thôn 3, xã Đliê Yang, huyện Ea H’leo, tỉnh Đắk Lắk.",Công ty TNHH Chăn nuôi Minh Anh,22-08-2023,Hết hạn
170,DTM,"Dự án đầu tư khai thác đá hoa trắng làm bột carbonat canxi tại khu vực Mông Sơn IV, xã Mông Sơn, huyện Yên Bình, tỉnh Yên Bái","Xã Mông Sơn, huyện Yên Bình, tỉnh Yên Bái",Công ty TNHH MTV Khai thác và chế biến khoáng sản Vũ Gia Yên Bái,22-08-2023,Hết hạn
161,DTM,Dự án: “Ngôi sao An Bình 2 (An Bình City)”,"Tại Ô đất VP1, VP2, TM1, TM2, CX1, KS và NT - Khu đô thị Thành phố Giao lưu, phường Cổ Nhuế 1, quận Bắc Từ Liêm; phường Mai Dịch, quận Cầu Giấy, Thành phố Hà Nội.",Tập đoàn Geleximco – Công ty CP,21-08-2023,Hết hạn
162,DTM,"""Nhà máy sản xuất ống thép định hình Cường Phát Sài Gòn- Sản xuất ống hộp mạ kẽm công suất 120.000 tấn sản phẩm/năm; Sản xuất tôn mạ kẽm công suất 80.000 tấn sản phẩm/năm""","Tại Lô J-5-1, đường D3a-N3, KCN Hựu Thạnh, xã  Hựu Thạnh, huyện Đức Hòa, tỉnh Long An",Công ty CP Ống thép Cường Phát Sài Gòn,21-08-2023,Hết hạn
167,DTM,Dự án “Công viên văn hóa Vinwonders”,"Đảo Hòn Tre, P. Vĩnh Nguyên, TP. Nha Trang, tỉnh Khánh Hòa",Công ty cổ phần Vinwonders Nha Trang,21-08-2023,Hết hạn
160,DTM,Dự án công trình nạo vét duy tu luồng hàng hải Sài Gòn - Vũng Tàu năm 2022,"Thành phố Hồ Chí Minh, tỉnh Bà Rịa - Vũng Tàu và tỉnh Long An","Cục Hàng hải Việt Nam, Đại diện chủ dự án: Tổng Công ty Bảo đảm an toàn hàng hải Miền Nam",20-08-2023,Hết hạn
137,DTM,"Dự án Xây dựng đê biển Tây từ Cái Đôi Vàm đến Kênh Năm và kè phòng, chống sạt lở bờ biển các đoạn xung yếu từ cửa biển sông Ông Đốc đến cửa biển Bảy Háp, tỉnh Cà Mau.","Huyện Phú Tân và huyện Trần Văn Thời, tỉnh Cà Mau",Sở Nông nghiệp và Phát triển Nông thôn Cà Mau; Đại diện chủ dự án: Ban quản lý các dự án ODA và NGO tỉnh Cà Mau,18-08-2023,Hết hạn
138,DTM,Dự án “Khu trang trại chăn nuôi ứng dụng công nghệ cao DHN Gia Lai”,"Tại Thôn 6, xã Ia Le, huyện Chư Pưh, tỉnh Gia Lai",Công ty Cổ phần phát triển Nông nghiệp Công nghệ Cao DHN Gia Lai,18-08-2023,Hết hạn
141,DTM,Trang trại chăn nuôi heo Ea Bar 2,"Buôn Trinh, xã Ea Bar, huyện Sông Hinh, tỉnh Phú Yên",Công ty TNHH Chăn nuôi DST Miền Trung,18-08-2023,Hết hạn
142,DTM,Dự án đầu tư xây dựng đường bộ cao tốc Bảo Lộc - Liên Khương theo phương thức đối tác công tư (giai đoạn 1).,"Thành phố Bảo Lộc, huyện Bảo Lâm, huyện Di Linh và huyện Đức Trọng tỉnh Lâm Đồng",Uỷ ban nhân dân tỉnh Lâm Đồng,18-08-2023,Hết hạn
143,DTM,Dự án “Nhà máy phát triển năng lượng Trina Solar”,"Lô CN-14, Khu công nghiệp Yên Bình, phường Hồng Tiến, thành phố Phổ Yên, tỉnh Thái Nguyên",Công ty TNHH Phát triển năng lượng Trina Solar,18-08-2023,Hết hạn
144,DTM,Dự án “Nhà máy chế biến và tinh luyện đất hiếm”,"Lô IV.2, IV.3, IV.4.1 và IV.4.3 KCN Thuận Thành 3, phường Thanh Khương, Thị xã Thuận Thành, tỉnh Bắc Ninh",Công ty TNHH MTV Đất hiếm Việt Nam,18-08-2023,Hết hạn
145,DTM,“Dự án Nhà máy Diabell Vina”,"Một phần lô CN-02, KCN Vân Trung, xã Vân Trung, huyện Việt Yên, tỉnh Bắc Giang",Công ty TNHH Diabell Vina,18-08-2023,Hết hạn
146,DTM,"Dự án: “Đường tránh Quốc lộ 21B, huyện Ứng Hòa”","Xã Liên Bạt, Phương Tú, Tảo Dương Văn, Vạn Thái và thị trấn Vân Đình, huyện Ứng Hòa, thành phố Hà Nội",UBND huyện Ứng Hòa; Đại diện chủ dự án: Ban quản lý dự án Đầu tư Xây dựng huyện Ứng Hòa,18-08-2023,Hết hạn
136,DTM,Trang trại bò sữa Vinamilk Đà Lạt,Tỉnh Lâm Đồng,Công ty TNHH MTV Bò sữa Việt Nam,17-08-2023,Hết hạn
131,DTM,Dự án Đường giao thông kết nối Quốc lộ 45 đoạn từ thị trấn Nông Cống đi huyện Triệu Sơn (Cầu Nỏ Hẻn),"Tế Lợi, Tế Thắng, Trung Thành, Tân Khang, Tân Thọ và thị Trấn Nông Cống, huyện Nông Cống, tỉnh Thanh Hóa",Ban QLDA đầu tư xây dựng huyện Nông Cống,14-08-2023,Hết hạn
132,DTM,Dự án “Đường dây 110kV Đồng Xoài - Phú Giáo”,"Thành phố Đồng Xoài, huyện Đồng Phú tỉnh Bình Phước và huyện Phú Giáo tỉnh Bình Dương",Tổng công ty Điện lực miền Nam; Đại diện chủ dự án: Ban Quản lý dự án Lưới điện miền Nam,14-08-2023,Hết hạn
133,DTM,Dự án “Trang trại chăn nuôi heo Minh Phúc”,"Tại thôn Lương Phước, xã Hòa Phú, huyện Tây Hòa, tỉnh Phú Yên",Công ty Cổ phần Tập đoàn Quốc Tế Minh Phúc,14-08-2023,Hết hạn
134,DTM,Nhà máy COT Việt Nam.,"Lô T1,2, KCN Thăng Long II, phường Dị Sử, thị xã Mỹ Hào, tỉnh Hưng Yên.",Công ty TNHH COT Việt Nam.,14-08-2023,Hết hạn
135,DTM,Tuyến đường vòng công viên văn hóa Núi Sam,"Phường Núi Sam, thành phố Châu Đốc, tỉnh An Giang.",Ban quản lý dự án đầu tư xây dựng khu vực Thành phố Châu Đốc,14-08-2023,Hết hạn
128,DTM,"""Dự án nhà máy sản xuất thanh Silic đơn tinh thể và đĩa bán dẫn”","Lô A07 VÀ Lô A10, KCN Hoàng Mai I, phường Quỳnh Thiện, thị xã Hoàng Mai, tỉnh Nghệ An",Công ty TNHH Công nghệ Runergy PV Việt Nam,11-08-2023,Hết hạn
129,DTM,Dự án “Nhà máy xe điện Yadea Việt Nam”,"Lô CN-02, KCN Tân Hưng, huyện Lạng Giang, tỉnh Bắc Giang",Công ty TNHH khoa học kỹ thuật Yadea (Việt Nam),11-08-2023,Hết hạn
130,DTM,Dự án sản xuất máy và thiết bị,"Lô 56A, 56B, 56C tại khu đô thị, công nghiệp và dịch vụ VSIP Hải Phòng thuộc khu kinh tế Đình Vũ – Cát Hải, huyện Thủy Nguyên, thành phố Hải Phòng",Công ty TNHH Công nghệ máy văn phòng Kyocera Việt Nam,11-08-2023,Hết hạn
122,DTM,Dự án sản xuất thiết bị truyền thông Sunshine,"Lô CN 07-3 và Lô CN 07-1, KCN Bình Xuyên II, thị trấn Bá Hiến, huyện Bình Xuyên, tỉnh Vĩnh Phúc",Công ty TNHH Sunshine Electronics (Viet Nam),10-08-2023,Hết hạn
123,DTM,"Dự án “Công ty TNHH DBG Technology (Việt Nam)” (Dự án điều chỉnh, nâng tổng công xuất sản xuất từ 42.000.000 sản phẩm/năm lên 47.000.000 sản phẩm/năm)","Lô CN 16, CN 17, Khu công nghiệp Yên Bình, phường Đồng Tiến, phường Bãi Bông và phường Hồng Tiến, thành phố Phổ Yên, tỉnh Thái Nguyên",Công ty TNHH DBG Technology (Việt Nam),10-08-2023,Hết hạn
124,DTM,Dự án Nhà máy sản xuất cơ khí chính xác Castem Việt Nam,"Lô CN-S–04 Khu công nghiệp Sông Khoai, xã Sông Khoai, thị xã Quảng Yên, tỉnh Quảng Ninh.",Công ty TNHH Castem Việt Nam,10-08-2023,Hết hạn
125,DTM,Công ty TNHH Công nghệ Everwin Precision (Việt Nam),"Khu công nghiệp, đô thị và Dịch vụ VSIP Nghệ An,  xã Hưng Tây, huyện Hưng Nguyên, tỉnh Nghệ An.",Công ty TNHH Công nghệ Everwin Precision (Việt Nam),10-08-2023,Hết hạn
127,DTM,Công ty TNHH Innovation Precision Việt Nam,"Khu công nghiệp, đô thị và Dịch vụ VSIP Nghệ An, xã Hưng Tây, huyện Hưng Nguyên, tỉnh Nghệ An",Công ty TNHH Innovation Precision Việt Nam,10-08-2023,Hết hạn
119,DTM,"Dự án Trang trại chăn nuôi gia súc mô hình trại lạnh khép kín, quy mô 2.400 con heo nái/lứa (02 lứa đẻ/năm)","Tại ấp Thạnh Thọ, xã Thạnh Bình, huyện Tân Biên, tỉnh Tây Ninh",Công ty TNHH Chăn nuôi Minh Anh Tân Biên,09-08-2023,Hết hạn
120,DTM,Dự án: Nâng công suất Trại heo giống cụ kỵ công nghệ cao Thagrico Bình Định từ 10.000 con heo sinh sản (trong đó: 4.500 heo bố mẹ; 3.000 heo ông bà và 2.500 heo cụ kỵ) lên 13.500 con heo sinh sản (trong đó: 8.000 heo bố mẹ; 5.000 heo ông bà và 500 heo cụ kỵ) và 24.000 con heo thịt/1 lứa nuôi,"Thôn Đại Khoan, xã Cát Lâm, huyện Phù Cát, tỉnh Bình Định",Công ty TNHH Nông Nghiệp Trường Hải Bình Định,09-08-2023,Hết hạn
121,DTM,Dự án Nhà máy Công ty TNHH Việt Nam Success,"Lô F, đường số 5, KCN Đồng An, thành phố Thuận An, tỉnh Bình Dương",Công ty TNHH Việt Nam Success,09-08-2023,Hết hạn
112,DTM,"Dự án Đường kết nối từ ĐT292 qua Khu công nghiệp An Hà, huyện Lạng Giang đến đường vành đai Đông Bắc, thành phố Bắc Giang, tỉnh Bắc Giang","Huyện Lạng Giang, thành phố Bắc Giang, tỉnh Bắc Giang",Ban Quản lý dự án đầu tư xây dựng huyện Lạng Giang,08-08-2023,Hết hạn
113,DTM,"Dự án “Khu chợ đầu mối nông sản thực phẩm, hệ thống kho vận và Khu đô thị thương mại Vĩnh Tường, huyện Vĩnh Tường”","Huyện Vĩnh Tường, tỉnh Vĩnh Phúc",Công ty Cổ phần Đầu tư thương mại và Bất động sản Thăng Long,08-08-2023,Hết hạn
114,DTM,“Dự án Công ty TNHH Simplo Technology (Việt Nam)”,"Lô CNSG-07, Khu công nghiệp Vân Trung, huyện Việt Yên, tỉnh Bắc Giang",Công ty TNHH Simplo Technology (Việt Nam),08-08-2023,Hết hạn
116,DTM,Dự án Thủy điện Sông Miện 5,"Xã Thuận Hòa, huyện Vị Xuyên, tỉnh Hà Giang",Công ty Cổ phần thủy điện Sông Miện 5,08-08-2023,Hết hạn
117,DTM,Trang trại chăn nuôi heo EaLy 1,"Thôn Tân Yên, xã EaLy, huyện Sông Hinh, tỉnh Phú Yên",Công ty Cổ phần đầu tư phát triển chăn nuôi Phú Yên,08-08-2023,Hết hạn
118,DTM,Trang trại chăn nuôi heo công nghệ cao khép kín DLH FARM – EABAR,"thôn Ea Din, xã Ea Bar, huyện Sông Hinh, tỉnh Phú Yên",Công ty TNHH DLH FARM,08-08-2023,Hết hạn
115,DTM,Dự án “Trại chăn nuôi heo lạnh khép kín”,"Ấp 6, xã Suối Ngô, huyện Tân Châu, tỉnh Tây Ninh",Công ty TNHH Chăn nuôi Thanh Hồng,07-08-2023,Hết hạn
90,DTM,Dự án “Nhà máy Forcecon Techonology Việt Nam”,"Khu công nghiệp Thái Hà giai đoạn I, huyện Lý Nhân, tỉnh Hà Nam",Công ty TNHH Forcecon Techonology Việt Nam,04-08-2023,Hết hạn
91,DTM,Dự án “Nhà máy sản xuất và gia công lõi từ Electro M Vina”,"tại Lô CN06, KCN Phú Hà, xã Hà Thạch, thị xã Phú Thọ, tỉnh Phú Thọ",Công ty TNHH Electro M Vina,04-08-2023,Hết hạn
93,DTM,Dự án Phát triển nông thôn thích ứng với thiên tai tỉnh Lai Châu,"Huyện Tân Uyên, Tam Đường, Sìn Hồ, Nậm Nhùn, Than Uyên, tỉnh Lai Châu",Ban QLDA đầu tư xây dựng các công trình Nông nghiệp và PTNT tỉnh Lai Châu,04-08-2023,Hết hạn
95,DTM,Dự án Khu liên hợp xử lý môi trường Phú Bình,"Xóm Cầu Muối, xã Tân Thành, huyện Phú Bình, tỉnh Thái Nguyên",Công ty TNHH Công nghệ xử lý Môi trường Thái Nguyên,04-08-2023,Hết hạn
97,DTM,"Dự án đầu tư xây dựng công trình (giai đoạn 1) Khu kinh tế quốc phòng Minh Hóa - Tuyên Hóa, tỉnh Quảng Bình/Quân khu 4","Tại địa bàn các xã Trọng Hóa, Dân Hóa, Hóa Sơn, Thượng Hóa, huyện Minh Hóa và xã Thanh Hóa, huyện Tuyên Hóa, tỉnh Quảng Bình",Đoàn Kinh tế Quốc phòng 92/Quân khu 4,04-08-2023,Hết hạn
86,DTM,Dự án cao tốc Hòa Bình – Mộc Châu (đoạn từ km19+000 – km53+000 trên địa bàn tỉnh Hòa Bình),"Trên địa bàn thị trấn Đà Bắc, xã Tuy Lý, xã Cao Sơn, xã Tiền Phong (huyện Đà Bắc), xã Tân Thành, Sơn Thủy (huyện Mai Châu)",Ban QLDA đầu tư xây dựng các công trình giao thông tỉnh Hòa Bình,03-08-2023,Hết hạn
89,DTM,"Khai thác, chế biến quặng bauxit khu vực Đại Tổng, xã Nội Thôn và xã Thượng Thôn, huyện Hà Quảng, tỉnh Cao Bằng","Xã Nội Thôn và xã Thượng Thôn, huyện Hà Quảng, tỉnh Cao Bằng",Công ty Cổ phần Khoáng sản và Công nghiệp Cao Bằng,03-08-2023,Hết hạn
88,DTM,Dự án Công ty TNHH Xmart Lighting Việt Nam,"Lô CN13-1 KCN Yên Bình, phường Bãi Bông, thành phố Phổ Yên, tỉnh Thái Nguyên (thuê nhà xưởng D của Công ty Cổ phần phát triển công nghiệp CTG)",Công ty TNHH Xmart Lighting Việt Nam,02-08-2023,Hết hạn
81,DTM,Dự án xây dựng đường Hồ Chí Minh đoạn Chợ Chu- Ngã ba Trung Sơn,"Dự án đi qua địa bàn huyện Yên Sơn, tỉnh Tuyên Quàng và huyện Định Hóa, tỉnh Thái Nguyên",Ban Quản lý dự án đường Hồ Chí Minh,01-08-2023,Hết hạn
82,DTM,Dự án: Thành phố Thông Minh,"Xã Hải Bối, xã Kim Nỗ, xã Vĩnh Ngọc, huyện Đông Anh, thành phố Hà Nội.",Công ty Cổ phần Đầu tư Phát triển thành phố Thông minh Bắc Hà Nội,01-08-2023,Hết hạn
85,DTM,Dự án “Đầu tư nâng công suất Nhà máy bia Sài Gòn - Củ Chi từ 264 triệu lít/năm lên 350 triệu lít/năm và xây dựng nhà xưởng cho thuê sản xuất”,"Khu C1, đường D3, KCN Tây Bắc Củ Chi, huyện Củ Chi, TP.HCM",Tổng Công ty Cổ phần Bia - Rượu – Nước giải khát Sài Gòn (SABECO),01-08-2023,Hết hạn
79,DTM,"Dự án: “Trang trại chăn nuôi heo Nam Trâm 2, quy mô: 10.000 con heo thịt”","Tiểu khu 191, Ban Quản lý rừng phòng hộ Bù Đăng thuộc thôn 5, xã Đồng Nai, huyện Bù Đăng, tỉnh Bình Phước",Công ty TNHH Nam Trâm,31-07-2023,Hết hạn
80,DTM,"Dự án “Trang trại chăn nuôi heo Nam Trâm 3, quy mô 10.000 con heo thịt”","Tiểu khu 191, Ban Quản lý rừng phòng hộ Bù Đăng thuộc thôn 5, xã Đồng Nai, huyện Bù Đăng, tỉnh Bình Phước.",Công ty TNHH Nam Trâm,31-07-2023,Hết hạn
61,DTM,Dự án “Nhà máy sản xuất các sản phẩm nhựa và sản phẩm điện tử kỹ thuật cao Elentec”,"Lô 44F, 44J, 44H, 44G, Khu công nghiệp Quang Minh, Thị trấn Chi Đông, huyện Mê Linh, Thành phố Hà Nội",Công ty TNHH Elentec Việt Nam,28-07-2023,Hết hạn
62,DTM,"“Nhà máy sản xuất môđun quang điện mặt trời, nâng công suất từ 7.300.0000 sản phẩm/năm lên 9.125.000 sản phẩm/năm; Sản xuất thủy tinh vụn có nguồn gốc từ môđun quang điện, công suất 15.000 tấn sản phẩm/năm; Sản xuất hóa chất có nguồn gốc từ môđun quang điện, công suất 146 tấn sản phẩm/năm”","Lô A1 và A2, đường D10, KCN Đông Nam, xã Bình Mỹ, huyện Củ Chi, TP. HCM",Công ty TNHH Sản xuất First Solar Việt Nam,28-07-2023,Hết hạn
63,DTM,Dự án “Khoa học kỹ thuật ETCH HOME Việt Nam”,"Khu công nghiệp Lương Sơn, huyện Lương Sơn, tỉnh Hòa Bình",Công ty TNHH Khoa học kỹ thuật VN ETCH HOME,28-07-2023,Hết hạn
73,DTM,"Dự án đầu tư Cụm Công nghiệp Vĩnh Mỹ, xã Vĩnh Mỹ B, huyện Hòa Bình, tỉnh Bạc Liêu","Tại Ấp 14, xã Vĩnh Mỹ B, huyện Hòa Bình, tỉnh Bạc Liêu",Liên danh Công ty TNHH MTV Xây dựng Anh Khoa Bạc Liêu và Công ty Cổ phần Tập đoàn đầu tư PBV,28-07-2023,Hết hạn
75,DTM,"Dự án: “Trang trại chăn nuôi heo TMC, quy mô 3.600 con heo nái và 90 con heo nọc"" tại Làng Vơn, xã Yang Nam, huyện Kông Chro, tỉnh Gia Lai","Tại Làng Vơn, xã Yang Nam, huyện Kông Chro, tỉnh Gia Lai",Công ty Cổ phần Chăn nuôi TMC,28-07-2023,Hết hạn
60,DTM,Nhà máy sản xuất giấy Tissue công suất 90.000 tấn/năm,"CN6, Cụm công nghiệp (CCN) Văn Phong, xã Văn Phong, huyện Nho Quan, tỉnh Ninh Bình.",Công Ty Cổ phần sản xuất giấy Tân Thuận Phát.,27-07-2023,Hết hạn
51,DTM,"Dự án: Phát triển cơ sở hạ tầng thích ứng với biến đổi khí hậu để hỗ trợ sản xuất cho đồng bào dân tộc các tỉnh miền núi, trung du phía Bắc, tỉnh Tuyên Quang","Huyện Lâm Bình, Na Hang, Chiêm Hoá, Hàm Yên, Yên Sơn và Sơn Dương, tỉnh Tuyên Quang",Ban Điều phối các dự án vốn nước ngoài tỉnh Tuyên Quang,26-07-2023,Hết hạn
52,DTM,Dự án “Sản xuất tấm quang điện mặt trời tại Việt Nam” (Dự án mở rộng và nâng công suất),"Nhà xưởng D5, D6, D7, D10, D11, D12, D15 (thuê lại của Công ty liên doanh TNHH Khu công nghiệp Việt Nam – Singapore chi nhánh tại Hải Phòng), lô đất P1-SP1B, Khu đô thị, công nghiệp và dịch vụ VSIP Hải Phòng, huyện Thủy Nguyên, thuộc Khu kinh tế Đình Vũ – Cát Hải, Thành phố Hải Phòng",Công ty TNHH Chế tạo Canadian Solar Việt Nam,26-07-2023,Hết hạn
53,DTM,"Dự án “Đầu tư xây dựng mở rộng hạ tầng kỹ thuật Khu xử lý chất thải tập trung Tóc Tiên (Quy mô 137,6 ha)”","Xã Tóc Tiên, thị xã Phú Mỹ, tỉnh Bà Rịa – Vũng Tàu",Trung tâm Quản lý Hạ tầng kỹ thuật tỉnh Bà Rịa – Vũng Tàu,26-07-2023,Hết hạn
54,DTM,Dự án: “SHENYAN PRECISION MANUFACTURING (VIETNAM)”,"Khu công nghiệp Đồng Văn III, thị xã Duy Tiên, tỉnh Hà Nam",Công ty TNHH Chế tạo công nghệ cao Shenyan (Việt Nam),26-07-2023,Hết hạn
55,DTM,Dự án Công ty TNHH Amphenol Communication Electronics Việt Nam (dự án nâng công suất),"Lô CN2-4 và CN9-7, KCN Yên Phong (Khu mở rộng), xã Yên Trung, huyện Yên Phong, tỉnh Bắc Ninh",Công ty TNHH Amphenol Communication Electronics Việt Nam,26-07-2023,Hết hạn
56,DTM,"Dự án sản xuất thiết bị chiếu sáng, sản phẩm điện tử Blueview","Nhà xưởng X4 (Thuê lại của Công ty cổ phần xây dựng công trình giao thông và cơ giới) Lô L2.1, Khu công nghiệp Đồ Sơn, phường Ngọc Xuyên, quận Đồ Sơn, thành phố Hải Phòng",Công ty TNHH Công nghiệp Blueview Holding (Việt Nam),26-07-2023,Hết hạn
57,DTM,Dự án “Trang trại chăn nuôi công nghệ khép kín Đăk Rơ Nga 2”,"Thôn Đăk Manh II, xã Đăk Rơ Nga, huyện Đăk Tô, tỉnh KonTum",Công ty TNHH BA FARM ĐĂK TÔ,26-07-2023,Hết hạn
58,DTM,"""Nhà máy sản xuất vật liệu hàn với quy mô 150.000 tấn sản phẩm/năm (bao gồm công đoạn xi mạ với quy mô 90.000 tấn sản phẩm/năm và không được nhận gia công xi mạ cho đơn vị ngoài) và sản xuất máy hàn công suất 6.000 sản phẩm/năm”","Đường N2, KCN Nhơn Trạch 5, thị trấn Hiệp Phước, huyện Nhơn Trạch, tỉnh Đồng Nai",Công ty TNHH Hyundai Welding Vina,26-07-2023,Hết hạn
46,DTM,Dự án “Nhà máy điện tử BYD Việt Nam”,"Lô CN-02A, khu công nghiệp Phú Hà, xã Hà Lộc, thị xã Phú Thọ, tỉnh Phú Thọ",Công ty TNHH Điện tử BYD (Việt Nam),25-07-2023,Hết hạn
47,DTM,"Dự án đầu tư trang trại chăn nuôi heo thịt HTB tại xã Chư Drăng, huyện Krông Pa, tỉnh Gia Lai","Xã Chư Drăng, huyện Krông Pa, tỉnh Gia Lai",Công ty TNHH Đầu tư Chăn nuôi HTB,25-07-2023,Hết hạn
48,DTM,"Dự án đầu tư trang trại chăn nuôi heo nái HTB tại xã Uar, huyện Krông Pa, tỉnh Gia Lai","Xã Uar, huyện Krông Pa, tỉnh Gia Lai",Công ty TNHH Đầu tư HTB Land,25-07-2023,Hết hạn
49,DTM,"Dự án “Đầu tư xây dựng và kinh doanh kết cấu hạ tầng kỹ thuật Khu công nghiệp Sông Lô II - quy mô 165,655 ha” (Điều chỉnh quy trình công nghệ Nhà máy xử lý nước thải tập trung)","Xã Đồng Thịnh và xã Yên Thạch, huyện Sông Lô, tỉnh Vĩnh Phúc",Công ty Cổ phần Phát triển hạ tầng Vĩnh Phúc,25-07-2023,Hết hạn
44,DTM,Khu du lịch sinh thái nghỉ dưỡng Đồi Thống Nhất,"Phường 8, thành phố Đà Lạt, tỉnh Lâm Đồng",Công ty TNHH Du lịch Thành Thành Công Lâm Đồng,24-07-2023,Hết hạn
45,DTM,Dự án sản xuất của Công ty TNHH Evertie Lighting Việt Nam,"Lô 6-2, 6-3 Đường Đ1, Phân khu 6A, Khu công nghiệp Nhơn Trạch VI, xã Long Thọ, huyện Nhơn Trạch, tỉnh Đồng Nai",Công ty TNHH Evertie Lighting Việt Nam,24-07-2023,Hết hạn
50,DTM,Dự án xây dựng đường bộ cao tốc Tân Phú (tỉnh Đồng Nai) - Bảo Lộc (tỉnh Lâm Đồng) theo phương thức đối tác công tư (PPP),"Phạm vi thực hiện của dự án thuộc địa bàn của 5 huyện với 13 xã gồm các xã Phú An, Phú Sơn, Phú Trung, huyện Tân Phú, tỉnh Đồng Nai; Xã Madaguoi, Đạ Oai, Đạ Tồn, Phước Lộc, huyện Đạ Huoai; xã Đạ Kho, Triệu Hải, Đạ Pal, huyện Đạ Te’h; xã Lộc Tân, huyện Bảo Lâm và xã DamB’ri, phường Lộc Phát, thành phố Bảo Lộc, tỉnh Lâm Đồng.",Đại diện Chủ dự án: Công ty Cổ phần Tập đoàn Đèo Cả,24-07-2023,Hết hạn
34,DTM,Dự án “Khu đô thị Bắc Sa Huỳnh”,"Phường Phổ Thạnh, thị xã Đức Phổ, tỉnh Quảng Ngãi",Công ty Cổ phần Hạ tầng và Bất động sản Việt Nam,21-07-2023,Hết hạn
42,DTM,Dự án “Nhà máy cơ điện Liyang Việt Nam”,"Nhà xưởng 4B – Giai đoạn 2, Lô CN18, Khu Công nghiệp Yên Bình, phường Đồng Tiến, thành phố Phổ Yên, tỉnh Thái Nguyên",Công ty TNHH Cơ điện Liyang Việt Nam,21-07-2023,Hết hạn
43,DTM,Dự án “Nhà máy cơ điện Liyang Việt Nam”,"Nhà xưởng 4B – Giai đoạn 2, Lô CN18, Khu Công nghiệp Yên Bình, phường Đồng Tiến, thành phố Phổ Yên, tỉnh Thái Nguyên",Công ty TNHH Cơ điện Liyang Việt Nam,21-07-2023,Hết hạn
32,DTM,Xây dựng đường bộ cao tốc Tân Phú (tỉnh Đồng Nai) - Bảo Lộc (tỉnh Lâm Đồng) theo phương thức đối tác công tư,"Phạm vi thực hiện của dự án thuộc địa bàn của 5 huyện với 13 xã gồm các xã Phú An, Phú Sơn, Phú Trung, huyện Tân Phú, tỉnh Đồng Nai; Xã Madaguoi, Đạ Oai, Đạ Tồn, Phước Lộc, huyện Đạ Huoai; xã Đạ Kho, Triệu Hải, Đạ Pal, huyện Đạ Te’h; xã Lộc Tân, huyện Bảo Lâm và xã DamB’ri, phường Lộc Phát, thành phố Bảo Lộc, tỉnh Lâm Đồng",Công ty Cổ phần Tập Đoàn Đèo Cả,20-07-2023,Hết hạn
33,DTM,"Đầu tư xây dựng đường vành đai phía Nam thành phố Thái Bình, đoạn từ cầu ngang S1 đến đường Chu Văn An kéo dài","Thành phố Thái Bình và huyện Vũ Thư, tỉnh Thái Bình",Ban Quản lý dự án Đầu tư xây dựng các công trình giao thông tỉnh Thái Bình.,20-07-2023,Hết hạn
206,DTM,"Dự án Hồ chứa nước Ka pét huyện Hàm Thuận Nam, tỉnh Bình Thuận","Huyện Hàm Thuận Nam, tỉnh Bình Thuận",Chủ đầu tư: Ủy ban nhân dân tỉnh Bình Thuận; Đại diện Chủ đầu tư: Ban QLDA Đầu tư xây dựng các công trình nông nghiệp và phát triển nông thôn tỉnh Bình Thuận,19-07-2023,Hết hạn
207,DTM,Dự án “Chi nhánh 2 - Công ty TNHH Nhà máy Bia Heineken Việt Nam – Đà Nẵng”,"Đường số 2, số 3 và số 6, KCN Hòa Khánh, phường Hòa Khánh Bắc, quận Liên Chiểu, thành phố Đà Nẵng",Chi nhánh 2 - Công ty TNHH Nhà máy Bia Heineken Việt Nam – Đà Nẵng,19-07-2023,Hết hạn
211,DTM,Dự án: “Khu nghỉ dưỡng Vũng Lắm”,"Phường Xuân Đài, thị xã Sông Cầu, tỉnh Phú Yên",Công ty Cổ phần Everland Phú Yên,18-07-2023,Hết hạn
209,DTM,"Dự án “Cụm công nghiệp số 02 Vạn Hà, huyện Thiệu Hóa, tỉnh Thanh Hóa”","các xã Thiệu Phú, huyện Thiệu Hóa, tỉnh Thanh Hóa",Công ty TNHH đầu tư xây dựng và phát triển Lam Kinh,14-07-2023,Hết hạn
210,DTM,Dự án Nhà máy sản xuất linh kiện điện tử AAC tại Vĩnh Phúc,"Lô CN5, KCN Bá Thiện, thị trấn Bá Hiến, huyện Bình Xuyên, tỉnh Vĩnh Phúc",Công ty TNHH AAC Technologies Vĩnh Phúc,14-07-2023,Hết hạn
5,DTM,"Dự án Nạo vét, cải tạo môi trường, xây dựng hạ tầng Rạch Xuyên Tâm (từ kênh Nhiêu Lộc – Thị Nghè đến sông Vàm Thuật) quận Bình Thạnh, quận Gò Vấp","Trên địa bàn Quận Bình Thạnh (gồm 7 phường: phường 2, 11, 12, 13, 15, 24, 26) và Quận Gò Vấp (phường 5) – Thành phố Hồ Chí Minh",Ban Quản lý dự án đầu tư xây dựng Hạ tầng đô thị,12-07-2023,Hết hạn
8,DTM,"Dự án “Phát triển nông thôn thích ứng với thiên tai, tỉnh Sơn La”","7 huyện thuộc tỉnh Sơn La: Mộc Châu, Thuận Châu, Yên Châu, Mường La, Mai Sơn, Phú Yên và Sốp Cộp",Ban Quản lý dự án Đầu tư Xây dựng Các công trình NN&PTNT tỉnh Sơn La,12-07-2023,Hết hạn
10,DTM,"Cải tạo, nâng cấp, kết nối hệ thống giao thông thuỷ bộ ĐT.925B và kênh Nàng Mau, tỉnh Hậu Giang","Huyện Vị Thủy, huyện Phụng Hiệp, huyện Châu Thành, huyện Châu Thành A;",Ban QLDA ĐTXD công trình Giao thông và Nông nghiệp tỉnh Hậu Giang,12-07-2023,Hết hạn
12,DTM,Dự án Đường dây 500kV Hải Phòng - Thái Bình,"TP. Hải Phòng, tỉnh Hải Dương, tỉnh Thái Bình",Chủ dự án: Tổng Công ty Truyền tải Điện Quốc gia; Đại diện chủ dự án:Ban Quản lý dự án các công trình điện miền Bắc,12-07-2023,Hết hạn
13,DTM,Dự án Đường dây 220kV Trạm biến áp 500kV Hải Phòng - Gia Lộc,Tỉnh Hải Dương và thành phố Hải Phòng,Chủ dự án: Tổng Công ty Truyền tải Điện Quốc gia; Đại diện chủ dự án:Ban Quản lý dự án các công trình điện miền Bắc,12-07-2023,Hết hạn
208,DTM,Dự án “Công ty TNHH Compal (Việt Nam) tại Vĩnh Phúc”,"KCN Bá Thiện, thị trấn Bá Hiến, huyện Bình Xuyên, tỉnh Vĩnh Phúc",Công ty TNHH Compal (Việt Nam),12-07-2023,Hết hạn
14,DTM,"Dự án “Kênh thoát nước quanh Khu công nghiệp WHA-2""","Xã Nghi Hưng và xã Nghi Đồng, huyện Nghi Lộc, tỉnh Nghệ An",Ban Quản lý Khu kinh tế Đông Nam Nghệ An,11-07-2023,Hết hạn
15,DTM,Dự án Mở rộng quy mô Nhà xưởng của Công ty TNHH FRIWO Việt Nam tại Khu công nghiệp Long Bình (Amata),"KCN Long Bình (Amata), thành phố Biên Hòa, tỉnh Đồng Nai,",Công ty TNHH FRIWO Việt Nam,11-07-2023,Hết hạn
6396,GPMT,Nhà máy sản xuất hợp kim đặc biệt-công nghệ cao,"Lô C5A thuộc Khu công nghiệp Hiệp Phước, xã Hiệp Phước, thành phố Hồ Chí Minh",Công ty TNHH Hợp kim và Công nghệ vật liệu Kim Thịnh,16-09-2026,
6395,GPMT,Nhà máy giấy Xuân Mai,"Lô C2, C4, C4a, C6, C6a, C6b và C10, Khu công nghiệp Hiệp Phước, xã Hiệp Phước, Thành phố Hồ Chí Minh",Công ty TNHH giấy Xuân Mai,15-09-2026,
6394,GPMT,Nhà máy chế biến và sản xuất các sản phẩm từ phế liệu Hưng Vượng,"Lô CN8.2 Khu Công nghiệp Nam Cầu Kiền, phường Thiên Hương, thành phố Hải Phòng",Công ty Cổ phần Logistics Hưng Vượng,14-09-2026,
6390,GPMT,Công ty TNHH SMC Manufacturing (Việt Nam),"xã Bình An, xã An Phước, thành phố Đồng Nai",Công ty TNHH SMC Manufacturing (Việt Nam),05-09-2026,
6387,GPMT,"Nhà máy luyện, cán thép Sunpro","Cụm công nghiệp tập trung Phú Hữu A - Giai đoạn 3, xã Châu Thành, thành phố Cần Thơ",Công ty TNHH MTV Sunpro Steel,28-08-2026,Hết hạn
6388,GPMT,Công ty TNHH Daewon Chemical Vina,"Đường số 5, KCN Long Thành, xã An Phước, Tp. Đồng Nai",Công ty TNHH Daewon Chemical Vina,28-08-2026,Hết hạn
6383,GPMT,Nhà máy sản xuất thép VinMetal Hà Tĩnh,"Khu công nghiệp trung tâm lô CN4, CN5 Khu công nghiệp Vinhomes Vũng Áng thuộc Khu kinh tế Vũng Áng",Công ty cổ phần sản xuất và kinh doanh VinMetal,26-08-2026,Hết hạn
6381,GPMT,Nhà máy sản xuất vật liệu hợp kim Bedra Việt Nam,"Lô CN-06, KCN Hòa Phú, xã Xuân Cẩm, tỉnh Bắc Ninh",Công ty TNHH Vật liệu hợp kim Bedra Việt Nam,25-08-2026,Hết hạn
6382,GPMT,"Nhà máy phân loại tái chế và xử lý chất thải dân dụng, công nghiêp","Đường CN6, KCN Thuận Thành 3, Phân khu B, Phường Thuận Thành, tỉnh Bắc Ninh",Công ty Cổ phần Môi trường Thuận Thành,25-08-2026,Hết hạn
6378,GPMT,Chi nhánh Công ty cổ phần Gang thép Thái Nguyên – Nhà máy Luyện thép Lưu Xá,"Tổ dân phố Cam Giá 2, phường Gia Sàng, tỉnh Thái Nguyên",Công ty cổ phần Gang thép Thái Nguyên (TISCO),21-08-2026,Hết hạn
6377,GPMT,Nhà máy sản xuất bao bì carton Tấn Đạt,"Lô số 3, Khu Công nghiệp Điện Nam - Điện Ngọc, phường Điện Bàn Đông, thành phố Đà Nẵng",Công ty TNHH bao bì Tấn Đạt,20-08-2026,Hết hạn
6375,GPMT,"Đầu tư nhà máy sản xuất các sản phẩm nhựa và bao bì, dầu FO-R, dầu Silicone","Khu phố 3/2, xã Yên Phú, tỉnh Thanh Hóa",Công ty Cổ phần Sản xuất nhựa và bao bì Việt Nam,19-08-2026,Hết hạn
6376,GPMT,Nhà máy sản xuất giấy bao bì Miza Nghi Sơn,"Khu công nghiệp số 05 thuộc Khu kinh tế Nghi Sơn, xã Trường Lâm, tỉnh Thanh Hóa",Công ty TNHH Miza Nghi Sơn,19-08-2026,Hết hạn
6370,GPMT,Nhà máy luyện cán thép Nghi Sơn số 2,"Khu liên hợp Gang thép Nghi Sơn, Khu kinh tế Nghi Sơn, phường Nghi Sơn, tỉnh Thanh Hóa",Công ty cổ phần Tập đoàn VAS Nghi Sơn,17-08-2026,Hết hạn
6371,GPMT,Nhà máy sản xuất và nhôm định hình Ngọc Diệp (công suất 50.000 tấn sản phẩm/năm),"Đường C2 - khu C - KCN Phố Nối A, xã Như Quỳnh, tỉnh Hưng Yên",Công ty cổ phần nhôm Ngọc Diệp,17-08-2026,Hết hạn
6372,GPMT,"Nhà máy sản xuất cửa cuốn, cửa nhựa Austdoor, gỗ ván ép Ninh Bình, dầu silicone, gioăng, keo silicone hữu cơ dùng cho ngành y tế, xây dựng, sản xuất ô tô và đồ gia dụng","Lô C7, Khu công nghiệp Khánh Phú, phường Đông Hoa Lư, tỉnh Ninh Bình",Công ty Cổ phần Austdoor Ninh Bình,17-08-2026,Hết hạn
6373,GPMT,Nhà máy Bright International Việt Nam,"Lô CN 01, 02, 03, 04, 05 Khu công nghiệp Thuận Thành II, phường Mão Điền, tỉnh Bắc Ninh",Công ty TNHH Quốc tế Bright Việt Nam,17-08-2026,Hết hạn
6374,GPMT,Nhà máy sản xuất các sản phẩm nhôm và các sản phẩm nhựa Eurostark,"Lô CN-24, Khu công nghiệp phía Nam, phường Văn Phú, tỉnh Lào Cai",Công ty Cổ phần Eurostark,17-08-2026,Hết hạn
6369,GPMT,Nhà máy Zhong Xin Ya Tai Việt Nam,"Lô đất L4.1, L4.2, L4.3B, Khu công nghiệp Đồ Sơn Hải Phòng, phường Đồ Sơn, thành phố Hải Phòng",Công ty TNHH Zhong Xin Ya Tai Việt Nam,14-08-2026,Hết hạn
6367,GPMT,"Nhà máy xử lý và tái chế chất thải, công suất 244 tấn sản phẩm/ngày","Lô HF15, đường số 4, Khu Công Nghiệp Xuyên Á, Xã Đức Lập, tỉnh Tây Ninh",Công ty Cổ phần Thương mại - Dịch vụ - Môi trường Nguyệt Minh 2,13-08-2026,Hết hạn
6368,GPMT,Trung tâm tái chế phế thải và xử lý chất thải công nghiệp,"Tổ dân phố Ngọc Thanh, phường Xuân Hòa, tỉnh Phủ Thọ",Công ty TNHH Môi trường công nghiệp xanh,12-08-2026,Hết hạn
6365,GPMT,Nhà máy sản xuất giấy lụa,"Đường B1, Khu B, Khu công nghiệp Phố Nối A, xã Như Quỳnh, tỉnh Hưng Yên",Công ty Cổ phần Stavian Tissue,06-08-2026,Hết hạn
6362,GPMT,Nhà máy sản xuất giấy GMC,"Lô CN 05-05, CCN Hạnh Phúc – Xuân Phương, xã Phú Bình, tỉnh Thái Nguyên",Công ty Cổ phần Giấy GMC,05-08-2026,Hết hạn
6361,GPMT,Nhà máy kỹ thuật công nghệ cao đồng Đông Phương,"Lô CN1-2, khu công nghiệp (KCN) Đại Đồng – Hoàn Sơn giai đoạn II, xã Đại Đồng, tỉnh Bắc Ninh",Công ty Cổ phần Công nghệ cao đồng Đông Phương,04-08-2026,Hết hạn
6360,GPMT,Nhà máy sản xuất thép VinMetal Hà Tĩnh,"Tại các lô đất ký hiệu CN5-1, CN5-4, CN5- 5, CN5-6, CN5-7, CN5-8, CN5-9, CC5-1, CC5-2 thuộc đồ án Quy hoạch phân khu xây dựng khu công nghiệp trung tâm lô CN4, CN5, Khu kinh tế Vũng Áng, tỉnh Hà Tĩnh",Công ty cổ phần sản xuất và kinh doanh VinMetal,03-08-2026,Hết hạn
6357,GPMT,"Đầu tư nhà máy sản xuất các sản phẩm nhựa và bao bì, dầu FO-R, dầu Silicone","Khu phố 3/2, xã Yên Định, tỉnh Thanh Hóa",Công ty Cổ phần Sản xuất nhựa và bao bì Việt Nam,30-07-2026,Hết hạn
6358,GPMT,Công ty TNHH Sanhua (Việt Nam),"phường An Phong, thành phố Hải Phòng",Dự án của Công ty TNHH Sanhua (Việt Nam),27-07-2026,Hết hạn
6355,GPMT,Nhà máy giấy Quảng Bình,"Km9, Tỉnh lộ 16, xã Trường Phú, tỉnh Quảng Trị",Công ty Cổ phần tái chế giấy Quảng Bình,24-07-2026,Hết hạn
6353,GPMT,Nhà máy thép Tùng Chi,"Khu B, Khu công nghiệp Sông Công I, phường Bách Quang, tỉnh Thái Nguyên",Công ty TNHH Thép Tùng Chi,17-07-2026,Hết hạn
6352,GPMT,"Nhà máy xử lý chất thải y tế, công nghiệp và nguy hại","Ấp Phú Hưng, xã Phú Quới, tỉnh Vĩnh Long.",Công ty TNHH Khang Thiên Phát,15-07-2026,Hết hạn
6347,GPMT,"Khu liên hợp xử lý chất thải sinh hoạt, công nghiệp (không nguy hại và nguy hại)","ấp Xuân Tâm 7, xã Xuân Hòa, thành phố Đồng Nai",Công ty Cổ phần Cù Lao Xanh,13-07-2026,Hết hạn
6348,GPMT,Nhà máy xử lý chất thải công nghiệp và nguy hại Thảo Dương Xanh,"Ấp Xa Lách, xã Tân Quan, Thành phố Đồng Nai",Công ty cổ phần Môi trường Thảo Dương Xanh,13-07-2026,Hết hạn
6349,GPMT,Nhà máy luyện cán thép,"Lô D2 và một phần D6.2, đường N11, khu công nghiệp Cầu cảng Phước Đông, ấp 5, đường tỉnh 826B, xã Tân Lân, tỉnh Tây Ninh",Công ty cổ phần thương mại dịch vụ Thép Hòa Phát Long An,13-07-2026,Hết hạn
6350,GPMT,Nhà máy xử lý và tiêu hủy chất thải nguy hại,"Lô G05-4, MB4-1 và MB2-4, KCN Đức Hòa 1, Xã Đức Hòa Đông. Huyện Đức Hòa, Tỉnh Long An",Công ty TNHH Thương mại và sản xuất Ngọc Tân Kiên,13-07-2026,Hết hạn
6345,GPMT,Nhà máy sản xuất nhôm Ingot Hanalco Alumin,"Khu công nghiệp Hòa Mạc, Phường Duy Tiên, Tỉnh Ninh Bình",Công ty cổ phần Hanalco Alumin,10-07-2026,Hết hạn
6346,GPMT,Nhà máy sản xuất giấy Bắc Hà,"CN-05, Cụm công nghiệp (CCN) Yên Lư, phường Yên Dũng, tỉnh Bắc Ninh",Công ty TNHH Bắc Hà,10-07-2026,Hết hạn
6342,GPMT,SEAH M&S Việt Nam,"Lô F4, KCN CS Phú Mỹ 3, phường Tân Phước, thành phố Hồ Chí Minh",Công ty TNHH SEAH M&S Việt Nam,08-07-2026,Hết hạn
6343,GPMT,"Nhà máy sản xuất giấy bao bì chất lượng cao và giấy làm vỏ bao xi măng tại Cụm công nghiệp Phương Nam, phường Yên tử, tỉnh Quảng Ninh","Ô số 07, 08 – Lô CN 07, Cụm Công nghiệp Phương Nam, phường Yên Tử, tỉnh Quảng Ninh",Công ty Cổ phần Sản xuất TM và DV Song Long QN,08-07-2026,Hết hạn
6340,GPMT,Khu liên hợp xử lý chất thải Sông Công,"Tổ dân phố Tân Mỹ 2, phường Bách Quang, tỉnh Thái Nguyên",Công ty TNHH Môi trường Sông Công,07-07-2026,Hết hạn
6341,GPMT,Nhà máy sản xuất sợi hóa học thế kỷ mới Việt Nam,"Lô đất 32+34+39+40+41+42, Khu công nghiệp (KCN) Cái Lân, phường Việt Hưng, tỉnh Quảng Ninh",Công ty TNHH sợi hóa học thế kỷ mới Việt Nam,07-07-2026,Hết hạn
6338,GPMT,Nhà máy sản xuất hợp kim nhôm,"Khu 3, phố Phúc Sơn, phường Nhị Chiểu, thành phố Hải Phòng",Công ty Cổ phần Pramac,02-07-2026,Hết hạn
6337,GPMT,Dự án mở rộng nhà máy sản xuất đá ốp lát thạch anh,"Lô CN03 và Lô CN-C3, KCN Châu Sơn, phường Châu Sơn, tỉnh Ninh Bình",Công ty Cổ phần Casablanca Việt Nam,01-07-2026,Hết hạn
6336,GPMT,"Xây dựng và kinh doanh cơ sở hạ tầng Khu công nghiệp Vân Trung, tỉnh Bắc Ninh","Phường Nếnh, tỉnh Bắc Ninh",Công ty TNHH Fugiang,26-06-2026,Hết hạn
6333,GPMT,"Dự án thay đổi công nghệ, nâng công suất sản xuất giấy lên 30.000 tấn/năm","Lô 3, đường Tạ Hiện, Khu công nghiệp Phúc Khánh, phường Vũ Phúc, tỉnh Thái Bình",Công ty TNHH Thái Hiệp Hưng,25-06-2026,Hết hạn
6328,GPMT,"Nhà máy xử lý tiêu hủy, tái chế chất thải nguy hại","Lô N4, Đường số 2, KCN Hải Sơn, Ấp Bình Tiền 2, Xã Đức Hòa, tỉnh Tây Ninh",Công ty TNHH MTV SX TM DV Xử lý chất thải nguy hại Tùng Nguyên H.S,22-06-2026,Hết hạn
6329,GPMT,Xây dựng nhà máy dệt bao bì xuất khẩu số 2,"Khu phố 1, xã Quỹ Nhất, tỉnh Ninh Bình",Công ty Cổ phần Trịnh Nghiên,22-06-2026,Hết hạn
6327,GPMT,Đầu tư xây dựng và kinh doanh hạ tầng kỹ thuật Khu công nghiệp Nam Bình Xuyên,"Xã Xuân Lãng và Bình Nguyên, tỉnh Phú Thọ",Công ty TNHH Phát triển Nam Bình Xuyên Green Park,19-06-2026,Hết hạn
6325,GPMT,"Khu công nghệ số tập trung Bình Dương, quy mô 15,47 ha","phường Bình Dương, thành phố Hồ Chí Minh",Tập đoàn Đầu tư và Phát triển Công nghiệp Becamex - CTCP,18-06-2026,Hết hạn
6326,GPMT,"Nhà máy giấy Giao Long (nâng công suất sản xuất giấy Kraft từ 840 tấn/ngày lên 950 tấn/ngày, sản xuất bao bì carton, công suất 120 tấn/ngày)","Lô AIII, KCN Giao Long, xã Giao Long, tỉnh Vĩnh Long",Công ty Cổ phần Đông Hải Bến Tre,18-06-2026,Hết hạn
6322,GPMT,"Nhà máy thu gom, phân loại, xử lý chất thải công nghiệp và nguy hại","Ấp 7, xã Long Phước, Thành phố Đồng Nai",Công ty Cổ phần Môi trường Tân Thiên Nhiên,16-06-2026,Hết hạn
6321,GPMT,Nhà máy thu gom xử lý chất thải công nghiệp Việt Khải,"Lô B5, đường D3, khu công nghiệp Đất Cuốc, xã Bắc Tân Uyên, thành phố Hồ Chí Minh",Công ty TNHH Thương mại Dịch vụ Xử lý Môi trường Việt Khải,15-06-2026,Hết hạn
6319,GPMT,Nhà máy Xi măng Nghi Sơn,"Tổ dân phố Bắc Hải, phường Nghi Sơn, tỉnh Thanh Hoá",Công ty Xi măng Nghi Sơn,12-06-2026,Hết hạn
6320,GPMT,Đầu tư xây dựng và kinh doanh kết cấu hạ tầng khu công nghiệp Nhuận Trạch,"xã Lương Sơn và xã Liên Sơn, tỉnh Phú Thọ",Công ty TNHH Hòa Phú – Hòa Bình,12-06-2026,Hết hạn
6317,GPMT,Nhà máy xi măng Hòn Chông,"liên tỉnh lộ 11, xã Kiên Lương, tỉnh An Giang",Công ty TNHH Siam City Cement (Việt Nam),11-06-2026,Hết hạn
6316,GPMT,Đầu tư xây dựng và kinh doanh kết cấu hạ tầng khu công nghiệp Song Mai – Nghĩa Trung,"phường Việt Yên và phường Đa Mai, tỉnh Bắc Ninh",Công ty cổ phần đầu tư hạ tầng khu công nghiệp Hà Nội – Bắc Giang,08-06-2026,Hết hạn
6313,GPMT,Nhà máy xử lý chất thải nguy hại – Chi nhánh Công ty TNHH Môi trường Tươi Sáng,"ấp Tân Hưng Phú, xã Tân Phước 2, tỉnh Đồng Tháp",Công ty TNHH Môi trường Tươi Sáng,01-06-2026,Hết hạn
6314,GPMT,Nhà máy xi măng Đồng Lâm,"Tổ dân phố Cổ Xuân – Quảng Lộc, phường Phong Điền, thành phố Huế",Công ty Cổ phần Xi măng Đồng Lâm,01-06-2026,Hết hạn
6312,GPMT,Nhà máy nhôm công nghệ cao EcoAlu,"Cụm công nghiệp Hợp Thắng, xã Hợp Tiến, tỉnh Thanh Hóa",Công ty Cổ phần EcoALu,29-05-2026,Hết hạn
6307,GPMT,Nhà máy Xi măng Nghi Sơn,"Tổ dân phố Bắc Hải, phường Nghi Sơn, tỉnh Thanh Hoá",Công ty Xi măng Nghi Sơn,28-05-2026,Hết hạn
6308,GPMT,Đầu tư phát triển dây chuyền máy xeo tự động 70 tấn/ngày và nâng công suất máy sóng lên 60 m/phút,"Lô số 4, Khu công nghiệp Điện Nam - Điện Ngọc, phường Điện Bàn Đông, thành phố Đà Nẵng",Công ty Cổ phần giấy Sài Gòn miền Trung,28-05-2026,Hết hạn
6305,GPMT,Nhà máy xi măng Xuân Sơn,"tại xã Yên Trị, tỉnh Phú Thọ.",Công ty Cổ phần Tập đoàn Xuân Khiêm,27-05-2026,Hết hạn
6306,GPMT,Nhà máy sản xuất phân bón DAP,"Lô N5.8 Khu công nghiệp Đình Vũ, thuộc khu kinh tế Đình Vũ - Cát Hải, phường Đông Hải, thành phố Hải Phòng",Công ty Cổ phần DAP - Vinachem,27-05-2026,Hết hạn
6311,GPMT,Đầu tư xây dựng công trình cải tạo mở rộng mỏ than Nông Sơn,"xã Nông Sơn, thành phố Đà Nẵng",Công ty cổ phần than - điện Nông Sơn - TKV,26-05-2026,Hết hạn
6301,GPMT,Khu xử lý chất thải Quang Trung,"xã Gia Kiệm, thành phố Đồng Nai",Công ty Cổ phần Dịch vụ Sonadezi,21-05-2026,Hết hạn
6302,GPMT,Đầu tư xây dựng và kinh doanh hạ tầng kỹ thuật Khu công nghiệp Đông Quế Sơn,"xã Xuân Phú, thành phố Đà Nẵng",Công ty Cổ phần An Thịnh Quảng Nam,21-05-2026,Hết hạn
6303,GPMT,Nhà máy Nhiệt điện Ô Môn I,"Số 148, Tỉnh lộ 920, Khu vực Thới Lợi, phường Phước Thới, thành phố Cần Thơ",Công ty Nhiệt điện Cần Thơ - Chi nhánh tổng Công ty Phát điện 2 – Công ty Cổ Phần,20-05-2026,Hết hạn
6296,GPMT,Khu công nghiệp Yên Phong I mở rộng,"xã Yên Trung và xã Tam Đa, tỉnh Bắc Ninh",Tổng Công ty Viglacera - CTCP,18-05-2026,Hết hạn
6298,GPMT,Nhà máy sơ chế nguyên liệu kim loại và sản xuất phôi kim loại,"Lô C12, KCN Khánh Phú, phường Đông Hoa Lư, tỉnh Ninh Bình",Công ty TNHH Chang Xin (Việt Nam),18-05-2026,Hết hạn
6299,GPMT,Best Pacific - Việt Nam,"Lô IN4.1.1, IN4.1.2, IN4.2.1, IN4.2.2 và lô 9.3 KCN Cẩm Điền – Lương Điền, xã Cẩm Giàng, thành phố Hải Phòng",Công ty TNHH Best Pacific Việt Nam,18-05-2026,Hết hạn
6300,GPMT,Đầu tư phát triển hạ tầng Khu công nghiệp Hưng Phú,"xã Hưng Phú, tỉnh Hưng Yên",Công ty Cổ phần Khu công nghiệp Geleximco Hung Phú,16-05-2026,Hết hạn
6289,GPMT,Khu công nghiệp Yên Phong.,"Xã Yên Phong, xã Yên Trung và xã Tam Đa, tỉnh Bắc Ninh.",Công ty Đầu tư phát triển hạ tầng Viglacera - Chi nhánh Tổng công ty Viglacera.,15-05-2026,Hết hạn
6288,GPMT,Đầu tư xây dựng và kinh doanh kết cấu hạ tầng khu công nghiệp Prodezi,"xã Lương Hòa, tỉnh Tây Ninh.",Công ty Cổ phần Prodezi Long An,14-05-2026,Hết hạn
6275,GPMT,Khu công nghiệp Rạch Bắp,"phường Long Nguyên và phường Tây Nam, Tp. Hồ Chí Minh.",Công ty Cổ phần Công nghiệp An Điền,08-05-2026,Hết hạn
6276,GPMT,"Nhà máy sản xuất giấy Chánh Dương, công suất 550.800 tấn sản phẩm/năm","Lô số B-2-CN, B-4-CN, A-3A-CN, A-A5-CN, C-3-CN, C-4-CN, C-5- CN, C-6-CN, đường D15 - Khu công nghiệp Mỹ Phước, phường Bến Cát, thành phố Hồ Chí Minh",Công ty TNHH xưởng giấy Chánh Dương,08-05-2026,Hết hạn
6278,GPMT,Khu công nghiệp Mỹ Xuân B1 – Đại Dương,"phường Phú Mỹ, thành phố Hồ Chí Minh",Công ty Cổ phần Đầu tư Xây dựng Giải trí Đại Dương,08-05-2026,Hết hạn
6274,GPMT,Khu xử lý chất thải Quang Trung,"xã Gia Kiệm, tỉnh Đồng Nai",Công ty Cổ phần Dịch vụ Sonadezi,07-05-2026,Hết hạn
6270,GPMT,"Đầu tư xây dựng nhà máy xử lý chất thải rắn Minh Tân, huyện Thủy Nguyên","Khu đầm Ao La, phường Bạch Đằng, thành phố Hải Phòng",Công ty Cổ phần Thương mại và Dịch vụ Kho vận Phú Hưng,06-05-2026,Hết hạn
6269,GPMT,Chi nhánh Công ty CP Tập đoàn Bia Sài Gòn Bình Tây - Nhà máy bia Sài Gòn - Đồng Tháp,"Khu Công nghiệp Trần Quốc Toản, Phường Mỹ Ngãi, Tỉnh Đồng Tháp",Công ty CP Tập đoàn Bia Sài Gòn Bình Tây,04-05-2026,Hết hạn
6268,GPMT,Nhà máy sản xuất giấy Lam Sơn Thanh Hóa,"Thôn Phố Mới, xã Nông Cống, tỉnh Thanh Hóa",Công ty Cổ phần giấy Lam Sơn Thanh Hóa,29-04-2026,Hết hạn
6262,GPMT,"Khu công nghiệp Hải Sơn mở rộng giai đoạn 3+4 diện tích 338,0059ha","ấp Bình Tiền 2, xã Đức Hòa, tỉnh Tây Ninh",Công ty TNHH Hải Sơn,28-04-2026,Hết hạn
6260,GPMT,Nhà máy sản xuất hạt nhựa và các sản phẩm nhựa,"phường Thiên Hương, thành phố Hải Phòng",Công ty TNHH Thương mại và Dịch vụ xuất nhập khẩu Liên Minh,24-04-2026,Hết hạn
6261,GPMT,Nhà máy sản xuất và đùn nhôm định hình Ngọc Diệp,"Đường C2 - khu C - KCN phố Nối A, xã Như Quỳnh, tỉnh Hưng Yên",Công ty cổ phần nhôm Ngọc Diệp,24-04-2026,Hết hạn
6277,GPMT,Khu công nghiệp Nam Cầu Kiền,"Khu công nghiệp Nam Cầu Kiền, phường Thiên Hương, TP Hải Phòng.",Công ty Cổ phần Shinec,24-04-2026,Hết hạn
6251,GPMT,Nhà máy Bia Hà Nội - Nghệ An - giai đoạn 1,"Khu B - Khu công nghiệp Nam Cẩm, xã Trung Lộc, tỉnh Nghệ An",Công ty Cổ phần Bia Hà Nội - Nghệ An (thuộc Tổng Công ty Cổ phần Bia - Rượu - Nước giải khát Hà Nội),22-04-2026,Hết hạn
6246,GPMT,Đầu tư xây dựng và kinh doanh kết cấu hạ tầng Khu công nghiệp Sông Công II giai đoạn 2,"Phường Bá Xuyên và phường Bách Quang, tỉnh Thái Nguyên",Công ty Cổ phần Viglacera Thái Nguyên,20-04-2026,Hết hạn
6247,GPMT,Nhà máy Công ty TNHH Polytex Far Eastern (Việt Nam)” – Dây chuyền sản xuất sợi polyester PSF công suất 36.000 tấn sản phẩm/năm,"Lô B_4B_CN, B_5B_CN đường DC và lô B_3E_CN đường N11, KCN Bàu Bàng, xã Bàu Bàng, thành phố Hồ Chí Minh",Công ty TNHH Polytex Far Eastern (Việt Nam),20-04-2026,Hết hạn
6249,GPMT,Đầu tư xây dựng và kinh doanh hạ tầng khu công nghiệp Tân Đức,"xã Tân Minh, tỉnh Lâm Đồng",Công ty Cổ phần Sonadezi Bình Thuận,20-04-2026,Hết hạn
6242,GPMT,Khai thác lộ thiên mỏ Khánh Hòa,"Phường Quyết Thắng, phường Quan Triều, xã An Khánh, tỉnh Thái Nguyên",Tổng Công ty Công nghiệp mỏ Việt Bắc TKV - CTCP,17-04-2026,Hết hạn
6239,GPMT,Dự án Nhà máy công nghiệp NEOTEK Việt Nam (Giai đoạn 1),"Lô C1.7, C1.8, C1.9, C1.10, C1.11, C1.12 Cụm C1, đường D1, Khu công nghiệp Hàm Kiệm II – Bita’s, xã Hàm Kiệm, tỉnh Lâm Đồng",Công ty TNHH Công nghiệp NEOTEK Việt Nam,14-04-2026,Hết hạn
6236,GPMT,Đầu tư xây dựng và kinh doanh kết cấu hạ tầng Khu công nghiệp Thủ Thừa.,"Xã Thủ Thừa, tỉnh Tây Ninh",Công ty Cổ phần Phát triển Khu công nghiệp và Đô thị Thủ Thừa,09-04-2026,Hết hạn
6237,GPMT,Khu công nghiệp chuyên sâu Phú Mỹ 3,"Phường Tân Phước, Thành phố Hồ Chí Minh",Công ty Cổ phần Thanh Bình Phú Mỹ,07-04-2026,Hết hạn
6230,GPMT,Nhà máy tái chế nhớt thải,"KCN Tam Phước, Đường số 9, Phường Tam Phước, Tỉnh Đồng Nai",Công ty TNHH Đại Lam Sơn,06-04-2026,Hết hạn
6227,GPMT,"Khai thác lộ thiên khu Khe Hùm, Bù Lù - Mỏ Tân Lập","phường Hà Tu và Cao Xanh, tỉnh Quảng Ninh",Tổng Công ty Đông Bắc,02-04-2026,Hết hạn
6223,GPMT,Sản xuất Công ty TNHH ShengYuan Việt Nam,"Unit 1, Nhà xưởng RBF 06 (thuê lại của Công ty TNHH Classic Leaf Việt Nam), Lô CN15-02, Khư phi thuế quan và Khu công nghiệp Nam Đình Vũ (Khu 1), thuộc Khu kinh tế Đình Vũ - Cát Hải, phường Đông Hải, thành phô Hải Phòng,",Công ty TNHH ShengYuan Việt Nam,01-04-2026,Hết hạn
6224,GPMT,Nhà máy Seojin Việt Nam,"Lô B1, B2, B3, B6, B7 Khu công nghiệp Song Khê - Nội Hoàng (phía Bắc), phường Tiền Phong, tỉnh Bắc Ninh",Công ty TNHH Seojin Việt Nam,01-04-2026,Hết hạn
6225,GPMT,Đầu tư xây dựng và kinh doanh kết cấu hạ tầng Khu công nghiệp Vinhomes Vũng Áng,"Khu công nghiệp trung tâm lô CN4, CN5 - Khu kinh tế Vũng Áng, phường Vũng Áng, tỉnh Hà Tĩnh",Công ty Cổ phần Đầu tư Khu công nghiệp Vinhomes Hà Tĩnh,01-04-2026,Hết hạn
6226,GPMT,Nhà máy sản xuất và kinh doanh hóa chất phục vụ ngành môi trường và công nghiệp,"Lô H1 - 2, H1-3 KCN Đại Đồng - Hoàn Sơn, xã Đại Đồng, Tỉnh Bắc Ninh",Công ty TNHH Công nghệ Hóa chất và Môi trường Vũ Hoàng,01-04-2026,Hết hạn
6222,GPMT,"Nhà máy xử lý chất thải công nghiệp, chất thải y tế","Xã Trạm Thản, tỉnh Phú Thọ",Công ty TNHH Môi trường Phú Minh Vina,31-03-2026,Hết hạn
6214,GPMT,Khu công nghiệp Đại Đồng – Hoàn Sơn (Giai đoạn I và Giai đoạn II),"Xã Đại Đồng, xã Phật Tích, phường Từ Sơn, tỉnh Bắc Ninh",Chi nhánh Công ty Cổ phần Công nghệ viễn thông Sài Gòn tại Bắc Ninh,30-03-2026,Hết hạn
6212,GPMT,Khu xử lý chất thải tập trung Nghi Sơn,"Khu kinh tế Nghi Sơn, xã Trường Lâm, tỉnh Thanh Hóa",Công ty Cổ phần môi trường Nghi Sơn,26-03-2026,Hết hạn
6206,GPMT,Nhà máy Ajinomoto Biên Hòa,"KCN Biên Hòa I, phường Trấn Biên, tỉnh Đồng Nai.",Công ty Ajinomoto Việt Nam,24-03-2026,Hết hạn
6198,GPMT,Đầu tư xây dựng và kinh doanh hạ tầng kỹ thuật Khu công nghiệp Thái Hòa - Liễn Sơn - Liên Hòa (Khu vực II - Giai đoạn 1),"Xã Thái Hòa, xã Liên Hòa, tỉnh Phú Thọ",Công ty Cổ phần Đầu tư Amane (AMANE JSC),20-03-2026,Hết hạn
6199,GPMT,Nhà máy Xi măng Thạnh Mỹ,"Tổ dân phố Đồng Râm, xã Thạnh Mỹ, thành phố Đà Nẵng",Công ty TNHH MTV Xi măng Xuân Thành Quảng Nam.,20-03-2026,Hết hạn
6200,GPMT,Khu công nghiệp Suối Dầu,"KCN Suối Dầu, xã Cam Lâm, tỉnh Khánh Hòa",Công ty Cổ Phần Khu công nghiệp Suối Dầu,20-03-2026,Hết hạn
6201,GPMT,Nhà máy xử lý chất thải công nghiệp Trái Đất Xanh,"Lô 04HG-1, đường dọc kênh Ranh, KCN Xuyên Á, xã Đức Lập, tỉnh Tây Ninh",Công ty Cổ phần Công nghệ Môi trường Trái Đất Xanh,20-03-2026,Hết hạn
6202,GPMT,Nhà máy sản xuất xi măng lò quay bằng phương pháp khô,"Cụm công nghiệp Hiệp Sơn, phường Phạm Sư Mạnh, thành phố Hải Phòng",Công ty Cổ phần sản xuất vật liệu xây dựng Thành Công III,20-03-2026,Hết hạn
6197,GPMT,Nhà máy sản xuất giấy Kraft và dăm gỗ,"Cụm công nghiệp Già Khê, Xã Lục Nam, Tỉnh Bắc Ninh",Công ty Cổ phần giấy Mạnh Đạt,18-03-2026,Hết hạn
6183,GPMT,Nhà máy Xi măng Lam Thạch,"khu Hợp Thành, phường Yên Tử, tỉnh Quảng Ninh",Công ty Cổ phần Xi măng và Xây dựng Quảng Ninh,16-03-2026,Hết hạn
6184,GPMT,Nhà máy xi măng Đại Dương,"Khu kinh tế Nghi Sơn, thôn 13, xã Trường Lâm, tỉnh Thanh Hóa",Công ty cổ phần xi măng Đại Dương,16-03-2026,Hết hạn
6185,GPMT,Nhà máy sản xuất ống đồng hợp kim cao cấp,"Lô 67, 68, 69a, 73, 75, 76a, KCN Long Giang, xã Tân Lập, huyện Tân Phước, tỉnh Tiền Giang",Công ty TNHH gia công đồng Hải Lượng Việt Nam,13-03-2026,Hết hạn
6178,GPMT,Nhà máy sản xuất kim loại màu ô xít kẽm và gạch không nung,"lô C12 KCN Khánh Phú, phường Đông Hoa Lư, tỉnh Ninh Bình",Công ty cổ phần kim loại màu Phúc Hưng,11-03-2026,Hết hạn
6174,GPMT,"Nhà máy thu gom, xử lý chất thải công nghiệp Như Kiệt","Lô B5, Ô 3 đường D3, Khu công nghiệp Đất Cuốc, xã Bắc Tân Uyên, thành phố Hồ Chí Minh",Công ty TNHH Sản xuất Thương mại Như Kiệt,10-03-2026,Hết hạn
6176,GPMT,"Đầu tư xây dựng và kinh doanh kết cấu hạ tầng khu công nghiệp Thái Hà, giai đoạn 1 - tỉnh Hà Nam.","xã Bắc Lý, xã Trần Thương, tỉnh Ninh Bình",Công ty CP Đầu tư Khu công nghiệp và Đô thị Thái Hà,10-03-2026,Hết hạn
6177,GPMT,Cải tạo mở rộng khai thác lộ thiên vỉa 4÷8A mỏ than Vàng Danh (giai đoạn 1).,"phường Vàng Danh, tỉnh Quảng Ninh",Công ty Cổ phần than Vàng Danh - Vinacomin,10-03-2026,Hết hạn
6169,GPMT,"Đầu tư xây dựng và kinh doanh kết cấu hạ tầng kỹ thuật Khu công nghiệp Sông Lô II - quy mô 165,655 ha","Nằm trên địa bàn xã Sông Lô, tỉnh Phú Thọ",Công ty Cổ phần phát triển hạ tầng Vĩnh Phúc,05-03-2026,Hết hạn
6170,GPMT,"Điều chỉnh hạ tầng kỹ thuật và bổ sung ngành nghề dệt may, phụ trợ dệt may có công đoạn nhuộm vào Khu công nghiệp Tam Anh – Hàn Quốc (quy mô diện tích 193,05ha)","Khu kinh tế mở Chu Lai, xã Tam Anh, TP. Đà Năng",Công ty TNHH C&N Vina Tam Anh – Hàn Quốc,05-03-2026,Hết hạn
6167,GPMT,Nhà máy sản xuất giấy,"Lô E8 KCN Đông Bắc Sông Cầu, xã Xuân Lộc, tỉnh Đắk Lắk.",Công ty Cổ phần Giấy Hoàng Hà Phú Yên,03-03-2026,Hết hạn
6172,GPMT,Khu công nghiệp Trảng Bàng.,"Phường An Tịnh, tỉnh Tây Ninh",Công ty CP Phát triển hạ tầng Khu công nghiệp Tây Ninh.,03-03-2026,Hết hạn
6162,GPMT,"Khai thác, chế biến khoáng sản Núi Pháo","xóm Suối Cát, xã An Khánh, tỉnh Thái Nguyên",Công ty TNHH Khai thác Chế biến Khoáng sản Núi Pháo,02-03-2026,Hết hạn
6161,GPMT,Xưởng sản xuất bao bì nhựa và sản xuất hạt nhựa - công suất 25.000 tấn sản phẩm/năm,"Đường số 2, Cụm công nghiệp Liên Hưng, ấp Bình Tiền 2, xã Đức Hòa, tỉnh Tây Ninh.",Công ty TNHH TM Nhựa Huy Hoàng,24-02-2026,Hết hạn
6196,GPMT,Đầu tư xây dựng cơ sở hạ tầng Khu du lịch dịch vụ Hồ Tàu Voi,"Khu Kinh tế Vũng Áng, phường Vũng Áng, tỉnh Hà Tĩnh",Công ty TNHH Quốc tế Polaris KTY Việt Nam,24-02-2026,Hết hạn
6160,GPMT,Khu công nghiệp Tràng Duệ - Khu A,"Khu kinh tế Đình Vũ - Cát Hải, thành phố Hải Phòng",Công ty Cổ phần Khu công nghiệp Sài Gòn - Hải Phòng,13-02-2026,Hết hạn
6158,GPMT,Nhà máy sản xuất xơ bông nhựa Vũ Gia,"KCN Đồng Văn IV, phường Lê Hồ và phường Kim Thanh, tỉnh Ninh Bình",Chi nhánh Công ty TNHH quốc tế Vũ Gia tại Hà Nam,11-02-2026,Hết hạn
6159,GPMT,"Nhà máy xử lý tiêu hủy, tái chế chất thải nguy hại","Lô N4, Đường số 2, KCN Hải Sơn, Ấp Bình Tiền 2, Xã Đức Hòa, tỉnh Tây Ninh",Công ty TNHH một thành viên Sản xuất - Thương mại - Dịch vụ xử lý chất thải nguy hại Tùng Nguyên H.S,11-02-2026,Hết hạn
6157,GPMT,Nhà máy xử lý rác thải công nghiệp và chất thải nguy hại,"Ấp Suối Binh, xã Đồng Tâm, tỉnh Đồng Nai",Công ty Cổ phần công nghệ An Huy,10-02-2026,Hết hạn
6149,GPMT,Đầu tư xây dựng công trình mỏ than Bắc Cọc Sáu,"Phường Mông Dương, tỉnh Quảng Ninh",Chi nhánh Tập đoàn Công nghiệp Than - Khoáng sản Việt Nam - Công ty Than Hạ Long - TKV,05-02-2026,Hết hạn
6148,GPMT,Công ty Cổ phần Supe Phốt phát và Hóa chất Lâm Thao,"Khu Phương Lai, xã Lâm Thao, tỉnh Phú Thọ",Công ty Cổ phần Supe Phốt phát và Hóa chất Lâm Thao,04-02-2026,Hết hạn
6134,GPMT,Nhà máy xử lý nước Võ Cạnh,"Phường Tây Nha Trang, tỉnh Khánh Hòa.",Công ty Cổ phần Cấp thoát nước Khánh Hòa,02-02-2026,Hết hạn
6135,GPMT,Công ty cổ phần Môi trường Thuận Thành,"phường Song Liễu, tỉnh Bắc Ninh",Công ty cổ phần Môi trường Thuận Thành,02-02-2026,Hết hạn
6131,GPMT,Đầu tư xây dựng và kinh doanh kết cấu hạ tầng khu công nghiệp Vĩnh Thạnh (giai đoạn 1),"xã Vĩnh Trinh, thành phố Cần Thơ",Công ty Cổ phần VSIP Cần Thơ,29-01-2026,Hết hạn
6132,GPMT,Nhà máy Saehan Green Vina,"CCN Ba Hàng, Phường Nam Đồng, Thành phố Hải Phòng.",Công ty TNHH Saehan Green Vina,28-01-2026,Hết hạn
6129,GPMT,"Nhà máy sản xuất giấy bao bì công nghiệp (1.000.000 tấn/năm) và giấy tiêu dùng (50.000 tấn/năm) (điều chỉnh) – giai đoạn 1, 2 và giai đoạn 3 phân kỳ 1 (công suất 950.000 tấn/năm).","khu số 4, Khu công nghiệp Quốc tế Protrade, phường Tây Nam, thành phố Hố Chí Minh",Công ty TNHH Cheng Loong Bình Dương Paper,26-01-2026,Hết hạn
6130,GPMT,Nhà máy chế biến và sản xuất các sản phẩm từ phế liệu Hưng Vượng,"Lô CN8.2 Khu Công nghiệp Nam Cầu Kiền, phường Thiên Hương, thành phố Hải Phòng",Công ty Cổ phần Logistics Hưng Vượng,26-01-2026,Hết hạn
6127,GPMT,Nhà máy sản xuất giấy bao bì công nghiệp,"Số 259/12, Khu phố 3, phường Hòa Lợi, Thành phố Hồ Chí Minh.",Công ty TNHH Sản xuất Thuận An,22-01-2026,Hết hạn
6128,GPMT,Nhà máy xử lý chất thải công nghiệp,"Thôn Nam Xuân Sơn, xã Kỳ Hoa, tỉnh Hà Tĩnh",Công ty TNHH MTV Chế biến chất thải công nghiệp Hà Tĩnh,22-01-2026,Hết hạn
6121,GPMT,"Chi nhánh Nhà máy xử lý chất thải nguy hại, chất thải công nghiệp và chất thải rắn sinh hoạt – Công ty Cổ phần TM Tài Tiến","Ấp Nhân Hòa, xã Hưng Thịnh, tỉnh Đồng Nai",Công ty Cổ phần TM Tài Tiến,21-01-2026,Hết hạn
6122,GPMT,Nhà máy xử lý và tái chế chất thải,"Lô B4-B21, B5-B20, đường số 9, Khu công nghiệp Lê Minh Xuân, xã Tân Nhựt, thành phố Hồ Chí Minh",Công ty Cổ phần Môi trường Việt Úc,21-01-2026,Hết hạn
6124,GPMT,Đầu tư xây dựng và kinh doanh kết cấu hạ tầng kỹ thuật Khu công nghiệp Phú Vinh,"TDP Liên Phú, phường Hoành Sơn, tỉnh Hà Tĩnh",Công ty Cổ phần đầu tư xây dựng hạ tầng Phú Vinh,21-01-2026,Hết hạn
6126,GPMT,Khu công nghiệp Đông Xuyên,"phường Rạch Dừa, thành phố Hồ Chí Minh",Công ty Đầu tư và Khai thác hạ tầng Khu công nghiệp Đông Xuyên và Phú Mỹ I tỉnh Bà Rịa - Vũng Tàu,21-01-2026,Hết hạn
6115,GPMT,Khu công nghệ cao Đà Nẵng,"phường Liên Chiểu, thành phố Đà Nẵng.",Ban Quản lý Khu công nghệ cao và các khu công nghiệp Đà Nẵng,19-01-2026,Hết hạn
6117,GPMT,Khu công nghiệp Mỹ Xuân A2,"Khu công nghiệp Mỹ Xuân A2, phường Phú Mỹ, TP Hồ Chí Minh",Công ty TNHH Phát triển Quốc tế Formosa,15-01-2026,Hết hạn
6111,GPMT,Khu xử lý chất thải công nghiệp và chất thải nguy hại,"Ấp Cần Lê, xã Lộc Thành, tỉnh Đồng Nai.",Công ty Cổ phần Môi trường Miền Đông,14-01-2026,Hết hạn
6112,GPMT,Nhà máy Vedan Việt Nam,"xã Phước Thái, tỉnh Đồng Nai",Công ty CPHH Vedan Việt Nam,14-01-2026,Hết hạn
6113,GPMT,Trung tâm tái chế phế thải và xử lý chất thải công nghiệp,"Thôn Thanh Cao, phường Xuân Hòa, tỉnh Phú Thọ",Công ty TNHH Môi trường công nghiệp xanh,14-01-2026,Hết hạn
6110,GPMT,Khu công nghiệp Đô thị và dịch vụ VSIP Nghệ An - quy mô 750 ha,"Xã Hưng Nguyên và phường Thành Vinh thuộc Khu kinh tế Đông Nam Nghệ An, tỉnh Nghệ An.",Công ty TNHH VSIP Nghệ An,13-01-2026,Hết hạn
6108,GPMT,Khu dân cư Lương Hòa (LA Home),"Xã Lương Hòa, tỉnh Tây Ninh",Công ty Cổ phần Prodezi Long An,12-01-2026,Hết hạn
6107,GPMT,Nhà máy sản xuất đồng Xingda Việt Nam,"Nhà xưởng B9.5, đường N8, KCN Thành Thành Công, phường Trảng Bàng, tỉnh Tây Ninh",Công ty TNHH Công nghiệp Copper Xingda Việt Nam,09-01-2026,Hết hạn
6106,GPMT,Khu liên hợp Công nghiệp – Đô thị - Dịch vụ Phước Đông – Bời Lời,"Xã Truông Mít, Xã Hưng Thuận, Phường Gia Lộc và Phường An Tịnh, tỉnh Tây Ninh",Công ty Cổ phần Đầu tư Sài Gòn VRG,07-01-2026,Hết hạn
6093,GPMT,Công ty cổ phần Q.M.T-JP Plastic,"đường số 1, KCN Hố Nai, phường Hố Nai, tỉnh Đồng Nai",Công ty cổ phần Q.M.T-JP Plastic,31-12-2025,Hết hạn
6094,GPMT,"Khu mỏ - tuyển đồng Sin Quyền, Lào Cai","xã Trịnh Tường và xã Bát Xát, tỉnh Lào Cai",Tổng công ty Khoáng sản - TKV,31-12-2025,Hết hạn
6095,GPMT,"Nhà máy sản xuất các sản phẩm nhôm, nhựa và gạch ốp lát","Đường D1, KCN Long Đức, xã Bình An, tỉnh Đồng Nai.",Công ty TNHH Sản xuất Toàn cầu LIXIL Việt Nam,31-12-2025,Hết hạn
6087,GPMT,Đầu tư xây dựng cơ sở hạ tầng Khu công nghiệp Phú Thuận,"xã Phú Thuận, tỉnh Vĩnh Long",Ban Quản lý Dự án dân dụng và công nghiệp tỉnh Vĩnh Long,30-12-2025,Hết hạn
6088,GPMT,"Khu liên hợp sản xuất, lắp ráp Kim Long Motors Huế (giai đoạn 1)","Khu phi thuế quan thuộc Khu kinh tế Chân Mây - Lăng Cô, xã Chân Mây - Lăng Cô, thành phố Huế.",Công ty Cổ phần Kim Long Motors Huế,30-12-2025,Hết hạn
6089,GPMT,Nhà máy xử lý chất thải rắn công nghệ cao phát năng lượng,"xã Phù Lãng, tỉnh Bắc Ninh",Công ty Cổ phần môi trường năng lượng Thăng Long,30-12-2025,Hết hạn
6067,GPMT,"Nhà máy xi măng Thành Thắng (dây chuyền 1, 2, 3, 4, 5)","Xã Thanh Lâm, tỉnh Ninh Bình.",Công ty Cổ phần Xi măng Thành Thắng Group,22-12-2025,Hết hạn
6068,GPMT,Khu xử lý chất thải Quang Trung,"xã Gia Kiệm, tỉnh Đồng Nai",Công ty Cổ phần Dịch vụ Sonadezi,22-12-2025,Hết hạn
6069,GPMT,Phụ tùng ô tô Lioho Việt Nam,"phường Đường Hào, tỉnh Hưng Yên",Công ty TNHH Phụ tùng ô tô Lioho Việt Nam,22-12-2025,Hết hạn
6070,GPMT,Nhà máy sản xuất giấy Tissue (giai đoạn 1).,"Lô CN6, CCN Văn Phong, xã Nho Quan (địa chỉ cũ là xã Văn Phong, huyện Nho Quan), tỉnh Ninh Bình.",Công ty Cổ phần sản xuất giấy Tân Thuận Phát,22-12-2025,Hết hạn
6071,GPMT,"Nhà máy xi măng Long Sơn (dây chuyền 1, 2)","phường Bỉm Sơn, tỉnh Thanh Hóa",Công ty TNHH Long Sơn,22-12-2025,Hết hạn
6064,GPMT,"Xây dựng hạ tầng Khu công nghiệp Sông Công II, diện tích 250ha","Phường Bách Quang, Phường Bá Xuyên tỉnh Thái Nguyên",Ban quản lý các Khu công nghiệp tỉnh Thái Nguyên,18-12-2025,Hết hạn
6065,GPMT,Nhà máy giấy Kraft Of Asia Paperboard & Packaging,"Lô B7, Khu công nghiệp chuyên sâu Phú Mỹ 3, phường Tân Phước, Thành phố Hồ Chí Minh",Công ty TNHH Kraft Of Asia Paperboard & Packaging,18-12-2025,Hết hạn
6066,GPMT,"Đầu tư xây dựng công trình cải tạo khai thác quặng Apatit khai trường Ngòi Đum – Đông Hồ, tỉnh Lào Cai","phường Cam Đường, tỉnh Lào Cai",Công ty TNHH một thành viên Apatit Việt Nam,18-12-2025,Hết hạn
6060,GPMT,Khu công nghiệp Quế Võ II,"Phường Đào Viên, tỉnh Bắc Ninh",Công ty Cổ phần đầu tư phát triển đô thị và Khu công nghiệp Quế Võ IDICO,17-12-2025,Hết hạn
6058,GPMT,"Nhà máy sản xuất dầu, mỡ bôi trơn","Lô B4, KCN Bỉm Sơn, phường Quang Trung, tỉnh Thanh Hóa",Công ty Cổ phần Công nghệ Môi trường TH Green,16-12-2025,Hết hạn
6059,GPMT,Nhà máy sản xuất hạt nhựa tái sinh và các sản phẩm nhựa,"Lô 2L1, 2L2 đường CN2 và CN5, KCN Tân Bình, phường Vĩnh Tân, thành phố Hồ Chí Minh",Chi nhánh Công ty TNHH thương mại và dịch vụ xuất nhập khẩu Liên Minh - tại Bình Dương.,16-12-2025,Hết hạn
6044,GPMT,"Xây dựng Nhà máy sản xuất chăn ga gôi đệm, xơ sợi Vikosan","Cụm công nghiệp Lê Hồ, phường Lê Hồ, tỉnh Nỉnh Bình",Công ty Cổ phần Vikosan,10-12-2025,Hết hạn
6045,GPMT,"Xây dựng cơ sở hạ tầng của Khu công nghiệp Sa Đéc, thị xã Sa Đéc, tỉnh Đồng Tháp (Hạng mục: Khu A1)","phường Sa Đéc, thành phố Sa Đéc, tỉnh Đồng Tháp",Công ty CP đầu tư phát triền nhà và Khu công nghiệp Đồng Tháp,10-12-2025,Hết hạn
6039,GPMT,Khu Công nghiệp Cộng Hòa,"Phường Trần Hưng Đạo, thành phố Hải Phòng",Công ty Cổ phần Phát triển đô thị và Khu công nghiệp Cao su Việt Nam,09-12-2025,Hết hạn
6038,GPMT,Hệ thống cấp nước chuỗi đô thị Sơn Tây - Hòa Lạc - Xuân Mai - Miếu Môn - Hà Nội - Hà Đông.,"Thành phố Hòa Bình, tỉnh Hòa Bình.",Công ty Cổ phần Đầu tư Nước sạch Sông Đà,04-12-2025,Hết hạn
6029,GPMT,Đầu tư xây dựng và vận hành trạm dừng nghỉ km47+500 thuộc dự án thành phần Phan Thiết - Dầu Giây trên tuyến cao tóc Bắc - Nam phía đông,"xã Xuân Hòa, tỉnh Đồng Nai và Xã Tân Minh, tỉnh Lâm Đồng",Công ty TNHH Trạm dừng nghi Futa.,02-12-2025,Hết hạn
6024,GPMT,"Khu công nghiệp Tiền Hải, quy mô 466 ha","xã Đồng Châu, xã Ái Quốc và xã Tiền Hải, tỉnh Hưng Yên",Tổng Công ty Viglacera – CTCP,01-12-2025,Hết hạn
6020,GPMT,Nhà máy thép Trường Biện,"Xã Tề Lỗ, tỉnh Phú Thọ",Công ty Cổ phần thép Trường Biện,28-11-2025,Hết hạn
6022,GPMT,"Nhà máy xử lý chất thải công nghiệp, nguy hại","Xã Phù Lãng, tỉnh Bắc Ninh",Công ty TNHH Xử lý môi trường Sao Sáng Bắc Ninh,25-11-2025,Hết hạn
6023,GPMT,Nhà máy xử lý chất thải công nghiệp và nguy hại,"thuê đất của Công ty TNHH MTV Liên hợp Khoa học – Công nghệ - Môi trường Biwase tại Khu phố 1B, phường Chánh Phú Hòa, thành phố Hồ Chí Minh (nằm trong dự án Khu liên hợp xử lý chất thải rắn Nam Bình Dương)",Công ty TNHH Môi trường Sen Vàng,25-11-2025,Hết hạn
6016,GPMT,"Nhà máy thiết kế, sản xuất và chế tạo các loại bảng mạch in điện tử (PCB), lắp ráp linh kiện điện tử lên PCB, lắp ráp các loại sản phẩm điện tử hoàn chỉnh (MKVC).","Lô CN9, KCN Thạch Thất – Quốc Oai, xã Tây Phương, Hà Nội.",Công ty TNHH Điện tử Meiko Việt Nam,24-11-2025,Hết hạn
6004,GPMT,Khu công nghiệp Quế Võ III – phân khu 1,"thuộc địa giới hành chính phường Việt Hùng, phường Quế Tân và phường Phù Lương, thị xã Quế Võ, tỉnh Bắc Ninh (nay là phường Đào Viên và phường Quế Võ, tỉnh Bắc Ninh)",Công ty TNHH Đầu tư phát triển Khu công nghiệp EIP,19-11-2025,Hết hạn
5992,GPMT,Khu liên hợp gang thép và cảng Sơn Dương Formosa Hà Tĩnh giai đoạn 1-1.,"Khu kinh tế Vũng Áng, Phường Kỳ Long, Thị xã Kỳ Anh, Tỉnh Hà Tĩnh, Việt Nam (nay là Khu kinh tế Vũng Áng, phường Vũng Áng, tỉnh Hà Tĩnh, Việt Nam).",Công ty TNHH Gang thép Hưng Nghiệp Formosa Hà Tĩnh.,13-11-2025,Hết hạn
5979,GPMT,Nhà ga hành khách T2 – Cảng hàng không quốc tế Nội Bài,"Cảng hàng không quốc tế Nội Bài, xã Nội Bài, thành phố Hà Nội",Tổng công ty Cảng hàng không Việt Nam (CTCP),07-11-2025,Hết hạn
5980,GPMT,Khu công nghiệp Châu Đức,"xã Ngãi Giao, xã Nghĩa Thành, Phường Tân Thành và xã Châu Pha, Thành phổ Hồ Chí Minh",Công ty Công ty Cổ phần Sonadezi Châu Đức,07-11-2025,Hết hạn
5972,GPMT,Nhà máy thép Tây Đô,"Khu công nghiệp Trà Nóc 1, phường Thới An Đông, thành phố Cần Thơ",Công ty TNHH Thép Tây Đô,05-11-2025,Hết hạn
5975,GPMT,Khu công nghiệp Minh Hưng III  - Cao su Bình Long,"phường Minh Hưng, tỉnh Đồng Nai (trước đây là Ấp 3, xã Minh Hưng, huyện Chơn Thành, tỉnh Bình Phước)",Công ty cổ phần Khu công nghiệp Cao su Bình Long,05-11-2025,Hết hạn
5968,GPMT,Khu chế xuất Linh Trung II,"phường Tam Bình, Thành phố Hồ Chí Minh",Công ty TNHH SEPZONE – Linh Trung (Việt Nam),03-11-2025,Hết hạn
5962,GPMT,"Khai thác hầm lò mở rộng, xuống sâu mỏ Nam Khe Tam","xã Dương Huy, thành phố Cẩm Phả, tỉnh Quảng Ninh (Nay là phường Mông Dương, tỉnh Quảng Ninh)",Tổng Công ty Đông Bắc,31-10-2025,Hết hạn
5957,GPMT,Nhà máy Nhiệt điện Na Dương,"Khu 4, Xã Na Dương, Tỉnh Lạng Sơn, Việt Nam.",Công ty Nhiệt điện Na Dương - TKV,29-10-2025,Hết hạn
5958,GPMT,Đầu tư xây dựng và kinh doanh kết cấu hạ tầng khu công nghiệp Hòa Hội,"Xã Hòa Hội, tỉnh Gia Lai",Công ty CP Tổng công ty Đầu tư phát triển công nghiệp Phúc Lộc,29-10-2025,Hết hạn
5951,GPMT,Nhà máy Bia Heineken Việt Nam – Đà Nẵng,"Đường số 2, số 3 và số 6, Khu công nghiệp Hòa Khánh, Phường Liên Chiểu, Tp. Đà Nẵng",Công ty TNHH Nhà máy bia Heineken Việt Nam,28-10-2025,Hết hạn
5952,GPMT,Nhà máy Bia Hà Nội - Mê Linh,"Thôn Yên Nhân, Xã Mê Linh, thành phố Hà Nội.",Tổng Công ty Cổ phần Bia – Rượu – Nước giải khát Hà Nội,27-10-2025,Hết hạn
5948,GPMT,Khu đô thị sinh thái Dream City,"xã Nghĩa Trụ, tỉnh Hưng Yên",Công ty Cổ phần Vinhomes,24-10-2025,Hết hạn
5949,GPMT,"Đầu tư xây dựng, kinh doanh kết cấu hạ tầng Khu công nghiệp Tam Thăng” và “Đầu tư xây dựng và kinh doanh hạ tầng Khu công nghiệp Tam Thăng mở rộng","phường Bàn Thạch và xã Thăng Trường, thành phố Đà Nẵng",Công ty TNHH một thành viên phát triển hạ tầng Khu công nghiệp Chu Lai,24-10-2025,Hết hạn
5950,GPMT,Nhà máy xử lý chất thải nghành luyện kim,"Lô CN19 - Cụm công nghiệp Phú Thứ, Phường Nhị Chiểu, Thành phố Hải Phòng","Công ty TNHH khai thác, chế biến, xuất nhập khẩu khoáng sản Việt Nam",24-10-2025,Hết hạn
5945,GPMT,"Nhà máy cồn, ga CO2, rượu, phân vi sinh tổng hợp (nay là Nhà máy sản xuất đường)","Thôn Mặc Hàn, xã Sơn Hà, huyện Sơn Hoà, tỉnh Phú Yên",Công ty TNHH rượu Vạn Phát,17-10-2025,Hết hạn
5929,GPMT,"Khu đô thị và nhà ở xã hội tại xã Hưng Hòa, thành phố Vinh","xã Hưng Hòa, thành phố Vinh, tỉnh Nghệ An (nay là Phường Trường Vinh, tỉnh Nghệ An)",Công ty Cổ phần Tổng công ty hợp tác kinh tế Việt Lào,08-10-2025,Hết hạn
5930,GPMT,Nhà máy sản xuất ống đồng Toàn Phát số 2 – Giai đoạn 1,"Đường E2, Khu E, Khu công nghiệp (KCN) Phố Nối A, xã Lạc Đạo, tỉnh Hưng Yên",Công ty cổ phần ống đồng Toàn Phát,08-10-2025,Hết hạn
5931,GPMT,Nhà máy Xi măng Hạ Long,"Xã Thống Nhất, thành phố Hạ Long, tỉnh Quảng Ninh với tổng diện tích 732.808,38 m2",Công ty Cổ phần Xi măng Hạ Long,08-10-2025,Hết hạn
5924,GPMT,Nhà máy sản xuất giấy Minh Hưng,"Lô H8 - H9 - H10 - H11 - H12, đường D4, Khu công nghiệp Minh Hưng III, phường Minh Hưng, tỉnh Đồng Nai.",Công ty Cổ phần giấy Minh Hưng,06-10-2025,Hết hạn
5925,GPMT,"Mỏ khai thác quặng chì - kẽm khu vực Ba Bồ, xã Chợ Đồn, tỉnh Thái Nguyên","xã Ngọc Phái, huyện Chợ Đồn, tỉnh Bắc Kạn (nay là xã Chợ Đồn, tỉnh Thái Nguyên)",Công ty TNHH Ngọc Linh,06-10-2025,Hết hạn
5920,GPMT,Nhà máy sản xuất phân đạm Cà Mau,"xã Khánh An, tỉnh Cà Mau",Công ty Cổ phần Phân bón Dầu khí Cà Mau,03-10-2025,Hết hạn
5916,GPMT,Đầu tư nâng cấp hoàn thiện nhà máy bia Đông Mai công suất lên đến 49 triệu lít/năm,"Khu Tân Mai, phường Đông Mai, tỉnh Quảng Ninh",Công ty Cổ phần bia và nước giải khát Hạ Long,01-10-2025,Hết hạn
5913,GPMT,Nhà máy thủy điện Đắk R’tih,"phường Nam Gia Nghĩa và phường Đông Gia Nghĩa, tỉnh Lâm Đồng",Công ty Cổ phần thuỷ điện Đắk R'Tih,26-09-2025,Hết hạn
5900,GPMT,"Nhà máy tái chế, xử lý chất thải công nghiệp và chất thải nguy hại","xã Tân An, tỉnh Đồng Nai",Công ty TNHH MTV Thanh Tùng 2,23-09-2025,Hết hạn
5896,GPMT,SEAH M&S Việt Nam – Giai đoạn 1,"Lô F4, KCN CS Phú Mỹ 3, phường Phước Hòa, thành phố Phú Mỹ, tỉnh Bà Rịa - Vũng Tàu, Việt Nam",Công ty TNHH SEAH M&S Việt Nam,22-09-2025,Hết hạn
5893,GPMT,Đầu tư xây dựng và kinh doanh kết cấu hạ tầng KCN VSIP Quảng Ngãi,"Số 8 Đại lộ Hữu Nghị, Khu công nghiệp Việt Nam-Singapore, xã Thọ Phong, tỉnh Quảng Ngãi",Công ty TNHH VSIP Quảng Ngãi,19-09-2025,Hết hạn
5894,GPMT,Nhà máy điện Cà Mau 1 và Nhà máy điện Cà Mau 2,"Ấp 6, xã Khánh An, tỉnh Cà Mau",Chi nhánh Tổng Công ty Điện Lực Dầu Khí Việt Nam - Công ty cổ phần - Công ty Điện Lực Dầu Khí Cà Mau,19-09-2025,Hết hạn
5880,GPMT,Khu công nghiệp Giang Điền,"Xã Giang Điền, xã An Viễn, huyện Trảng Bom và phường Tam Phước, thành phố Biên Hòa, tỉnh Đồng Nai (nay thuộc xã Giang Điền, xã An Viễn và phường Tam Phước, tỉnh Đồng Nai)",Công ty cổ phần SONADEZI Giang Điền,11-09-2025,Hết hạn
5870,GPMT,Khu công nghiệp Bảo Minh (gồm KCN Bảo Minh và KCN Bảo Minh mở rộng),"Khu công nghiệp Bảo Minh tại xã Vụ Bản, xã Liên Minh, phường Trương Thi, tỉnh Ninh Bình và Khu công nghiệp Bảo Minh mở rộng tại xã Kim Thái, tỉnh Ninh Bình.",Công ty Cổ phần Đầu tư hạ tầng Khu công nghiệp Bảo Minh,08-09-2025,Hết hạn
5866,GPMT,Khu công nghiệp số 05,"Xã Xuân Trúc và xã Nghĩa Dân, tỉnh Hưng Yên",Công ty Cổ phần đầu tư Khu công nghiệp Yên Mỹ.,29-08-2025,Hết hạn
5853,GPMT,Khu công nghiệp Tân Tạo,"Phường Tân Tạo, TP. Hồ Chí Minh",Công ty Cổ phần Đầu tư và Công nghệ Tân Tạo,25-08-2025,Hết hạn
5816,GPMT,Dự án khai thác cụm mỏ Cọc Sáu - Đèo Nai.,"Phường Cẩm Phả, Cửa Ông, Mông Dương, tỉnh Quảng Ninh (trước đây là phường Cẩm Thủy, Cẩm Trung, Cẩm Thành, Cẩm Tây, Cẩm Sơn, Cẩm Đông, Cẩm Phú, Cẩm Thịnh, Cửa Ông, Mông Dương và xã Dương Huy, thành phố Cẩm Phả, tỉnh Quảng Ninh).",Công ty Cổ phần Than Đèo Nai - Cọc Sáu - TKV,28-07-2025,Hết hạn
5807,GPMT,Công ty Cổ phần Nhiệt điện Bà Rịa,"Khu phố Hương Giang, phường Long Hương, thành phố Bà Rịa, tỉnh Bà Rịa - Vũng Tàu",Công ty Cổ phần Nhiệt điện Bà Rịa,22-07-2025,Hết hạn
5813,GPMT,Đầu tư phát triển kết cấu hạ tầng Khu công nghiệp Thuận Thành I,"Phường Ninh xá, phường Trạm Lộ, tỉnh Bắc Ninh",Tổng Công ty Viglacera – CTCP,22-07-2025,Hết hạn
5806,GPMT,Nhà máy sản xuất linh kiện LCD dùng cho điện thoại di động,"KCN Vân Trung, phường Vân  Trung, thị xã Việt Yên, tỉnh Bắc Giang.",Công ty TNHH MTV SJ Tech Việt Nam,21-07-2025,Hết hạn
5804,GPMT,Cơ sở “Đầu tư xây dựng và kinh doanh hạ tầng kỹ thuật khu công nghiệp Bình  Xuyên II - Giai đoạn I”,"Thị trấn Bá Hiến và xã Tam Hợp, huyện Bình Xuyên, tỉnh Vĩnh Phúc",Công ty TNHH Fuchuan,18-07-2025,Hết hạn
5046,GPMT,Nhà máy Công ty TNHH Leoch Battery (Việt Nam),"Lô B8A, KCN Becamex - Bình Phước, phường  Chơn Thành, tỉnh Đồng Nai",Công ty TNHH Leoch Battery (Việt Nam),03-07-2025,Hết hạn
4976,GPMT,Chi nhánh Công ty TNHH Le Long Việt Nam – Nhà máy sản xuất tại Đức Hòa,"Cụm công nghiệp Đức Mỹ, xã Đức Hòa Đông, huyện Đức Hòa,  tỉnh Long An.",Công ty TNHH Le Long Việt Nam,05-06-2025,Hết hạn
4952,GPMT,Trang trại chăn nuôi lợn và trồng cây ăn quả,"Khu trại 1: Bản Tôm, xã Tạ Bú, xã Chiềng San và xã Chiềng Hoa, huyện Mường  La, tỉnh Sơn La; Khu trại 2: Bản Nong, xã Chiềng San, huyện Mường La, tỉnh Sơn La; Khu trại 3: Bản Chông, xã Chiềng Hoa, huyện Mường La, tỉnh Sơn La.",CÔNG TY CỔ PHẦN CMC MƯỜNG LA,21-05-2025,Hết hạn
4947,GPMT,Nhà máy sản xuất hợp kim đặc biệt - công nghệ cao (Nhà máy hợp kim Hiệp Phước),"Lô C5a thuộc Khu công nghiệp Hiệp Phước, xã Hiệp Phước, huyện Nhà Bè, thành phố Hồ Chí Minh",Công ty TNHH thương mại Kim Thịnh,20-05-2025,Hết hạn
4941,GPMT,Nhà máy nhiệt điện Mạo Khê,"Phường Bình Khê,  Xuân Sơn, Tràng An, Kim Sơn, thành phố Đông Triều, tỉnh Quảng Ninh.",Công ty nhiệt điện Đông Triều - TKV (Chi nhánh Tổng Công ty  Điện lực TKV-CTCP).,19-05-2025,Hết hạn
4940,GPMT,Đầu tư xây dựng và kinh doanh kết cấu hạ tầng kỹ thuật Khu công nghiệp Phú Vinh,"Phường Kỳ Long, phường Kỳ Liên, thị xã Kỳ Anh, tỉnh Hà Tĩnh",Công ty Cổ phần đầu tư xây dựng hạ tầng Phú Vinh,16-05-2025,Hết hạn
4934,GPMT,"Nhà máy Nhiệt điện Vĩnh Tân 2 và Cảng nhập than, dầu thuộc bến cảng nhà máy Nhiệt điện Vĩnh Tân 2 (NMNĐ Vĩnh Tân 2)","Thôn Vĩnh Phúc, xã Vĩnh Tân, huyện Tuy Phong, tỉnh Bình Thuận, Việt Nam",Công ty Nhiệt điện Vĩnh Tân - Chi nhánh Tổng Công ty Phát điện 3 - Công ty cổ phần,15-05-2025,Hết hạn
4916,GPMT,Đầu tư nhà máy luyện cán thép Tây Nguyên,"Khu công nghiệp Hòa Phú, xã Hòa Phú, thành phố Buôn Ma Thuột, tỉnh Đắk Lắk",Công ty Cổ phần Thép Asean,09-05-2025,Hết hạn
4917,GPMT,"Đầu tư xây dựng và kinh doanh hạ tầng Khu công nghiệp Bá Thiện - Phân khu I, huyện Bình Xuyên, tỉnh Vĩnh Phúc","Thị trấn Bá Hiến và xã Thiện Kế, huyện Bình Xuyên, tỉnh Vĩnh Phúc",Công ty Cổ phần Phát triển và kinh doanh Nhà,09-05-2025,Hết hạn
4905,GPMT,Dự án đầu tư sản xuất các dao động tinh thể,"Tầng 3, nhà xưởng số 2, lô đất số B-1, Khu công nghiệp (KCN) Thăng Long II, huyện Yên Mỹ, tỉnh Hưng Yên.",Công ty TNHH Kyocera Việt Nam,05-05-2025,Hết hạn
4906,GPMT,Nhà máy luyện đồng Bản Qua,"Thôn Tân Hồng, xã Bản Qua, huyện Bát Xát, tỉnh Lào Cai",Tổng công ty Khoáng sản TKV - CTCP,05-05-2025,Hết hạn
4907,GPMT,Khai thác dầu khí tại mỏ Rồng,Lô 09-1 tại bồn trũng Cửu Long ngoài khơi vùng biển Đông Nam Việt Nam,Liên doanh Việt – Nga VIETSOVPETRO,05-05-2025,Hết hạn
4909,GPMT,"Cụm công nghiệp Hạnh Phúc - Xuân Phương, huyện Phú Bình, tỉnh Thái Nguyên","Xã Xuân Phương, huyện Phú Bình, tỉnh Thái Nguyên",Công ty Cổ phần Đầu tư Lê Premium,05-05-2025,Hết hạn
4932,GPMT,Công ty TNHH MPT Solution (Việt Nam),"Lô G1-3-4-6-8 và Lô E9-1 Khu công nghiệp Quế Võ, phường Vân Dương, thành phố Bắc Ninh, tỉnh Bắc Ninh",Công ty TNHH MPT Solution (Việt Nam),05-05-2025,Hết hạn
4893,GPMT,Dự án: Đầu tư xây dựng và kinh doanh cơ sở hạ tầng Khu công nghiệp Đức Hòa III - Anh Hồng,"xã Đức Lập Hạ huyện Đức Hòa, tỉnh Long An.",Công ty Cổ phần Đầu tư Anh Hồng,29-04-2025,Hết hạn
4891,GPMT,"Dự án: “Nhà máy sản xuất giấy bao bì, giấy in viết chất lượng cao”","Khu Tầm Vông, thị trấn Phong Châu, Huyện Phù Ninh, tỉnh Phú Thọ với diện tích quy hoạch dự án là 44.552,3 m2.",Công ty cổ phần giấy BBP,28-04-2025,Hết hạn
4892,GPMT,Dự án: Đầu tư và kinh doanh hạ tầng Khu công nghiệp Nhơn Trạch VI (Bổ sung nghành nghề sản xuất hóa chất cơ bản phục vụ Đầu tư nhà máy hóa chất Nhơn Trạch của Công ty Cổ phần Hóa chất cơ bản miền Nam trên cơ sở di dời từ KCN Biên Hòa I về KCN Nhơn Trạch VI)),"KCN Nhơn Trạch VI, xã Long Thọ, huyện Nhơn Trạch, tỉnh Đồng Nai.",Công ty TNHH MTV Đầu tư Xây dựng KCN Nhơn Trạch 6A,28-04-2025,Hết hạn
4880,GPMT,"Dự án: "" Nhà máy Xi măng VICEM Bút Sơn (nâng công suất sản xuất dây chuyền 1 từ 4.000 tấn clinker/ngày lên 4.500 tấn clinker/ngày, dây chuyền 2 từ 4.000 tấn clinker/ngày lên 5.000 tấn clinker/ngày và sử dụng chất thải rắn thông thường, chất thải nguy hại làm nguyên, nhiên liệu thay thế và đồng xử lý chất thải trong sản xuất xi măng"".)","Xã Thanh Sơn, thị xã Kim Bảng, tỉnh Hà Nam",Công ty Cổ phần Xi măng VICEM Bút Sơn,25-04-2025,Hết hạn
4878,GPMT,"Dự án: Tổ hợp du lịch sinh thái, dịch vụ vui chơi giải trí tổng hợp, kinh doanh casino, khách sạn, thương mại dịch vụ, biệt thự nghỉ dưỡng, trung tâm hội nghị và các hạng mục liên quan phục vụ mục tiêu phát triển đời sống và du lịch đảo Phú Quốc. (Tên viết tắt: Tổ hợp dự án đảo Phú Quốc)","xã Gành Dầu, xã Cửa Cạn, xã Hàm Ninh, thành phố Phú Quốc, tỉnh Kiên Giang.",Công ty Cổ phần Đầu tư và Phát triển Du lịch Phú Quốc.,24-04-2025,Hết hạn
4865,GPMT,Dự án: Khu công nghiệp Sóng Thần 2,"Khu công nghiệp Sóng Thần 2 có địa chỉ tại phường Dĩ An và phường Tân Đông Hiệp, thành phố Dĩ An, tỉnh Bình Dương.",Công ty Cổ Phần Đại Nam,18-04-2025,Hết hạn
4845,GPMT,Dự án: Nhà máy bia công suất 20 triệu lít/năm,"Khu Tân Mai, phường Đông Mai, thị xã Quảng Yên, tỉnh Quảng Ninh",Công ty Cổ phần Bia và Nước giải khát Hạ Long,15-04-2025,Hết hạn
4846,GPMT,Dự án Đầu tư xây dựng công trình khu xử lý chất thải rắn sinh hoạt huyện Thuận Thành,"Xã Ngũ Thái, thị xã Thuận Thành, tỉnh Bắc Ninh",Công ty Cổ phần Môi trường Thuận Thành,15-04-2025,Hết hạn
4852,GPMT,Dự án: Đầu tư xây dựng và Kinh doanh hạ tầng khu công nghiệp Mỹ Phước 3,"Phường Thới Hòa và phường Chánh Phú Hòa, thành phố Bến Cát, tỉnh Bình Dương, do Tổng công ty Đầu tư và Phát triển Công nghiệp - CTCP (Becamex IDC) làm chủ đầu tư với tổng diện tích 984,6444 ha",Tổng Công ty Đầu tư và Phát triển Công nghiệp - CTCP (BECAMEX IDC),15-04-2025,Hết hạn
4837,GPMT,"Dự án: Khu công nghiệp Đồng An 1 (Điều chỉnh quy mô diện tích từ 115 ha lên 139,58 ha)","phường Bình Hòa, thành phố Thuận An, tỉnh Bình Dương",Công ty Cổ phần Thương mại - Sản xuất - Xây dựng Hưng Thịnh,10-04-2025,Hết hạn
4838,GPMT,"Dự án Xây dựng hệ thống thu gom, xử lý và thoát nước thải khu đô thị mới Phú Mỹ huyện Tân Thành, tỉnh Bà Rịa - Vũng Tàu","Thành phố Phú Mỹ, tỉnh Bà Rịa - Vũng Tàu",Ban quản lý dự án chuyên nghành Giao thông và Dân dụng tỉnh Bà Rịa Vũng Tàu,10-04-2025,Hết hạn
4833,GPMT,"Dự án: Đầu tư phát triển kết cấu hạ tầng Khu công nghiệp Đất Đỏ I (Diện tích 496,22 Ha)","Xã Phước Long Thọ, huyện Long Đất, tỉnh Bà Rịa - Vũng Tàu",Công ty Cổ phần Khu Công nghiệp Tín Nghĩa - Phương Đông,09-04-2025,Hết hạn
4834,GPMT,"Dự án: ""Nhà máy sản xuất ống thép định hình Cường Phát Sài Gòn - giai đoạn 1"" Quy mô: Sản xuất ống hộp mạ kẽm công xuất 120.000 tấn sản phẩm/năm","Dự án được xây dựng tại Lô J-5-1, đường D3a-N3, KCN Hựu Thạnh, xã Hựu Thạnh, huyện Đức Hòa, tỉnh Long An. Dự án có tổng diện tích 36.956 m2",Công ty CP Ống thép Cường Phát Sài Gòn,09-04-2025,Hết hạn
4801,GPMT,Công ty TNHH Nitto Denko Việt Nam,"số 6 VSIP, đường số 3, Khu công nghiệp Việt Nam - Singapore, phường Bình Hòa, thành phố Thuận An, tỉnh Bình Dương",Công ty TNHH Nitto Denko Việt Nam,24-03-2025,Hết hạn
4802,GPMT,"Nhà máy chế tạo các sản phẩm điện tử, phương tiện thiết bị mạng và các sản phẩm âm thanh đa phương tiện Goertek Nam Sơn - Hạp Lĩnh.","Lô đất A1, Khu công nghiệp Nam Sơn – Hạp Lĩnh, phường Nam Sơn, Phường Hạp Lĩnh, thành phố Bắc Ninh và xã Lạc Vệ, huyện Tiên Du, tỉnh Bắc Ninh.",Công ty TNHH Công nghệ thông minh Goertek Vina.,24-03-2025,Hết hạn
4799,GPMT,"Khai thác mỏ đá vôi Bắc Kim Nhan, xã Hội Sơn, huyện Anh Sơn, tỉnh Nghệ An","xã Hội Sơn, huyện Anh Sơn, tỉnh Nghệ An",Công ty Cổ phần xi măng Sông Lam 2,21-03-2025,Hết hạn
4820,GPMT,"Nhà máy chế tạo các sản phẩm điện tử, phương tiện thiết bị mạng và các sản phẩm âm thanh đa phương tiện Goertek Nam Sơn - Hạp Lĩnh","Khu công nghiệp Nam Sơn - Hạp Lĩnh, phường Nam Sơn, phường Hạp Lĩnh, thành phố Bắc Ninh và xã Lạc Vệ, huyện Tiên Du, tỉnh Bắc Ninh",Công ty TNHH Công nghệ thông minh Goertek Vina,21-03-2025,Hết hạn
4821,GPMT,Nhà máy tái chế kim loại của Công ty TNHH Nam Đông,"Phường An Điền, thành phố Bến Cát, tỉnh Bình Dương",Công ty TNHH Nam Đông,21-03-2025,Hết hạn
4822,GPMT,Nhà máy sản xuất nhựa Cao Thành Vinh,"Lô G Cụm công nghiệp Hà Khánh, phường Hà Khánh, thành phố Hạ Long",Công ty Cổ phần Xuất nhập khẩu Cao Thành Vin,21-03-2025,Hết hạn
4823,GPMT,Nhà máy sản xuất các loại vải thành phàm (có công đoạn nhuộm) công suất 151.522.430 m2/năm (tương đương 92.958.546 mét/năm),"Đường số 5, KCN Long Thành, xã Tam An, huyện Long Thành, tinh Đồng Nai",Công ty TNHH Samil Vina,20-03-2025,Hết hạn
4789,GPMT,Xây dựng nhà ga hành khách T3 Cảng hàng không quốc tế Tân Sơn Nhất,"Cảng hàng không quốc tế Tân Sơn Nhất, Quận Tân Bình, Thành phố Hồ Chí Minh",Tổng công ty Cảng hàng không Việt Nam - CTCP,19-03-2025,Hết hạn
4790,GPMT,"Bãi chôn lấp hợp vệ sinh chất thải công nghiệp không nguy hại và chất thải rắn sinh hoạt (Giai đoạn 3, phân kỳ 1)","Khu xử lý chất thải tập trung xã Tóc Tiên, xã Tóc Tiên, thị xã Phú Mỹ, tỉnh Bà Rịa Vũng Tàu",Công ty TNHH Kbec Vina,19-03-2025,Hết hạn
4791,GPMT,Nhà máy Fukang Technology,"Lô I và J,  KCN Quang Châu, thị xã Việt Yên, tỉnh Bắc Giang",Công ty TNHH Fukang Technology,19-03-2025,Hết hạn
4792,GPMT,"Nhà máy chế tạo thiết bị điện tử, phương tiện thiết bị mạng và các sản phẩm âm thanh đa phương tiện","Khu công nghiệp Quế Võ và Quế Võ III, thị xã Quế Võ, tỉnh Bắc Ninh",CÔNG TY TNHH KHOA HỌC KỸ THUẬT GOERTEK VINA,19-03-2025,Hết hạn
4793,GPMT,NHÀ MÁY SẢN XUẤT VẢI SEDO - DUNG QUẤT,"số 12 Đại lộ Hữu Nghị, Khu công nghiệp Việt Nam - Singapore, xã Tịnh Thọ, huyện Sơn Tịnh, tinh Quảng Ngãi",Công ty TNI III MTV PNS Chu,19-03-2025,Hết hạn
4794,GPMT,Nhà máy sản xuất giấy bao bì Carton cao cấp,"Cụm công nghiệp (CCN) Tân Quang, xã Tân Quang, huyện Văn Lâm, tỉnh Hưng Yên",Công ty Cổ phần giấy Minhan,19-03-2025,Hết hạn
4795,GPMT,"Cầu cảng số 1, 5, 6, 7, cầu Tạm – Bến cảng Cái Lân","số 1, đường Cái Lân, phường Bãi Cháy, thành phố Hạ Long, tỉnh Quảng Ninh",Công ty Cổ phần Cảng Quảng Ninh,19-03-2025,Hết hạn
4796,GPMT,Bệnh viện Bệnh Nhiệt đới Trung ương - Giai đoạn I- Quy mô 500 giường,"Thôn Bầu, xã Kim Chung, huyện Đông Anh, TP. Hà  Nội",Bệnh viện Bệnh Nhiệt đới Trung ương,19-03-2025,Hết hạn
4797,GPMT,Nhà máy Seojin Việt Nam 2,"Cụm công nghiệp Nội Hoàng, xã Nội Hoàng, huyện Yên Dũng, tỉnh Bắc Giang",Công ty TNHH Seojin Việt Nam,19-03-2025,Hết hạn
4777,GPMT,Nhà máy sản xuất giấy Kraft sản lượng 3.000 tấn/năm và bìa carton sóng 5.000.000 m2/năm” (Tổng công suất 7.000 tấn/năm),"Lô 3, đường Tạ Hiện, Khu công nghiệp Phúc Khánh, phường Phú Khánh, thành phố Thái Bình, tỉnh Thái Bình",Công ty TNHH Thái Hiệp Hưng,03-03-2025,Hết hạn
4736,GPMT,"Nhà máy sản xuất hạt nhựa và các sản phẩm nhựa ( phân kỳ 1, giai đoạn 2)","Lô CN4 và CN5, KCN Nam Cầu Kiền, phường Lê Hồng Phong, thành phố Thủy Nguyên, thành phố Hải Phòng",Công ty TNHH Vinatic Hải Phòng,19-02-2025,Hết hạn
4730,GPMT,"Nhà máy sản xuất, tái chế và kinh doanh hàng nhựa của Công ty Cổ phần vận tải và khai thác khoáng sản Xuân Hòa","Khu B, Khu công nghiệp Bỉm Sơn, phường Bắc Sơn, thị xã Bỉm Sơn, tỉnh Thanh Hóa",Công ty Cổ phần vận tải và khai thác khoáng sản Xuân Hòa,14-02-2025,Hết hạn
4731,GPMT,Khu công nghiệp Phú Mỹ II và Khu công nghiệp Phú Mỹ II mở rộng,"Thị xã Phú Mỹ, tỉnh Bà Rịa-Vũng Tàu",Tổng công ty IDICO - CTCP,14-02-2025,Hết hạn
4732,GPMT,Đầu tư xây dựng công trình khai thác mỏ đá vôi Thần Vi,"Phường Minh Đức, thành phố Thuỷ Nguyên, TP. Hải Phòng",Công ty Xi măng Chinfon,14-02-2025,Hết hạn
4721,GPMT,Khu dân cư và công viên Phước Thiện - Điều chỉnh,"phường Long Bình và Long Thạnh Mỹ, Thành phố Thủ Đức, thành phố Hồ Chí Minh",Công ty Cổ phần Phát triển Thành phố Xanh,11-02-2025,Hết hạn
4722,GPMT,Nhà máy NPP POWER (Việt Nam),"Lô A22.3 Đường C4, KCN Thành Thành Công, phường An Hòa, Thị Xã Trảng Bàng, tỉnh Tây Ninh",Công ty TNHH NPP POWER (Việt Nam),11-02-2025,Hết hạn
4720,GPMT,"Đầu tư xây dựng các bến container số 3 và số 4 thuộc Cảng cửa ngõ quốc tế Hải Phòng (tại Khu bến cảng Lạch Huyện), thành phố Hải Phòng","Thị trấn Cát Hải, huyện Cát Hải, Thành phố Hải Phòng",Công ty Cổ phần Cảng Hải Phòng,07-02-2025,Hết hạn
4712,GPMT,"Mỏ Đông Đá Mài - dự án “Cải tạo, mở rộng khai thác lộ thiên mỏ Đông Đá Mài”","phường Mông Dương, thành phố Cẩm Phả, tỉnh Quảng Ninh",Tổng Công ty Đông Bắc,24-01-2025,Hết hạn
4713,GPMT,"Nhà máy xử lý rác thải, chất thải công nghiệp của Công ty TNHH dịch vụ môi trường Anh Đăng","Quyết Tiến 2, thị trấn Hương Sơn, huyện Phú Bình, tỉnh Thái Nguyên",Công ty TNHH dịch vụ môi trường Anh Đăng,24-01-2025,Hết hạn
4714,GPMT,SAMJIN LND VINA của Công ty TNHH Samjin LND Vina,"Lô A12-1, KCN Bá Thiện II, xã Thiện Kế, huyện Bình Xuyên, tỉnh Vĩnh Phúc.",Công ty TNHH Samjin LND Vina,24-01-2025,Hết hạn
4715,GPMT,Khai thác hầm lò mỏ Khe Chàm II-IV,Khe Chàm - Cẩm Phả - Quảng Ninh,Tập đoàn Công nghiệp Than - Khoáng sản Việt Nam,24-01-2025,Hết hạn
4716,GPMT,"Xây dựng Nhà máy may mặc, dệt, nhuộm, cho thuê nhà xưởng dư thừa","Khu Công nghiệp Minh Hưng – Hàn Quốc, xã Minh Hưng, huyện Chơn Thành, tỉnh Bình Phước",Công ty TNHH MTV C&T Vina,24-01-2025,Hết hạn
4717,GPMT,"Nhà máy gia công cơ khí: sản xuất thỏi thép không gỉ và sản xuất thỏi inox, phôi inox, hợp kim Ferro","Lô G02, Đường tỉnh 823B, CCN Đức Thuận, xã Mỹ Hạnh Bắc, huyện Đức Hòa, tỉnh Long An",Công ty Cổ phần Inox Diệu Thịnh,24-01-2025,Hết hạn
4718,GPMT,Thủy điện Hủa Na,"Xã Đồng Văn và Xã Thông Thụ, huyện Quế Phong, tỉnh Nghệ An",Công ty cổ phần Thủy điện Hủa Na,24-01-2025,Hết hạn
4719,GPMT,Nhà máy thép POSCO YAMATO VINA,"Đường N1, Khu công nghiệp Phú Mỹ II, phường Phú Mỹ, thị xã Phú Mỹ, tỉnh Bà Rịa - Vũng Tàu",Công ty cổ phần thép POSCO YAMATO VINA,24-01-2025,Hết hạn
4706,GPMT,Dự án đầu tư xây dựng nhà máy sản xuất linh kiện điện thoại (Dự án Almus Vina),"Lô CN 07A, KCN Phú Hà, thị xã Phú Thọ, tỉnh Phú Thọ",Công ty TNHH Almus Vina,21-01-2025,Hết hạn
4707,GPMT,Nhà máy sản xuất bàn phím và linh kiện điện tử thụ động – Darfon Việt Nam (giai đoạn 1).,"Lô CN – 06, xã Đại Cương, huyện Kim Bảng, tỉnh Hà Nam,",Công ty Công ty TNHH Darfon Việt Nam,21-01-2025,Hết hạn
4679,GPMT,Đầu tư sản xuất linh kiện điện tử của Công ty Trách nhiệm hữu hạn S-MAC Vina,"Khu công nghiệp Quế Võ, phường Vân Dương, thành phố Bắc Ninh, tỉnh Bắc Ninh",Công ty Trách nhiệm hữu hạn S-MAC Vina,16-01-2025,Hết hạn
4680,GPMT,"Khu công nghiệp Song Khê – Nội Hoàng (phía Bắc), tỉnh Bắc Giang","huyện Yên Dũng thuộc địa bàn xã Song Khê, thành phố Bắc Giang",Công ty Cổ phần Phát triển hạ tầng Khu công nghiệp Bắc Giang,16-01-2025,Hết hạn
4681,GPMT,Nhà máy SOP Phú Mỹ,"Khu Công nghiệp Mỹ Xuân A, Khu phố Phú Hà, Phường Mỹ Xuân, Thị xã Phú Mỹ, tỉnh Bà Rịa – Vũng Tàu",Công ty Cổ phần SOP Phú Mỹ.,16-01-2025,Hết hạn
4682,GPMT,Khu công nghiệp Tam Thăng 2,"xã Tam Thăng, thành phố Tam Kỳ và xã Bình Nam, huyện Thăng Bình, tỉnh Quảng Nam",Công ty Cổ phần Capella Quảng Nam,16-01-2025,Hết hạn
4683,GPMT,Nhà máy Chế tạo máy Citizen Việt Nam,"Lô đất J2-J3-J4, KCN Nhật Bản - Hải Phòng, xã An Hưng, huyện An Dương, thành phố Hải Phòng",Công ty TNHH Chế tạo máy Citizen Việt Nam,16-01-2025,Hết hạn
4675,GPMT,Nhà máy VIET NAM SUNERGY WAFER,"Thuê lại toàn bộ nhà xưởng của Công ty cổ phần TDS Hưng Yên; Lô số CN3-12, KCN Minh Quang, phường Bạch Sam, thị xã Mỹ Hào, tỉnh Hưng Yên",Công ty TNHH VIETNAM SUNERGY WAFER,13-01-2025,Hết hạn
4676,GPMT,Nhà máy sản xuất và bán các vật liệu kỹ thuật cao trên cơ sở đất hiếm dùng cho sản xuất các sản phẩm từ tính cao cấp và các ứng dụng khác,"KCN Đồng Văn II, phường Duy Minh, thị xã Duy Tiên, tỉnh Hà Nam",Công ty TNHH SRE Việt Nam,13-01-2025,Hết hạn
4677,GPMT,Nhà máy thủy điện Sông Bung 5,"huyện Đông Giang, huyện Nam Giang, tỉnh Quảng Nam",Công ty cổ phần Tư vấn Xây dựng Điện 1,13-01-2025,Hết hạn
4678,GPMT,"Nhà máy xi măng Long Sơn - Dây chuyền 3,4","phường Đông Sơn, thị xã Bỉm Sơn, tỉnh Thanh Hóa",Công ty TNHH Long Sơn,13-01-2025,Hết hạn
4656,GPMT,Tổ hợp công nghệ cao Samsung Thái Nguyên - Giai đoạn 1,"KCN Yên Bình, phường Đồng Tiến, Tp. Phổ Yên, tỉnh Thái Nguyên",Công ty TNHH Samsung Electronics Việt Nam Thái Nguyên,10-01-2025,Hết hạn
4657,GPMT,"Đầu tư xây dựng Bến số 5, số 6 khu bến cảng Lạch Huyện thuộc cảng biển Hải Phòng","Khu bến cảng Lạch Huyện, khu vực đảo Cát Hải, thành phố Hải Phòng.",Công ty TNHH cảng container quốc tế Hateco Hải Phòng,10-01-2025,Hết hạn
4658,GPMT,Nhà máy điện tử Foxlink Đà Nẵng - Giai đoạn 1 và nhà xưởng F2 của Giai đoạn 2,"Khu công nghệ cao Đà Nẵng, xã Hòa Liên, huyện Hòa Vang, thành phố Đà Nẵng",Công ty TNHH Điện tử Foxlink Đà Nẵng,10-01-2025,Hết hạn
4659,GPMT,"Dự án sản xuất, lắp ráp, gia công màn hình, tivi và tiêu thụ tại Việt Nam","Khu kinh tế Đình Vũ - Cát Hải, phường Đông Hải 2, quận Hải An, thành phố Hải Phòng",Công ty TNHH Điện khí Chang Hong Việt Nam,10-01-2025,Hết hạn
4660,GPMT,"Đầu tư xây dựng công trình khai thác mỏ đá vôi làm nguyên liệu sản xuất xi măng tại xã Thanh Nghị, huyện Thanh Liêm, tỉnh Hà Nam","xã Thanh Nghị, huyện Thanh Liêm, tỉnh Hà Nam",Công ty Cổ phần Đầu tư xi măng Thành Thắng Group,10-01-2025,Hết hạn
4661,GPMT,Công ty TNHH Elite Household International,"Lô số 17, đưòng Đ. 15, Khu công nghiệp Châu Đức, xã Nghĩa Thành, huyện Châu Đức, tỉnh Bà Rịa - Vũng Tàu.",Công ty TNHH Elite Household International,10-01-2025,Hết hạn
4662,GPMT,"Dự án đầu tư công trình khai thác mỏ đá vôi làm nguyên liệu xi măng tại khu vực núi Ngà Voi xã Minh Tân, huyện Thuỷ Nguyên","Núi Ngà Voi, xã Minh Tân, huyện Thuỷ Nguyên, thành phố Hải Phòng.",Công ty Cổ phần Xi măng Bạch Đằng,10-01-2025,Hết hạn
4663,GPMT,Công ty cổ phần Phân lân nung chảy Văn Điển,"Đường Phan Trọng Tuệ, xã Tam Hiệp, huyện Thanh Trì, Hà Nội.",Công ty cổ phần Phân lân nung chảy Văn Điển,10-01-2025,Hết hạn
4664,GPMT,Nhà máy xử lý chất thải Quý Tiến (Bổ sung hạng mục đốt chất thải phát điện 5MW – Điện từ chất thải rắn Tóc Tiên),"Khu xử lý chất thải tập trung Tóc Tiên, xã Tóc Tiên, thị xã Phú Mỹ, tỉnh Bà Rịa – Vũng Tàu.",Công ty TNHH Môi trường Quý Tiến,10-01-2025,Hết hạn
4665,GPMT,Khu công nghiệp Đại An mở rộng,"tại Phường Tứ Minh, thành phố Hải Dương và các xã Cẩm Đông, Cẩm Đoài, thị trấn Lai Cách, huyện Cẩm Giàng, tỉnh Hải Dương",Công ty TNHH Một thành viên phát triển hạ tầng Khu công nghiệp Đại An.,10-01-2025,Hết hạn
4666,GPMT,Công ty TNHH Top Run Việt Nam Hải Phòng,"Khu công nghiệp Tràng Duệ, huyện An Dương, thuộc Khu kinh tế Đình Vũ – Cát Hải, thành phố Hải Phòng",Công ty TNHH Top Run Việt Nam Hải Phòng,10-01-2025,Hết hạn
4667,GPMT,Nhà máy Công ty TNHH Giấy Kraft Vina,"Lô D-6A-CN, Khu công nghiệp Mỹ Phước 3, phường Thới Hòa, thành phố Bến Cát, tỉnh Bình Dương",Công ty TNHH Giấy Kraft Vina,10-01-2025,Hết hạn
4668,GPMT,Nhà máy giấy Marubeni tại Tỉnh Bà Rịa – Vũng Tàu,"Khu công nghiệp chuyên sâu Phú Mỹ 3, thị xã Phú Mỹ, tỉnh Bà Rịa – Vũng Tàu",Công ty TNHH Kraft Of Asia Paperboard & Packaging,10-01-2025,Hết hạn
4669,GPMT,Dự án Mirae Vina,"Lô CN8.2, Khu công nghiệp Nam Cầu Kiền, huyện Thủy Nguyên, thành phố Hải Phòng",Công ty TNHH thiết bị điện Mirae Vina,10-01-2025,Hết hạn
4670,GPMT,Dự án XDC Industries Việt Nam,"Khu phi thuế quan và khu công nghiệp Nam Đình Vũ (Khu I), phường Đông Hải 2, quận Hải An, TP Hải Phòng",Công ty TNHH XDC Industries Việt Nam,10-01-2025,Hết hạn
4671,GPMT,Sân golf Thanh Lanh – Khu du lịch sinh thái Nam Tam Đảo,"Dự án thuộc địa giới hành chính xã Trung Mỹ, huyện Bình Xuyên, tỉnh Vĩnh Phúc",Công ty Cổ phần Nam Tam Đảo,10-01-2025,Hết hạn
4672,GPMT,Đầu tư kinh doanh cơ sở hạ tầng khu công nghiệp Ông Kèo,"Xã Phước Khánh, Huyện Nhơn Trạch, Tỉnh Đồng Nai",Công ty Cổ phần Tổng Công ty Tín Nghĩa,10-01-2025,Hết hạn
4674,GPMT,"Công ty TNHH Hyundai Welding Vina (nâng công suất sản xuất dây hàn lõi thuốc tại xưởng 4 từ 13.000 tấn/năm lên công suất 18.000 tấn/năm, bổ sung sản xuất thuốc hàn tự động tại xưởng 5, công suất 30.000 tấn/năm)”","KCN Nhơn Trạch 5, thị Trấn Hiệp Phước, huyện Nhơn Trạch, tỉnh Đồng Nai",Công ty TNHH Hyundai Welding Vina,10-01-2025,Hết hạn
4638,GPMT,Khu Du Lịch Sinh Thái Nam Núi Chúa (giai đoạn I),"Thôn Vĩnh Hy, xã Vĩnh Hải, huyện Ninh Hải, tỉnh Ninh Thuận.",Công ty cổ phần Nam Núi Chúa,08-01-2025,Hết hạn
4639,GPMT,"Nhà máy Cồn, gas CO2, Rượu, Phân vi sinh tổng hợp (hiện nay là Nhà máy sản xuất đường)","Thôn Mặc Hàn, xã Sơn Hà, huyện Sơn Hoà, tỉnh Phú Yên",Công ty TNHH Rượu Vạn Phát,08-01-2025,Hết hạn
4644,GPMT,“Đầu tư xây dựng Công viên Yên Sở” (Điều chỉnh khu chức năng đô thị và phần còn lại của khu công viên cây xanh phía Nam đường vành đai 3),"Km 1,5 Pháp Vân, Công viên Yên Sở, phường Yên Sở, quận Hoàng Mai, thành phố Hà Nội",Công ty TNHH Gamuda Land Việt Nam,08-01-2025,Hết hạn
4645,GPMT,Khu đô thị Thương mại và Dịch vụ thể thao cao cấp New Town của Công ty TNHH Phát triển New Town,"Phường Hoà Hải, quận Ngũ Hành Sơn, thành phố Đà Nẵng",Công ty TNHH Phát triển New Town,08-01-2025,Hết hạn
4646,GPMT,"Đầu tư xây dựng và kinh doanh, vận hành, quản lý công trình kết cấu hạ tầng kỹ thuật cụm công nghiệp Tiên Cường II, huyện Tiên Lãng, thành phố Hải Phòng.","Xã Tiên Cường, huyện Tiên Lãng, thành phố Hải Phòng",Công ty Cổ phần Đầu tư hạ tầng Khu công nghiệp Tiến Phát,08-01-2025,Hết hạn
4648,GPMT,Nhà máy Shinhwa Contech Hưng Yên,"Nhà máy Shinhwa Contech Hưng Yên có công suất 480.000.000 sản phẩm/năm được triển khai xây dựng tại Lô CN3.1 Khu công nghiệp sạch, xã Xuân Trúc, huyện Ân Thi, tỉnh Hưng Yên",Công ty TNHH Shinhwa Contech Hưng Yên,08-01-2025,Hết hạn
4649,GPMT,Nhà máy sản xuất phân bón,"Lô B219D, KCN Thái Hòa, xã Đức Lập Hạ, huyện Đức Hòa, tỉnh Long An",Công ty TNHH Phân bón Golhar,08-01-2025,Hết hạn
4650,GPMT,Nhà máy Phân bón Hiệp Phước,"Lô 132 Khu B, Khu công nghiệp Hiệp Phước, xã Hiệp Phước, huyện Nhà Bè, TP Hồ Chí Minh",Công ty Cổ phần Phân bón Miền Nam,08-01-2025,Hết hạn
4653,GPMT,Công ty Trách nhiệm hữu hạn Tanaka,"Khu chế xuất Tân Thuận, phường Tân Thuận Đông, quận 7, thành phố Hồ Chí Minh.",Công ty Trách nhiệm hữu hạn Tanaka,08-01-2025,Hết hạn
4654,GPMT,Công ty TNHH Bia Carlsberg Việt Nam,"Lô B8, KCN Phú Bài, phường Phú Bài, thị xã Hương Thủy, tỉnh Thừa Thiên Huế",Công ty TNHH Bia Carlsberg Việt Nam,08-01-2025,Hết hạn
4655,GPMT,Xưởng sản xuất điện khí Jili Việt Nam,"Lô đất CN4, KCN Yên Mỹ, xã Tân Lập, huyện Yên Mỹ, tỉnh Hưng Yên.",Công ty TNHH Điện khí Jili Việt Nam,08-01-2025,Hết hạn
4637,GPMT,Nhà máy S - Việt Nam,"Lô CN-05, Khu công nghiệp Đông Mai, phường Đông Mai, thị xã Quảng Yên, tỉnh Quảng Ninh",Công ty TNHH Competition Team Technology (Việt Nam),06-01-2025,Hết hạn
4647,GPMT,"Nhà máy Cồn, gas CO2, rượu, phân vi sinh tổng hợp của Công ty TNHH Rượu Vạn Phát","Thôn Mặc Hàn, xã Sơn Hà, huyện Sơn Hoà, tỉnh Phú Yên",Công ty TNHH Rượu Vạn Phát,06-01-2025,Hết hạn
4599,GPMT,Nhà máy Fukang Technology,"Lô I và J,  KCN Quang Châu, thị xã Việt Yên, tỉnh Bắc Giang",Công ty TNHH Fukang Technology,03-01-2025,Hết hạn
4600,GPMT,Khu du lích suối nuớc nóng Bình Châu,"Quốc lộ 55, xã Bình Châu, huyện Xuyên Mộc, Bà Rịa -Vũng Tàu.",Công ty cổ phần Du Lịch Sài Gòn - Bình Chân,03-01-2025,Hết hạn
4601,GPMT,Công ty Trách nhiệm Hữu hạn Mabuchi Motor Việt Nam,"KCN Biên Hòa II, phường An Bình và  KCN Long Bình (Amata), phường Long Bình, Thành phố Biên Hòa, tỉnh Đồng Nai.",Công ty TNHH Mabuchi Motor Việt Nam,03-01-2025,Hết hạn
4614,GPMT,Đầu tư khai thác hầm lò phần lò giếng mỏ than Nam Mẫu,"Khai trường khu vực cơ sở nằm ở xã Thượng Yên Công, cách thành phố Uông Bí",Tập đoàn Công nghiệp Than - Khoáng sản Việt Nam (TKV),03-01-2025,Hết hạn
4615,GPMT,"Hạ tầng kỹ thuật Cụm công nghiệp Đông Văn, huyện Đông Sơn, tỉnh Thanh Hóa","huyện Đông Sơn, tỉnh Thanh Hóa",Tổng Công ty Đầu tư Phát triển đô thị - CTCP,03-01-2025,Hết hạn
4616,GPMT,"Nhà máy tái chế nhớt thải và lò đốt chất thải nguy hại, chất thải công nghiệp Cao Gia Quý","Ấp Phước Tân, xã Tân Phước, huyện Đồng Phú, tỉnh Bình Phước.",Công ty TNHH Môi trường Cao Gia Quý,03-01-2025,Hết hạn
4617,GPMT,Nhà máy Giấy và Bao bì Tân Long (nâng công suất sản xuất giấy từ 25.000 tấn/năm lên 35.000 tấn/năm và bao bì carton từ 10 triệu m2/năm lên 15 triệu m2/năm),"Lô 4, đường số 10, KCN Hòa Khánh, phường Hòa Khánh Bắc, quận Liên Chiểu, thành phố Đà Nẵng",Công ty TNHH Kiến trúc và Thương mại Á Châu,03-01-2025,Hết hạn
4618,GPMT,Đầu tư xây dựng công trình mỏ than Cọc Sáu - Công ty Cổ phần Than Cọc Sáu - TKV,"phường Cẩm Phú, thành phố Cẩm Phả, tỉnh Quảng Ninh",Công ty Cổ phần Than Đèo Nai - Cọc Sáu - TKV,03-01-2025,Hết hạn
4619,GPMT,Sản xuất linh kiện LCD dùng cho điện thoại di động của Công ty TNHH MTV SJ Tech Việt Nam,"KCN Vân Trung, huyện Việt Yên, tỉnh Bắc Giang",Công ty TNHH MTV SJ Tech Việt Nam,03-01-2025,Hết hạn
4620,GPMT,Nhà máy Giấy và Bao bì Tân Long (nâng công suất sản xuất giấy từ 25.000 tấn/năm lên 35.000 tấn/năm và bao bì carton từ 10 triệu m2/năm lên 15 triệu m2/năm),"Lô 4, đường số 10, KCN Hòa Khánh, phường Hòa Khánh Bắc, quận Liên Chiểu, thành phố Đà Nẵng",Công ty TNHH Kiến trúc và Thương mại Á Châu,03-01-2025,Hết hạn
4621,GPMT,"Nhà máy Sữa Lof Củ Chi Thuộc Dự án “Nâng công suất Nhà máy sản xuất sữa chua, sữa tiệt trùng từ 30.000 tấn sản phẩm/năm lên 118.000 tấn sản phẩm/năm”","Lô C2-2-1, đường D6, Khu công nghiệp Tây Bắc Củ Chi, huyện Củ Chi, Thành phố Hồ Chí Minh",Công ty cổ phần Sữa quốc tế Lof,03-01-2025,Hết hạn
4622,GPMT,Nhà máy điện mặt trời Sao Mai,"xã Tịnh Biên, tỉnh An Giang",Công ty cổ phần tập đoàn Sao Mai,03-01-2025,Hết hạn
4623,GPMT,Nhà máy chế biến và sản xuất các sản phẩm từ phế liệu Hưng Vượng (Giai đoạn I),"Lô CN8.2 của Khu Công nghiệp Nam Cầu Kiền, huyện Thủy Nguyên, thành phố Hải Phòng",Công ty Cổ phần Logistics Hưng Vượng,03-01-2025,Hết hạn
4624,GPMT,Cảng Tân Cảng Hiệp Phước,"Lô đất A9. khu A. KCN Hiệp Phước, xã Long Thời, huyện Nhà Bè, TP HCM",Công ty TNHH MTV  Tổng Công ty Tân Cảng Sài Gòn,03-01-2025,Hết hạn
4625,GPMT,Kho xăng dầu K130,"Khu 1, Phường Bãi Cháy, thành phố Hạ Long, tỉnh Quảng Ninh.",Kho xăng dầu K130,03-01-2025,Hết hạn
4610,GPMT,Nhà máy Amphenol Xgiga Việt Nam,"Lô CN18A-1, KCN Quế Võ III, phường Phù Lương, thị xã Quế Võ, tỉnh Bắc Ninh",Công ty TNHH Amphenol Xgiga (Việt Nam) Communication Technology,31-12-2024,Hết hạn
4611,GPMT,Nhà máy nước mặt Sông Hậu – Giai đoạn 1,"Khu công nghiệp sông Hậu – Giai đoạn 1, huyện Châu Thành, tỉnh Hậu Giang",Công ty Cổ phần Nước AquaOne Hậu Giang,31-12-2024,Hết hạn
4612,GPMT,Mỏ Chim Sáo và mỏ Dừa - Lô 12W,"Lô 12W nằm ở phần phía Nam của Bồn trũng Nam Côn Sơn, ngoài khơi Việt Nam, cách Vũng Tàu 350 km về phía Đông Nam",Công ty Premier Oil Vietnam Offshore B.V.,31-12-2024,Hết hạn
4613,GPMT,"Nhà máy chế biến thực phẩm – Công ty TNHH CPV Food, công suất 170.400 tấn/năm.","Lô B5, khu công nghiệp Becamex – Bình Phước, phường Minh Thành, thị xã Chơn Thành, tỉnh Bình Phước",Công ty TNHH CPV Food,31-12-2024,Hết hạn
4602,GPMT,Thủy điện Vàng Ma Chải 2,"Bản Nhóm III, xã Vàng Ma Chải, huyện Phong Thổ, tỉnh Lai Châu",Công ty Cổ phần đầu tư phát triển năng lượng Nam Việt,26-12-2024,Hết hạn
4603,GPMT,Dự án đầu tư cơ sở mới Sunny Automotive quang học Vina,"Lô B-2-1 và B-2-2, Khu công nghiệp WHA Industrial Zone 1 - Nghệ An (giai đoạn 2), xã Nghi Đồng, xã Nghi Hưng, huyện Nghi Lộc, tỉnh Nghệ An.",Công ty TNHH Sunny Automotive Quang học Việt Nam,26-12-2024,Hết hạn
4604,GPMT,Công ty cổ phẩn pin Hà Nội,"Số 72, đường Phan Trọng Tuệ, Thị trấn Văn Điển, Huyện Thanh Trì, Thành phố Hà Nội.",Công ty cổ phần Pin Hà Nội,26-12-2024,Hết hạn
4605,GPMT,Nhà máy Suntory PepsiCo Bắc Ninh,"88, đường Hữu Nghị, KCN Đô thị và Dịch vụ VSIP Bắc Ninh, phường Phù Chẩn, thành phố Từ Sơn, tỉnh Bắc Ninh.",Công ty TNHH Nước giải khát Suntory PepsiCo Việt Nam,26-12-2024,Hết hạn
4606,GPMT,Nhà máy thiết bị bán dẫn Micro Commercial Components (giai đoạn 1),"Lô CN2-1 KCN Yên Phong II-C, xã Tam Giang và Thị Trấn Chờ, huyện Yên Phong, tỉnh Bắc Ninh",Công ty TNHH Micro Commercial Components Việt Nam,26-12-2024,Hết hạn
4607,GPMT,"Sân golf và nghỉ dưỡng Bắc Giang, quy mô 36 lỗ","Các xã Chu Điện, Khám Lạng và Yên Sơn, huyện Lục Nam, tỉnh Bắc Giang",Công ty Cổ phần golf Trường An Lục Nam,26-12-2024,Hết hạn
4608,GPMT,Nhà máy Xi măng Thăng Long,"xã Lê Lợi, thành phố Hạ Long, tỉnh Quảng Ninh",Công ty Cổ phần Xi măng Thăng Long,26-12-2024,Hết hạn
4609,GPMT,Công ty TNHH Kijo Battery (VietNam),"Lô B14.1, đường N12, KCN Thành Thành Công, phường An Hòa, thị xã Trảng Bàng, tỉnh Tây Ninh",Công ty TNHH Kijo Battery (VietNam),26-12-2024,Hết hạn
4580,GPMT,Dự án đầu tư Đường ống dẫn khí PM3- Cà Mau,"xã Khánh An, huyện U Minh, tỉnh Cà Mau",Chi nhánh Tổng Công ty Khí Việt Nam Công ty Khí Cà Mau,23-12-2024,Hết hạn
4581,GPMT,Thủy diện Đăkdrinh,02 huyện Sơn Tây (tinh Quảng Ngãi) và huyện Kon Plông (tỉnh Kon Tum),Công ty Cổ phần Thủy diện Đăkdrinh,23-12-2024,Hết hạn
4569,GPMT,Nam châm từ tính SGI của Công ty TNHH SGI Vina,"Lô 25, Khu công nghiệp Bắc Chu Lai thuộc Khu kinh tế mở Chu Lai, xã Tam Hiệp, huyện Núi Thành, tỉnh Quảng Nam",Công ty TNHH SGI Vina,20-12-2024,Hết hạn
4570,GPMT,Nhà máy thủy điện Tiên Thành của Công ty Cổ phần Sông Đà 7.09,"Xóm Thôm Đán, Xã Hạnh Phúc, Huyện Quảng Hòa, Tỉnh Cao Bằng",Công ty Cổ phần Sông Đà 7.09,20-12-2024,Hết hạn
4539,GPMT,Nhà máy thủy điện A Lin B1,"xã Trung Sơn, xã Hồng Vân, huyện A Lưới và xã Phong An, xã Phong Xuân, xã phong Mỹ, huyện Phong Điền, tỉnh Thừa Thiên Huế.",Công ty Cổ phần thủy điện Trường Phú.,16-12-2024,Hết hạn
4562,GPMT,Nhà máy sản xuất phân bón NPK Bình Ðiền Lâm Ɖồng – Công suất 130.000 tấn sản phẩm/năm,"Quốc lộ 20, xã Hiệp Thạnh, huyện Ɖức Trọng, tỉnh Lâm Ɖồng.",Công ty cổ phần Bình Điền - Lâm Đồng.,16-12-2024,Hết hạn
4563,GPMT,Thủy điện Đăk Piu 2,"xã Đăk Ang, huyện Ngọc Hồi, tỉnh Kon Tum.",Công ty Cổ phần Đầu tư Thủy điện Đăk Piu 2,16-12-2024,Hết hạn
4564,GPMT,Khu công nghiệp Mỹ Thuận,"Xã Mỹ Thuận, xã Mỹ Lộc, thành phố Nam Định và xã Hiển Khánh, huyện Vụ Bản, tỉnh Nam Định",Công ty Cổ phần Xây dựng Hạ tầng Đại Phong,16-12-2024,Hết hạn
4565,GPMT,"Nhà máy Sunny Opotech Việt Nam (mở rộng quy mô, nâng công suất)","lô CN15-1 và CN15-3, Khu công nghiệp Yên Bình, phường Hồng Tiến, thành phố Phổ Yên, tỉnh Thái Nguyên",Công ty TNHH Sunny Opotech Việt Nam,16-12-2024,Hết hạn
4566,GPMT,"Đầu tư xây dựng công trình khai thác đá vôi làm nguyên liệu xi măng tại khu vực núi Kim Giao, núi Răng Cưu, núi Len thuộc xã Tân Thắng, huyện Quỳnh Lưu và xã Quỳnh Vinh, thị xã Hoàng Mai, tỉnh Nghệ An, công suất 1.968.853 tấn/nămĐầu tư xây dựng công trình khai thác đá vôi làm nguyên liệu xi măng tại khu vực núi Kim Giao, núi Răng Cưu, núi Len thuộc xã Tân Thắng, huyện Quỳnh Lưu và xã Quỳnh Vinh, thị xã Hoàng Mai, tỉnh Nghệ An, công suất 1.968.853 tấn/năm","Xã Tân Thắng, huyện Quỳnh Lưu và xã Quỳnh Vinh, thị xã Hoàng Mai, tỉnh Nghệ An",Công ty Cổ phần Xi măng Tân Thắng,16-12-2024,Hết hạn
4567,GPMT,"Nhà máy sản xuất của Công ty Dechang Việt Nam - sản xuất, gia công và lắp ráp máy hút bụi công suất 10.000.000 sản phẩm/năm (tương đương 100.000 tấn sản phẩm/năm), thiết bị điện gia dụng (máy sấy tóc, lược điện, quạt điện, máy tạo độ ẩm) công suất 50.000.000 sản phẩm/năm (tương đương 68.750 tấn sản phẩm/năm), mô tơ dùng cho thiết bị điện gia dụng công suất 10.000.000 sản phẩm/năm (tương đương 15.000 tấn sản phẩm/năm)",": Đường số 1, KCN Giang Điền, xã Giang Điền, huyện Trảng Bom, tỉnh Đồng Nai",Công ty TNHH Dechang Việt Nam,16-12-2024,Hết hạn
4568,GPMT,Dự án Công ty TNHH Innovation Precision Viet Nam,"Số 3, đường số 4, Khu công nghiệp, đô thị và dịch vụ VSIP Nghệ An, xã Hưng Tây, huyên Hưng Nguyên, tỉnh Nghệ An",Công ty TNHH Innovation Precision Viet Nam,16-12-2024,Hết hạn
4533,GPMT,Khu liên hợp Khu liên hợp sản xuất gang thép Hòa Phát Dung Quất 2,"Khu kinh tế Dung Quất, xã Bình Đông và Bình Thuận, huyện Bình Sơn, tỉnh Quảng Ngãi,",Công ty Cổ phần Hòa Phát Dung Quất,12-12-2024,Hết hạn
4534,GPMT,"“Suntory PepsiCo Cần Thơ (Giai đoạn 2, công suất 652 triệu lít/năm)” của Công ty TNHH Nước giải khát Suntory PepsiCo Việt Nam","Lô 2.19B, 2.19D, 2.1901 KCN Trà Nóc II, phường Phước Thới, quận Ô Môn, thành phổ Cần Thơ",Công ty TNHH Nước giải khát Suntory PepsiCo Việt Nam,12-12-2024,Hết hạn
4535,GPMT,"Đầu tư xây dựng Khu công nghiệp Sơn Lôi, tỉnh Vĩnh Phúc","Khu công nghiệp Sơn Lôi, Thị trấn Hương Canh,Huyện Bình Xuyên, Tỉnh Vinh Phúc.",Công ty TNHH Đầu tư Xây dựng An Thịnh Vĩnh Phúc,12-12-2024,Hết hạn
4537,GPMT,Đầu tư xây dựng và kinh doanh kết cấu hạ tầng Khu công nghiệp số 03,"ã Đồng Tiến, Hồng Tiến - huyện Khoái Châu, xã Lý Thường Kiệt – huyện Yên Mỹ và xã Xuân Trúc - huyện Ân Thi, tỉnh Hưng Yên",Công ty cổ phần Quản lý Khu công nghiệp Ecoland,12-12-2024,Hết hạn
4538,GPMT,Khai thác giai đoạn II mỏ than Mông Dương - Công ty Than Mông Dương (điều chỉnh),"phường Mông Dương, thành phố Cẩm Phả, tỉnh Quảng Ninh",Công ty Cổ phần Than Mông Dương - Vinacomin.,12-12-2024,Hết hạn
4527,GPMT,"Nhà máy khai thác, sản xuất và kinh doanh nước khoáng thiên nhiên và nước uống đóng chai tại phường Khánh Hậu, thành phố Tân An, tỉnh Long An","phường Khánh Hậu, thành phố Tân An, tỉnh Long An",Công ty trách nhiệm hữu hạn La Vie,09-12-2024,Hết hạn
4528,GPMT,Dự án đầu tư xây dựng nhà máy sản xuất linh kiện điện thoại (Dự án Almus Vina),"Lô CN 07A, KCN Phú Hà, thị xã Phú Thọ, tỉnh Phú Thọ.",Công ty TNHH Almus Vina,09-12-2024,Hết hạn
4529,GPMT,Nhà máy đường Ayun Pa,"561 Trần Hưng Đạo, Phường Cheo Reo, thị xã Ayun Pa, tỉnh Gia Lai.",Công ty CP Nông nghiệp AgriS Gia Lai,09-12-2024,Hết hạn
4530,GPMT,Nhà máy điện CTHH Nhơn Trạch 2,"Ấp 3, xã Phước Khánh, huyện Nhơn Trạch, tỉnh Đồng Nai",Công ty Cổ phần Điện lực Dầu khí Nhơn Trạch 2,09-12-2024,Hết hạn
4531,GPMT,"Xây dựng mói Bệnh viện đa khoa khu vực Thủ Đức, quy mô 1.000 giường","số 64 Lê Văn Chí, phường Linh Trung, thành phố Thủ Đức, thành phố Hồ Chí Minh.",Ban Quản lý dự án đầu tư xây dựng các công trình dân dụng và công nghiệp,09-12-2024,Hết hạn
4532,GPMT,Nhà máy thủy điện Đrây H’Linh 2,"Thôn Nhà đèn, xã Ea Pô, huyện Cư Jút, tỉnh Đắk Nông",Công ty Cổ phần Thuỷ điện – Điện lực 3,09-12-2024,Hết hạn
4515,GPMT,"Tuyến đường sắt đô thị Bến Thành – Chợ Nhỏ - Bến xe Suối Tiên (tên dự án sau khi điều chỉnh: Xây dựng tuyến đường sắt đô thị số 1 thành phố Hồ Chí Minh, tuyến Bến Thành – Suối Tiên)","quận 1, quận Bình Thạnh, quận 2, quận Thủ Đức và quận 9, thành phố Hồ Chí Minh và huyện Dĩ An, tỉnh Bình Dương",Ban Quản lý đường sắt đô thị,05-12-2024,Hết hạn
4516,GPMT,Thủy điện Nậm So 1,"xã Thèn Sin, huyện Tam Đường, tỉnh Lai Châu",Công ty Cổ phần Thủy điện Nậm So 1,05-12-2024,Hết hạn
4517,GPMT,“Khu Du lịch Văn Hóa Thể Thao Đại Nam”,"Khu du lịch Đại Nam có diện tích 156,295ha nằm trên địa bàn Phường Hiệp An, thành phố Thủ Dầu Một, tỉnh Bình Dương",Công ty Cổ phần Đại Nam,05-12-2024,Hết hạn
4518,GPMT,Nhà máy sản xuất vải cao cấp Louvre; quy mô: vải dệt thoi 95.000.000 m2/năm và vải dệt kim 95.000.000 m2/năm.,"Lô B18, Lô B19, đường C4, KCN Thành Thành Công, phường An Hòa, thị xã Trảng Bàng, tỉnh Tây Ninh",Công ty TNHH Dệt sợi Louvre,05-12-2024,Hết hạn
4519,GPMT,Nhà máy thủy điện Đại Ninh,"xã Ninh Gia, xã Phú Hội, xã Tà Hine, huyện Đức Trọng, tỉnh Lâm Đồng và xã Phan Lâm, xã Phan Sơn, huyện Bắc Bình, tỉnh Bình Thuận.",Chi nhánh Tổng Công ty Phát điện 1 – Công ty Thủy điện Đại Ninh,05-12-2024,Hết hạn
4520,GPMT,Đầu tư xây dựng công trình kết cấu hạ tầng Khu công nghiệp Gia Lễ - tỉnh Thái Bình,"xã Đông Xuân, xã Đông Quang, xã Đông Dương huyện Đông Hưng và xã Đông Thọ, xã Đông Mỹ, thành phố Thái Bình, tỉnh Thái Bình",Trung tâm Tư vấn hỗ trợ đầu tư và Dịch vụ khu công nghiệp,05-12-2024,Hết hạn
4526,GPMT,Nhà máy chế biến cao su Xà Bàng,"xã Quảng Thành, huyện Châu Đức, tỉnh Bà Rịa - Vũng Tàu",Công ty cổ phần cao su Bà Rịa,05-12-2024,Hết hạn
4479,GPMT,Thủy điện An Khê – Kanak.,"Huyện K Bang, thị xã An Khê, tỉnh Gia Lai và huyện Tây Sơn, tỉnh Bình Định.",Công ty Thủy điện An Khê – Kanak.,30-11-2024,Hết hạn
4457,GPMT,Kho xăng dầu Đình Vũ Hải Phòng.,"Khu công nghiệp Đình Vũ, phường Đông Hải 2, quận Hải An, thành phố Hải Phòng.",Công ty cổ phần 19-9.,29-11-2024,Hết hạn
4458,GPMT,Khai thác hầm lò phần mở rộng mỏ Bắc Quảng Lợi (điều chỉnh).,"Khu I, phường Cửa Ông, thành phố Cẩm Phả, tỉnh Quảng Ninh.",Tổng công ty Đông Bắc.,29-11-2024,Hết hạn
4459,GPMT,Khu liên hiệp xử lý chất thải rắn sinh hoạt – công nghiệp – nguy hại.,"Ấp 7, xã Bàu Cạn, huyện Long Thành, tỉnh Đồng Nai.",Công ty Cổ phần Thương mại Dịch vụ Phúc Thiên Long.,29-11-2024,Hết hạn
4460,GPMT,Công trình Thuỷ điện Đồng Nai 3.,"Xã Lộc Lâm, huyện Bảo Lâm, tỉnh Lâm Đồng và xã Quảng Kê, huyện Đắk Glong, tỉnh Đắk Nông.",Chi nhánh Tổng Công ty Phát điện 1 - Công ty Thủy điện Đồng Nai.,29-11-2024,Hết hạn
4461,GPMT,Công trình Thủy điện Đồng Nai 4.,"Xã Lộc Bảo, huyện Bảo Lâm, tỉnh Lâm Đồng và xã Quảng Khê, huyện Đắk Glong, tỉnh Đắk Nông.",Tổng Công ty Phát điện 1 - Công ty Thủy điện Đồng Nai.,29-11-2024,Hết hạn
4462,GPMT,Nhà máy Công ty TNHH Thái Long Việt Nam.,"Đường N7, Khu công nghiệp Mỹ Phước, thị xã Bến Cát, tỉnh Bình Dương.",Công ty TNHH Thái Long Việt Nam.,29-11-2024,Hết hạn
4473,GPMT,Thủy điện Tân Mỹ 2.,"Thị trấn Tân Sơn, huyện Ninh Sơn, tỉnh Ninh Thuận.",Công ty Cổ phần Đầu tư VINACCO.,29-11-2024,Hết hạn
4474,GPMT,Thủy điện Tân Mỹ 2.,"Thị trấn Tân Sơn, huyện Ninh Sơn, tỉnh Ninh Thuận.",Công ty Cổ phần Đầu tư VINACCO.,29-11-2024,Hết hạn
4451,GPMT,Dự án GREEN PLANET DC.,"Lô A3.1, Khu A3, đường D2&N2, Khu công nghiệp Tân Phú Trung, xã Tân Phú Trung, huyện Củ Chi, thành phố Hồ Chí Minh.",Công ty TNHH Green Planet Distribution Centre.,27-11-2024,Hết hạn
4453,GPMT,Thủy điện Thác Bà 2.,"Xã Hán Đà, huyện Yên Bình, tỉnh Yên Bái; xã Mỹ Bằng, huyện Yên Sơn, tỉnh Tuyên Quang.",Công ty Cổ phần Đầu tư Thủy điện Thác Bà 2.,27-11-2024,Hết hạn
4448,GPMT,"Đầu tư xây dựng công trình khai thác quặng titan khu vực Làng Lân, thị trấn Đu và Hái Hoa, xã Phấn Mễ, huyện Phú Lương, tỉnh Thái Nguyên.","Khu vực Làng Lân, thị trấn Đu và Hái Hoa, xã Phấn Mễ, huyện Phú Lương, tỉnh Thái Nguyên.",Công ty TNHH Xây dựng và Phát triển nông thôn Miền Núi.,26-11-2024,Hết hạn
4450,GPMT,"Nhà máy xử lý nước thải Vĩnh Niệm thuộc dự án Đầu tư xây dựng Hợp phần Thoát nước mưa và Hợp phần Thoát nước thải thuộc Dự án Thoát nước mưa, nước thải và Quản lý chất thải rắn Hải Phòng giai đoạn 1 (điều chỉnh)”.","Phường Vĩnh Niệm, quận Lê Chân, thành phố Hải Phòng.",Sở Xây dựng thành phố Hải Phòng.,26-11-2024,Hết hạn
4422,GPMT,Nhà máy Thủy điện Thác Bà.,"Các xã thuộc huyện Yên Bình và Lục Yên, tỉnh Yên Bái.",Công ty Cổ phần Thủy điện Thác Bà.,25-11-2024,Hết hạn
4423,GPMT,Nhà máy Công ty TNHH Công nghệ UNI-TREND (Việt Nam).,"Nhà xưởng RBF.E & RBF.F, Lô D, Khu công nghiệp Thuận Thành III, phân khu B, phường Gia Đông, thị xã Thuận Thành, tỉnh Bắc Ninh.",Công ty TNHH Công nghệ UNI-TREND (Việt Nam).,25-11-2024,Hết hạn
4424,GPMT,Tuyến cáp treo Hương Bình.,"Xã Phú Nghĩa, huyện Lạc Thủy, tỉnh Hòa Bình và xã Hương Sơn, huyện Mỹ Đức, thành phố Hà Nội.",Công ty TNHH MTV Du lịch Thái Bình.,25-11-2024,Hết hạn
4425,GPMT,Đầu tư xây dựng và Kinh doanh hạ tầng Khu công nghiệp Bàu Bàng.,"Thị trấn Lai Uyên và xã Lai Hưng, huyện Bàu Bàng, tỉnh Bình Dương.",Tổng Công ty Đầu tư và Phát triển công nghiệp – CTCP (BECAMEX IDC).,25-11-2024,Hết hạn
4426,GPMT,Nhà máy điện rác Hậu Giang – Tổ máy số 1.,"Ấp Hòa Qưới B, xã Hòa An, huyện Phụng Hiệp, tỉnh Hậu Giang.",Công ty TNHH MTV Greenity Hậu Giang.,25-11-2024,Hết hạn
4427,GPMT,"Nhà máy luyện gang, luyện thép công suất 15.000 tấn/năm.","Tổ 8, phường Gia Sàng, thành phố Thái Nguyên, tỉnh Thái Nguyên.",Công ty Cổ phần Gang Thép Gia Sàng.,25-11-2024,Hết hạn
4428,GPMT,Sản xuất đầu nối điện tử.,"Nhà xưởng số 2 trên Lô B-1, Khu công nghiệp (KCN) Thăng Long II, huyện Yên Mỹ, tỉnh Hưng Yên.",Công ty TNHH Kyocera Việt Nam.,25-11-2024,Hết hạn
4429,GPMT,Sản xuất sản phẩm linh kiện CMOS.,"Lô B-1, Khu công nghiệp Thăng Long II, huyện Yên Mỹ, tỉnh Hưng Yên.",Công ty TNHH Kyocera Việt Nam.,25-11-2024,Hết hạn
4430,GPMT,"Cơ sở khai thác mỏ Titan NaHoe, xã Phú Lạc, huyện Đại Từ, tỉnh Thái Nguyên.","Xã Phú Lạc, huyện Đại Từ, tỉnh Thái Nguyên.",Công ty TNHH Xây dựng và Phát triển nông thôn Miền Núi.,25-11-2024,Hết hạn
4431,GPMT,Khu chế xuất Sài Gòn - Linh Trung.,"Khu phố 4, phường Linh Trung, thành phố Thủ Đức, thành phố Hồ Chí Minh.",Công ty TNHH SEPZONE – Linh Trung (VIỆT NAM).,25-11-2024,Hết hạn
4432,GPMT,Đầu tư khai thác xuống sâu dưới mức - 50 mỏ than Ngã Hai - Công ty than Quang Hanh – TKV.,"Xã Dương Huy, thành phố Cẩm Phả, tỉnh Quảng Ninh.",Chi nhánh Tập đoàn Công nghiệp Than - Khoáng sản Việt Nam - Công ty Than Quang Hanh – TKV.,25-11-2024,Hết hạn
4433,GPMT,Nhà máy Thủy điện Đa Nhim – Sông Pha  và Đa Nhim mở rộng.,"Xã Lâm Sơn, huyện Ninh Sơn, tỉnh Ninh Thuận.",Công ty Cổ phần Thủy điện Đa Nhim – Hàm Thuận – Đa Mi.,25-11-2024,Hết hạn
4436,GPMT,Dự án RQ TECHNOLOGY ELECTRONICS VIETNAM LIMITED.,"Nhà xưởng số 07, lô CN16, CN17, Khu công nghiệp Yên Bình, phường Hồng Tiến, thành phố Phổ Yên, tỉnh Thái Nguyên.",Công ty TNHH RQ Technology Electronics Việt Nam.,25-11-2024,Hết hạn
4437,GPMT,Nhà máy thủy điện Hàm Thuận - Đa Mi.,"Huyện Hàm Thuận Bắc và huyện Tánh Linh, tỉnh Bình Thuận.",Công ty Cổ phần Thủy điện Đa Nhim - Hàm Thuận - Đa Mi.,25-11-2024,Hết hạn
4438,GPMT,Bệnh viện Chợ Rẫy.,"Số 201B, đường Nguyễn Chí Thanh, Phường 12, quận 5, thành phố Hồ Chí Minh.",Bệnh viện Chợ Rẫy.,25-11-2024,Hết hạn
4442,GPMT,Nhà máy sản xuất các sản phẩm nhựa.,"Tổ 1, khu Vọng Hải, đường Mạc Đăng Doanh, quận Dương Kinh, thành phố Hải Phòng.",Công ty TNHH Sản xuất thương mại dịch vụ HM Plastics.,25-11-2024,Hết hạn
4443,GPMT,"Công trình Thủy điện Nậm Nhùn 2, công suất công suất 10 MW.","Xã Phú Nhuận, huyện Bảo Thắng, tỉnh Lào Cai.",Công ty TNHH Xây dựng Hoàng Sơn.,25-11-2024,Hết hạn
4444,GPMT,Dự án xử lý và tái chế chất thải tập trung,"Tổ 5, ấp Bến Rộng, xã Thạnh Đức, huyện Gò Dầu, tỉnh Tây Ninh.",Công ty TNHH MTV Môi trường xanh Huê Phương VN.,25-11-2024,Hết hạn
4397,GPMT,Khai thác đá vôi làm nguyên liệu cho nhà máy xi măng.,"Xã Thanh Tân, huyện Thanh Liêm, tỉnh Hà Nam.",Công ty Cổ phần Vissai Hà Nam.,18-11-2024,Hết hạn
4398,GPMT,"Trạm xử lý nước thải khu Đông Bắc Mông Dương” tại phường Mông Dương, thành phố Cẩm Phả, tỉnh Quảng Ninh.","Phường Mông Dương, thành phố Cẩm Phả, tỉnh Quảng Ninh.",Công ty TNHH 1 thành viên Môi trường – TKV.,18-11-2024,Hết hạn
4399,GPMT,Khu Công nghiệp Quang Châu mở rộng (bổ sung ngành nghề thu hút đầu tư).,"Các phường: Quang Châu, Vân Trung và Nếnh, thị xã Việt Yên, tỉnh Bắc Giang.",Công ty Cổ phần Khu công nghiệp Sài Gòn – Bắc Giang.,18-11-2024,Hết hạn
4400,GPMT,"Khu vui chơi giải trí, nhà ở và công viên sinh thái đảo Vũ Yên.","Đảo Vũ Yên, quận Hải An và huyện Thủy Nguyên, thành phố Hải Phòng.",Tập đoàn Vingroup - Công ty CP.,18-11-2024,Hết hạn
4401,GPMT,Khai thác lộ thiên kết hợp với cải tạo các hồ mỏ Nam Tràng Bạch (điều chỉnh) công suất 1.000.000 tấn/năm.,"Phường Hoàng Quế và xã Hồng Thái Tây, thị xã Đông Triều, tỉnh Quảng Ninh.",Tổng Công ty Đông Bắc.,18-11-2024,Hết hạn
4402,GPMT,Dự án Shenyan Precision Manufacturing (VietNam).,"Khu công nghiệp hỗ trợ Đồng Văn III, phường Tiên Nội, thị xã Duy Tiên, tỉnh Hà Nam.",Công ty TNHH Chế tạo công nghệ cao Shenyan (Việt Nam).,18-11-2024,Hết hạn
4403,GPMT,Công ty TNHH HSC Tech Vina.,"Lô CN 8-4-2 Khu công nghiệp Điềm Thụy, xã Điềm Thụy, huyện Phú Bình, tỉnh Thái Nguyên.",Công ty TNHH HSC Tech Vina.,18-11-2024,Hết hạn
4404,GPMT,Khu đô thị sinh thái Dream City.,"Xã Long Hưng và xã Nghĩa Trụ, huyện Văn Giang, tỉnh Hưng Yên.",Công ty Cổ phần Vinhomes.,18-11-2024,Hết hạn
4406,GPMT,"Xây dựng Nhà máy may mặc, dệt, nhuộm, cho thuê nhà xưởng dư thừa.","Lô G3-2, G4-2, G5, G6, K4-2, K5, K6, J3, J4,  J5, J6, Khu Công nghiệp Minh Hưng – Hàn Quốc, xã Minh Hưng, huyện Chơn Thành,  tỉnh Bình Phước.",Công ty TNHH MTV C&T Vina.,18-11-2024,Hết hạn
4369,GPMT,Nhà máy tái chế nhôm phế thải (cơ sở 1).,"Đường số 8, Khu công nghiệp Bình Xuyên, xã Sơn Lôi, huyện Bình Xuyên, tỉnh Vĩnh Phúc.",Công ty TNHH TM DV Môi Trường Nguyệt Minh 2 Daiki Aluminium.,12-11-2024,Hết hạn
4371,GPMT,Nhà máy Thủy điện Đồng Nai 5.,"Xã Lộc Bắc, huyện Bảo Lâm, tỉnh Lâm Đồng và xã Đắk Sin, huyện Đắk R’lấp, tỉnh Đắk Nông.",Công ty Thủy điện Đồng Nai 5 - TKV.,12-11-2024,Hết hạn
4372,GPMT,Nhà máy Amogreen Vina.,"Lô CN16, Khu công nghiệp  Khai Quang, phường Khai Quang, thành phố Vĩnh Yên, tỉnh Vĩnh Phúc.",Công ty TNHH Amogreen Vina.,12-11-2024,Hết hạn
4373,GPMT,Trạm Xử lý nước thải cửa lò +25 Công ty than Khe Chàm.,"Phường Mông Dương, thành phố Cẩm Phả, tỉnh Quảng Ninh.",Công ty TNHH 1 Thành viên Môi trường – TKV.,12-11-2024,Hết hạn
4374,GPMT,Nhà máy tái chế Nguyệt Minh 2 tại Miền Bắc.,"Đường số 3, khu công nghiệp Bình Xuyên, thị trấn Hương Canh, huyện Bình Xuyên, tỉnh Vĩnh Phúc.",Công ty TNHH TM DV Môi Trường Nguyệt Minh 2 Daiki Aluminium,12-11-2024,Hết hạn
4375,GPMT,Khu công nghiệp Nhơn Hoà.,"Xã Nhơn Thọ và phường Nhơn Hòa, thị xã An Nhơn, tỉnh Bình Định.",Công ty TNHH Đầu từ hạ tầng KCN Nhơn Hoà.,12-11-2024,Hết hạn
4376,GPMT,Nhà máy Newface Optoelectronics (Việt Nam).,"Nhà xưởng số 2, Lô I26-D, Khu công nghiệp Bá Thiện - Phân khu I, xã Thiện Kế, huyện Bình Xuyên, tỉnh Vĩnh Phúc.",Công ty TNHH Newface Optoelectronics (Việt Nam).,12-11-2024,Hết hạn
4377,GPMT,Thủy điện Bắc Mê - Hà Giang.,"Huyện Bắc Mê, tỉnh Hà Giang và huyện Bảo Lâm, tỉnh Cao Bằng.",Tổng công ty Cổ phần Thương mại Xây dựng.,12-11-2024,Hết hạn
4378,GPMT,Thủy điện Nậm Mạ 1.,"Xã Tùng Bá, huyện Vị Xuyên, tỉnh Hà Giang.",Công ty TNHH Miền Tây.,12-11-2024,Hết hạn
4379,GPMT,Trạm xử lý nước thải khu Đông Bắc Mông Dương.,"Phường Mông Dương, thành phố Cẩm Phả, tỉnh Quảng Ninh.",Công ty TNHH 1 thành viên Môi Trường – TKV.,12-11-2024,Hết hạn
4380,GPMT,Khu công nghiệp Hòa Phú.,"Ấp Phước Hòa, xã Hòa Phú, huyện Long Hồ, tỉnh Vĩnh Long.",Công ty Cổ phần Hòa Phú.,12-11-2024,Hết hạn
4381,GPMT,Khu nghỉ dưỡng Nam Hội An.,"Các xã: Duy Hải, Duy Nghĩa, huyện Duy Xuyên; xã Bình Dương, huyện Thăng Bình, tỉnh Quảng Nam.",Công ty TNHH Phát triển Nam Hội An.,12-11-2024,Hết hạn
4350,GPMT,Nhà máy thủy điện Hương Điền.,"Phường Hương Vân, thị xã Hương Trà tỉnh Thừa Thiên Huế.",Công ty cổ phần thủy điện Hương Điền.,11-11-2024,Hết hạn
4351,GPMT,Dự án: Tăng cường năng lực khoa học công nghệ và Đào tạo nguồn nhân lực phục vụ tái cơ cấu nông nghiệp và xây dựng nông thôn mới.,"Thị trấn Trâu Quỳ, huyện Gia Lâm, thành phố Hà Nội.",Học viện Nông nghiệp Việt Nam.,11-11-2024,Hết hạn
4352,GPMT,Nhà máy thuỷ điện Srêpôk 4.,"Xã Ea Wer, huyện Buôn Đôn, tỉnh Đắk Lắk và xã Ea Pô, huyện Cư Jút, tỉnh Đắk Nông.",Công ty CP Đầu tư và Phát triển điện Đại Hải.,11-11-2024,Hết hạn
4353,GPMT,"Nhà máy chế biến bã thải thạch cao, các sản phẩm từ thạch cao.","Lô GI-7, Khu kinh tế Đình Vũ, phường Đông Hải 2, quận Hải An, thành phố Hải Phòng.",Công ty Cổ phần Thạch cao Đình Vũ.,11-11-2024,Hết hạn
4354,GPMT,Dự án Pegatron Việt Nam.,"Lô CN3A và CN3B, Khu công nghiệp Nam Đình Vũ (Khu 2) (KCN DEEP C2A), phường Đông Hải 2, thuộc Khu kinh tế Đình Vũ – Cát Hải, quận Hải An, thành phố Hải Phòng.",Công ty TNHH Pegatron Việt Nam.,11-11-2024,Hết hạn
4355,GPMT,Cơ sở Segi Việt Nam.,"Lô C2-2, KCN Bá Thiện II, xã Thiện Kế, huyện Bình Xuyên, tỉnh Vĩnh Phúc.",Công ty TNHH Segi Việt Nam.,11-11-2024,Hết hạn
4356,GPMT,Thủy điện sông Chảy 3 công suất 14MW.,"Các xã: Tụ Nhân, Sán Sà Hồ, Pờ Ly Ngài và thị trấn Vinh Quang, huyện Hoàng Su Phì, tỉnh Hà Giang.",Công ty TNHH Tiến Đạt.,11-11-2024,Hết hạn
4357,GPMT,Nhà máy xử lý khí Dinh Cố.,"Tỉnh lộ 44, xã An Ngãi, huyện Long Điền, tỉnh Bà Rịa - Vũng Tàu.",Chi nhánh Tổng Công ty Khí Việt Nam – Công ty Cổ phần - Công ty chế biến khí Vũng Tàu.,11-11-2024,Hết hạn
4358,GPMT,Công ty Phân bón Việt Nhật.,"Khu công nghiệp Gò Dầu, xã Phước Thái, huyện Long Thành, tỉnh Đồng Nai.",Công ty Phân bón Việt Nhật.,11-11-2024,Hết hạn
4359,GPMT,"Khu II mỏ đá xây dựng Thường Tân VI, xã Thường Tân, huyện Bắc Tân Uyên, tỉnh Bình Dương.","Xã Thường Tân, huyện Bắc Tân Uyên, tỉnh Bình Dương.",Công ty Cổ phần Khoáng sản Thái Bình.,11-11-2024,Hết hạn
4360,GPMT,"Khu liên hợp gang thép và cảng Sơn Dương Formosa Hà Tĩnh giai đoạn 1-1, hạng mục đầu tư xây dựng Nhà máy thép dây, hai trạm xử lý: bùn và vật liệu chịu lửa - xỉ thép - Bổ sung công trình lò đáy quay (RHF).","Khu kinh tế Vũng Áng, phường Kỳ Long, thị xã Kỳ Anh, tỉnh Hà Tĩnh.",Công ty TNHH Gang thép Hưng Nghiệp Formosa Hà Tĩnh.,11-11-2024,Hết hạn
4339,GPMT,Nhà máy sản xuất phân bón NPK công suất 50.000 tấn/năm.,"Lô CN11, Cụm công nghiệp Đồng Sóc, huyện Vĩnh Tường, tỉnh Vĩnh Phúc.",Công ty TNHH Sản xuất thương mại và Đầu tư An Hưng.,06-11-2024,Hết hạn
4340,GPMT,Dự án Đầu tư xây dựng và kinh doanh cơ sở hạ tầng Khu công nghiệp Yên Lư.,"Xã Yên Lư, huyện Yên Dũng, tỉnh Bắc Giang.",Công ty Cổ phần bất động sản Capella.,06-11-2024,Hết hạn
4341,GPMT,Khu công nghiệp An Phát 1.,"Xã Quốc Tuấn, xã An Bình và xã An Lâm, huyện Nam Sách, tỉnh Hải Dương.",Công ty cổ phần Khu công nghiệp Kỹ thuật cao An Phát 1.,06-11-2024,Hết hạn
4343,GPMT,Nhà máy SMC Việt Nam – Giai đoạn I.,"Một phần lô đất CN12, Khu công nghiệp hỗ trợ Đồng Văn III giai đoạn II, phường Tiên Nội, thị xã Duy Tiên, tỉnh Hà Nam.",Công ty TNHH Đầu tư SMC Việt Nam.,06-11-2024,Hết hạn
4331,GPMT,Nhà máy nước mặt sông Đuống (Giai đoạn 1).,"Xã Phù Đồng và xã Trung Mầu, huyện Gia Lâm, thành phố Hà Nội.",Công ty Cổ phần Nước mặt sông Đuống.,05-11-2024,Hết hạn
4334,GPMT,Trạm xử lý nước thải lộ thiên 917 Công ty TNHH 1 thành viên Môi trường – TKV.,"Phường Hà Khánh, thành phố Hạ Long, tỉnh Quảng Ninh.",Công ty TNHH 1 thành viên Môi trường – TKV.,05-11-2024,Hết hạn
4335,GPMT,"Khu Du lịch Cái Giá, Cát Bà (giai đoạn 1).","Thị trấn Cát Bà và xã Trân Châu, huyện Cát Hải, thành phố Hải Phòng.",Công ty Cổ phần Đầu tư và Phát triển Du lịch Vinaconex.,05-11-2024,Hết hạn
4336,GPMT,Nhà máy Thủy điện Thác Mơ mở rộng.,"Phường Thác Mơ, thị xã Phước Long và xã Đức Hạnh, huyện Bù Gia Mập, tỉnh Bình Phước.",Tập đoàn Điện lực Việt Nam.,05-11-2024,Hết hạn
4337,GPMT,"Trạm xử lý nước thải tập trung cửa lò +30/-175, +20/-50, +27/-50 Công ty than Quang Hanh.","Xã Dương Huy, thành phố Cẩm Phả, tỉnh Quảng Ninh.",Công ty TNHH MTV Môi trường – TKV.,05-11-2024,Hết hạn
4326,GPMT,Cơ sở: Khu công nghiệp Khai Quang.,"Khu công nghiệp Khai Quang, Phường Khai Quang, thành phố Vĩnh Yên, tỉnh Vĩnh Phúc.",Công ty Cổ phần phát triển hạ tầng Vĩnh Phúc.,04-11-2024,Hết hạn
4327,GPMT,Nhà máy điện tử SHINNING Việt Nam.,"Lô đất L1.18 Khu công nghiệp Đồ Sơn Hải Phòng, quận Đồ Sơn, thành phố Hải Phòng.",Công ty TNHH Điện tử Shinning Việt Nam.,04-11-2024,Hết hạn
4328,GPMT,"Dự án: Xây dựng nâng cấp Cảng than 30.000 DWT để tiếp nhận tàu có trọng tải đến 50.000 DWT và Cảng dầu 1.000 DWT để tiếp nhận tàu có trọng tải đến 3.000 DWT thuộc bến Cảng Nhà máy nhiệt điện Vĩnh Tân 2, khi bổ sung hạng mục công trình tạm: Dây chuyền phân tách tro xỉ.","Xã Vĩnh Tân, huyện Tuy Phong, tỉnh Bình Thuận.",Công ty Nhiệt điện Vĩnh Tân – Chi nhánh Tổng Công ty phát điện 3 –CTCP.,04-11-2024,Hết hạn
4329,GPMT,Nhà máy Thủy điện Thác Mơ.,"Phường Thác Mơ, thị xã Phước Long, tỉnh Bình Phước và xã Đức Hạnh, huyện Bù Gia Mập, tỉnh Bình Phước.",Công ty Cổ phần thủy điện Thác Mơ.,04-11-2024,Hết hạn
4338,GPMT,Nhà máy Thủy điện Yaly mở rộng.,"Xã Ya Tăng, huyện Sa Thầy, tỉnh Kon Tum và Ia Mơ Nông, Ia Kreng, thị trấn Ialy, huyện Chư Păh, tỉnh Gia Lai.",Tập đoàn Điện lực Việt Nam.,04-11-2024,Hết hạn
4319,GPMT,Cơ sở: Kho xăng dầu Bình Đức và kho xăng dầu Quang Trung.,"Kho xăng dầu Bình Đức, số 105/3A, đường Lê Thị Hồng Gấm, phường 6, thành phố Mỹ Tho, tỉnh Tiền Giang; Kho xăng dầu Quang Trung, số 492A, đường Đinh Bộ Lĩnh, phường 9, thành phố Mỹ Tho, tỉnh Tiền Giang.",Công ty Xăng dầu Tiền Giang.,30-10-2024,Hết hạn
4320,GPMT,"Cơ sở: Xây dựng và kinh doanh cơ sở hạ tầng Cụm 2 – Khu công nghiệp Cát Lái, quận 2, thành phố Hồ Chí Minh.","Phường Thạnh Mỹ Lợi, thành phố Thủ Đức, thành phố Hồ Chí Minh.","Công ty TNHH Một thành viên Dịch vụ công ích, quận 2, thành phố Hồ Chí Minh.",30-10-2024,Hết hạn
4309,GPMT,Dự án: Nhà máy Bia Thế hệ mới.,"Phường Nhân Hòa, thị xã Mỹ Hào, tỉnh Hưng Yên.",Công ty Cổ phần Nhà máy bia Thế hệ mới.,29-10-2024,Hết hạn
4310,GPMT,Cơ sở: Nhà máy Nhiệt điện Sơn Động.,"Thị trấn Tây Yên Tử, huyện Sơn Động, tỉnh Bắc Giang.",Công ty Nhiệt điện Sơn Động - TKV.,29-10-2024,Hết hạn
4301,GPMT,Dự án: Công ty TNHH TECHTRONIC TOOLS (VIỆT NAM).,"Lô I-14.5, đường D14, Khu công nghệ cao phường Tăng Nhơn Phú, thành phố Thủ Đức, thành phố Hồ Chí Minh.",Công ty TNHH TECHTRONIC TOOLS (VIỆT NAM).,28-10-2024,Hết hạn
4302,GPMT,Dự án: Sản xuất bình ắc quy Xupai Power Việt Nam (giai đoạn 1).,"Nhà xưởng B9.3, đường N8, Khu công nghiệp Thành Thành Công, phường An Hòa, thị xã Trảng Bàng, tỉnh Tây Ninh.",Công ty TNHH Xupai Power Việt Nam.,28-10-2024,Hết hạn
4303,GPMT,Khu công nghiệp Việt Nam – Singapore.,"Phường Bình Hoà, thành phố Thuận An, tỉnh Bình Dương.",Công ty Liên doanh TNHH Khu công nghiệp Việt Nam – Singapore.,28-10-2024,Hết hạn
4304,GPMT,Dự án: BLD VIET NAM PROJECT,"Lô 38, 38-2, Khu công nghiệp Quang Minh, huyện Mê Linh, thành phố Hà Nội.",Công ty TNHH BLD VINA.,28-10-2024,Hết hạn
4305,GPMT,Dự án: Genius Electronics và Shimoda Kogyo liên doanh sản xuất linh kiện điện tử.,"Lô G11, Khu công nghiệp Quế Võ, phường Phương Liễu, thị xã Quế Võ, tỉnh Bắc Ninh.",CÔNG TY TNHH GENIUS SHIMODA (VIỆT NAM).,28-10-2024,Hết hạn
4306,GPMT,"Nhà máy xử lý, tái chế chất thải công nghiệp và chất thải nguy hại – giai đoạn 2.","Lô CN-2605 Khu kinh tế cửa khẩu Hoa Lư, xã Lộc Thạnh, huyện Lộc Ninh, tỉnh Bình Phước.",Công ty TNHH Thương mại Dịch vụ Xử lý môi trường Khải Tiến Phát.,28-10-2024,Hết hạn
4308,GPMT,Cơ sở: Nhà máy sản xuất linh kiện YTG Vina.,"Lô CN4.3A, Khu công nghiệp Đình Vũ, phường Đông Hải 2, quận Hải An, thuộc Khu kinh tế Đình Vũ - Cát Hải, thành phố Hải Phòng.",Công ty TNHH YTG Vina.,28-10-2024,Hết hạn
4297,GPMT,Công ty TNHH Công nghệ Everwin Precision (Việt Nam).,"Khu Công nghiệp Đô thị và Dịch vụ VSIP Nghệ An, xã Hưng Tây, huyện Hưng Nguyên, tỉnh Nghệ An.",Công ty TNHH Công nghệ Everwin Precision (Việt Nam).,24-10-2024,Hết hạn
4276,GPMT,Dự án: Đầu tư xây dựng mới Bệnh viện đa khoa khu vực Củ Chi với quy mô 1.000 giường bệnh.,"Ấp Bàu Tre II, xã Tân An Hội, huyện Củ Chi, thành phố Hồ Chí Minh.",Ban Quản lý dự án đầu tư xây dựng các công trình dân dụng và Công nghiệp thành phố Hồ Chí Minh.,23-10-2024,Hết hạn
4281,GPMT,Dự án: Đầu tư xây dựng và kinh doanh kết cấu hạ tầng cụm công nghiệp Lê Hồ.,"Xã Lê Hồ và xã Đại Cương, huyện Kim Bảng, tỉnh Hà Nam.",Công ty TNHH Đầu tư xây dựng DVTM Việt Phát I.,23-10-2024,Hết hạn
4284,GPMT,"Dự án: Khu xử lý chất thải Quang Trung – Hạng mục ô chôn lấp chất thải nguy hại số 5, 6, 7.","Xã Quang Trung, huyện Thống Nhất, tỉnh Đồng Nai.",Công ty Cổ phần Dịch vụ Sonadezi.,23-10-2024,Hết hạn
4286,GPMT,Dự án: Xây dựng Trường Đại học Y khoa Phạm Ngọc Thạch (cơ sở 2).,"Cụm Y tế Tân Kiên, xã Tân Kiên, huyện Bình Chánh, thành phố Hồ Chí Minh.",Ban Quản lý dự án đầu tư xây dựng các công trình dân dụng và công nghiệp thành phố Hồ Chí Minh.,23-10-2024,Hết hạn
4291,GPMT,Trạm xử lý nước thải hầm lò công suất 600 m3/h mỏ than Mạo Khê.,"Phường Mạo Khê, huyện Đông Triều, tỉnh Quảng Ninh.",Công ty TNHH 1TV Môi trường – TKV.,23-10-2024,Hết hạn
4250,GPMT,Dự án: Sản xuất sản phẩm khóa chốt và dập định hình Boltum Việt Nam.,"Lô CN2.2 và một phần Lô CN2.1, Khu công nghiệp Bắc Tiền phong, thị xã Quảng Yên, tỉnh Quảng Ninh.",Công ty TNHH Quốc tế Boltun.,22-10-2024,Hết hạn
4251,GPMT,Dự án: Nhà máy LCFC,"Lô CN05, Khu công nghiệp Đồng Văn III giai đoạn II, phường Hoàng Đông, thị xã Duy Tiên, tỉnh Hà Nam.",Công ty TNHH LCFC (Việt Nam).,22-10-2024,Hết hạn
4252,GPMT,Dự án: Nhà máy tái chế sản phẩm phụ ngành luyện kim.,"Lô CN02, Khu công nghiệp Nam Cầu Kiền, xã Kiền Bái, huyện Thủy Nguyên, thành phố Hải Phòng.",Công ty Cổ phần Thành Đại Phú Mỹ Hải Phòng.,22-10-2024,Hết hạn
4253,GPMT,Dự án: Đầu tư xây dựng Nhà máy sản xuất linh kiện sản phẩm điện tử và phụ tùng ô tô Ju Teng.,"Lô đất B1, B2, CN-01 Khu công nghiệp Hoàng Mai I, phường Quỳnh Thiện, thị xã Hoàng Mai, tỉnh Nghệ An.",Công ty TNHH Công nghệ điện tử Juteng (Việt Nam).,22-10-2024,Hết hạn
4254,GPMT,"Dự án: Đầu tư xây dựng công trình khai thác mỏ đá vôi làm nguyên liệu sản xuất xi măng tại khu vực T25, T35 xã Thanh Nghị và T12, T14, T17, T18 xã Thanh Thủy, huyện Thanh Liêm, tỉnh Hà Nam.","Khu T25, T35 (khu 1) xã Thanh Nghị và khu T12, T14, T17, T18 (khu 2) xã Thanh Thuỷ, huyện Thanh Liêm, tỉnh Hà Nam.",Công ty Cổ phần Xi măng Thành Thắng Group.,22-10-2024,Hết hạn
4255,GPMT,"Dự án: Thủy điện ĐakRông 4, huyện ĐakRông, tỉnh Quảng Trị.","Xã ĐakRông 4, huyện ĐakRông, tỉnh Quảng Trị.",Công ty TNHH Sơn Hải Thủy điện Quảng Trị.,22-10-2024,Hết hạn
4277,GPMT,Nhà máy sản xuất gia công linh kiện điện tử SDT,"Lô CN 02-5, KCN Bình Xuyên II, thị trấn Bá Hiến, huyện Bình Xuyên, tỉnh Vĩnh Phúc",Công ty TNHH SDT Vina,18-10-2024,Hết hạn
4278,GPMT,Trạm xử lý nước thải mỏ than Na Dương,"phường Cẩm Thủy, thành phố Cẩm Phả, tỉnh Quảng Ninh",Công ty TNHH MTV Môi trường – TKV,18-10-2024,Hết hạn
4279,GPMT,Nhà máy sữa Lam Sơn,"Lô B, KCN Lễ Môn, phường Quảng Hưng, thành phố Thanh Hóa, tỉnh Thanh Hóa.",Công ty Cổ phần Sữa Việt Nam,18-10-2024,Hết hạn
4280,GPMT,Cơ sở sản xuất mô – đun truyền thông không dây của Công ty TNHH XuGuang Technology (Việt Nam),"Nhà xưởng số 04, Lô CN1, KCN An Dương, xã Hồng Phong, huyện An Dương, thành phố Hải Phòng",Công ty TNHH XuGuang Technology (Việt Nam),18-10-2024,Hết hạn
4282,GPMT,Nhà máy Nhiệt điện Hải Phòng (Nhà máy 01) và Nhà máy Nhiệt điện Hải Phòng 02,"Xã Tam Hưng, huyện Thủy Nguyên, thành phố Hải Phòng",Công ty Cổ phần Nhiệt điện Hải Phòng,18-10-2024,Hết hạn
4283,GPMT,Khai thác dầu khí mỏ Rạng Đông - Phương Đông Lô 15-2,"Lô 15-2, bồn trũng Cửu Long, ngoài khơi Đông Nam Việt Nam",Công ty Dầu khí Nhật-Việt (Japan Vietnam Petroleum Co. Ltd),18-10-2024,Hết hạn
4285,GPMT,Nhà máy thủy điện Đak Mi 4,"Huyện Phước Sơn, tỉnh Quảng Nam",Công ty Cổ phần thủy điện Đak Mi,18-10-2024,Hết hạn
4287,GPMT,Thủy điện Tân Lộc,"xã Lộc An, xã Tân Lạc, huyện Bảo Lâm, tỉnh Lâm Đồng",Công ty cổ phần HPD Tân Lộc,18-10-2024,Hết hạn
4288,GPMT,Bến cảng tổng hợp Cái Mép cho tàu trọng tải đến 80.000 DWT (Giai đoạn 1),"Lô 7, KCN Cái Mép, phường Tân Phước, thị xã Phú Mỹ, tỉnh Bà Rịa - Vũng Tàu",CÔNG TY TNHH CẢNG TỎNG HỢP CẢI MÉP,18-10-2024,Hết hạn
4289,GPMT,Công ty Hualon Corporation Việt Nam,"Đường số 319, KCN Nhơn Trạch 2, huyện Nhơn Trạch, tinh Đồng Nai",Công ty Hualon Corporation Việt Nam,18-10-2024,Hết hạn
4290,GPMT,Dự án Desay SIP Việt Nam,"Khu công nghiệp Vân Trung, phường Vân Trung, thị xã Việt Yên, tỉnh Bắc Giang",CÔNG TY TNHH Desay SIP Việt Nam,18-10-2024,Hết hạn
4272,GPMT,Thuỷ điện Nậm Xe,"xã Nậm Xe, huyện Phong Thổ, tỉnh Lai Châu",Công ty Cổ phần SCI Lai Châu,16-10-2024,Hết hạn
4273,GPMT,Thủy điện Nậm Lụm 2,"xã Bản Lang, huyện Phong Thổ, tỉnh Lai Châu",Công ty Cổ phần SCI Lai Châu,16-10-2024,Hết hạn
4274,GPMT,Dự án năng lượng mới Growatt Việt Nam,"Khu kinh tế Đình Vũ – Cát Hải, phường Đông Hải 2, quận Hải An, thành phố Hải Phòng",Công ty TNHH năng lượng mới Growatt Việt Nam,16-10-2024,Hết hạn
4275,GPMT,Công ty Cổ phần Phân bón và Dịch vụ tổng hợp Bình Định,"CCN Diêm Tiêu, thị trấn Phù Mỹ, huyện Phù Mỹ, Bình Định",Công ty Cổ phần Phân bón và Dịch vụ tổng hợp Bình Định,16-10-2024,Hết hạn
4263,GPMT,Nhà máy Telstar Việt Nam,"KCN Vân Trung, xã Vân Trung, huyện Việt Yên, tỉnh Bắc Giang",Công ty TNHH Telstar Việt Nam.,14-10-2024,Hết hạn
4264,GPMT,Cảng Cái Mép Gemadept - Terminal Link (giai đoạn 1),"Khu Phố Tân Lộc, phường Phước  Hòa, huyện Tân Thành, tỉnh Bà Rịa Vũng Tàu",Công ty Cổ phần Cảng Cái Mép Gemadept – Terminal Link,14-10-2024,Hết hạn
4265,GPMT,"Nhà máy sản xuất sợi dệt kết hợp phát triển vùng nguyên liệu cây gai tại xã Cẩm Tú, huyện Cẩm Thủy, tỉnh Thanh Hóa","xã Cẩm Tú, huyện Cẩm Thủy, tỉnh Thanh Hóa",Công ty CP đầu tư phát triển sản xuất & xuất nhập khẩu An Phước,14-10-2024,Hết hạn
4266,GPMT,Cụm công nghiệp Quảng Lãng-Đặng Lễ,"xã Quảng Lãng và xã Đặng Lễ, huyện Ân Thi, tỉnh Hưng Yên.",Công ty cổ phần dịch vụ thương mại và phát triển hạ tầng Hưng Yên.,14-10-2024,Hết hạn
4267,GPMT,Thủy điện Sông Lô 2 (công suất 28 MW),"Xã Đạo Đức và xã Phú Linh, huyện Vị Xuyên, tỉnh Hà Giang",Công ty TNHH thủy điện Sông Lô 2,14-10-2024,Hết hạn
4269,GPMT,"Gia công, sản xuất thiết bị điện thoại di động Tinno","Khu công nghiệp An Dương, xã Hồng Phong, huyện An Dương, thành phố Hải Phòng",Công ty TNHH TINNO Việt Nam,14-10-2024,Hết hạn
4270,GPMT,Nhà Máy Xay Lúa Mì InterAour- Công ty TNHH InterAour Việt Nam,"KCN Cái Mép, phường Tân Phước, thị xã Phú Mỹ, tỉnh Bà Rịa - Vũng Tàu.",Công ty TNHH Interílour Việt Nam,14-10-2024,Hết hạn
4271,GPMT,Công ty Cổ phần Bia Nước giải khát Cần Thơ,"Số 586, đường 30/4, P. Hưng Lợi, Q. Ninh Kiều, TP. Cần Thơ.",Công ty Cổ phần Bia Nước giải khát Cần Thơ,14-10-2024,Hết hạn
4231,GPMT,"Nhà máy xử lý chất thải công nghiệp, dầu khí và chất thải nguy hại của Công ty TNHH Xử lý môi trường sạch Việt Nam","Lô 2, Khu xử lý chất thải tập trung Tóc Tiên, xã Tóc Tiên, thị xã Phú Mỹ, tỉnh Bà Rịa – Vũng Tàu",Công ty TNHH Xử lý môi trường sạch Việt Nam,10-10-2024,Hết hạn
4232,GPMT,"Công ty TNHH Sản xuất First Solar Việt Nam (Nhà máy sản xuất mô-đun quang điện mặt trời, công suất 9.125.000 sản phẩm/năm; Sản xuất thủy tinh vụn có nguồn gốc từ mô-đun quang điện mặt trời, công suất 15.000 tấn sản phẩm/năm; Sản xuất hóa chất có nguồn gốc từ mô-đun quang điện mặt trời, công suất 146 tấn sản phẩm/năm)","Lô AI và A2, đường D10, KCN Đông Nam, xã Bình Mỹ, huyện Củ Chi, Tp. Hồ Chí Minh",Công ty TNHH Sản xuất First Solar Việt Nam,10-10-2024,Hết hạn
4233,GPMT,Thủy điện Sông Liên 1 của Công ty TNHH Thủy điện Sông Liên,"Xã Ba Cung, Ba Vinh, Ba Thành, Ba Động, huyện Ba Tơ, tỉnh Quảng Ngãi",Công ty TNHH Thủy điện Sông Liên,10-10-2024,Hết hạn
4234,GPMT,"Khu Liên hợp xử lý chất thải sinh hoạt, chất thải công nghiệp và sản xuất phân hữu cơ của Công ty Cổ phần Môi trường xanh Pedaco","Thôn Tân Lý 1, Xã Tân Bình, thị xã La Gi, tỉnh Bình Thuận.",Công ty Cổ phần Môi trường xanh Pedaco,10-10-2024,Hết hạn
4235,GPMT,Nhà máy Công Nghệ Luxshare (Việt Nam),"Số 03, đường số 12, Khu Công nhiệp VSIP Nghệ An, Thị trấn Hưng Nguyên, Huyện Hưng Nguyên, Tỉnh Nghệ An",Công ty TNHH Công nghệ Luxshare (Việt Nam),10-10-2024,Hết hạn
4236,GPMT,Khu công nghiệp Hoà Xá,"thành phố Nam Định, tỉnh Nam Định.",Trung tâm Phát triển hạ tầng và Tư vấn đầu tư khu công nghiệp tỉnh Nam Định.,10-10-2024,Hết hạn
4237,GPMT,"Nhà máy sản xuất da thuộc thành da thành phẩm (nâng công suất từ 72.000.000 ft2/năm lên 96.000.000 ft2/năm, tương đương 9.408 tấn/năm)","Lô V2, KCN Mỹ Xuân A2, phường Mỹ Xuân, thị xã Phú Mỹ, Bà Rịa - Vũng Tàu.",Công ty TNHH Prime Asia (Việt Nam).,10-10-2024,Hết hạn
4262,GPMT,Nhà máy Công nghệ chính xác Fuyu,"Lô M1, Lô F và Lô T1, KCN Quang Châu, thị xã Việt Yên, tỉnh Bắc Giang",Công ty TNHH Công nghệ chính xác Fuyu,10-10-2024,Hết hạn
4221,GPMT,Đầu tư xây dựng và kinh doanh hạ tầng Cụm công nghiệp Thụy Sơn,"xã Thụy Sơn huyện Thái Thụy, tỉnh Thái Bình",Công ty TNHH Đầu tư phát triển và xây dựng Việt Hàn,04-10-2024,Hết hạn
4222,GPMT,Cảng dầu B12 và Trụ sở Petrolimex Quảng Ninh,Khu I – phường Bãi Cháy – thành phố Hạ Long – tỉnh Quảng Ninh,Công ty Xăng dầu B12,04-10-2024,Hết hạn
4223,GPMT,Dự án mở rộng đầu tư sản xuất sản phẩm linh kiện dán bề mặt SMD (lần 2),"Lô đất số Bl, KCN Thăng Long, huyện Yên Mỹ, tỉnh Hưng Yên",Công ty TNHH Kyocera Việt Nam,04-10-2024,Hết hạn
4224,GPMT,Dự án Dongkwang của Công ty TNHH Dongkwang,"Lô B6-1, KCN Bá Thiện II, xã Thiện Kế, huyện Bình Xuyên, tỉnh Vĩnh Phúc.",Công ty TNHH Dongkwang,04-10-2024,Hết hạn
4225,GPMT,Nhà máy Unictron của Công ty TNHH Công nghệ Unictron Việt Nam,"Lô CN- 06, Khu công nghiệp Đồng Văn IV, Xã Đại Cương, Huyện Kim Bảng, tỉnh Hà Nam",Công ty TNHH Công nghệ Unictron Việt Nam,04-10-2024,Hết hạn
4226,GPMT,Nhà máy nước giải khát Việt Nam của Công ty cổ phần sữa Việt Nam,"Lô A (A_9_CN và A_2_CN, Khu công nghiệp Mỹ Phước 2, phường Mỹ Phước, thành phố Ben Cát, tỉnh Binh Dương",Công ty cổ phần sữa Việt Nam,04-10-2024,Hết hạn
4227,GPMT,Khu du lịch BaNa Hills Resort and Residence,"xã Hòa Ninh và xã Hòa Phú, huyện Hòa Vang, thành phố Đà Nẵng",Công ty Cổ phần Dịch vụ cáp treo Bà Nà,04-10-2024,Hết hạn
4228,GPMT,Nhà máy sản xuất hạt nhựa và các săn phẩm nhựa - giai đoạn 1: Quy mô công suất 100.000 tấn hạt nhựa/năm của Công ty TNHH Vinatic Hài Phòng,"Lô CN4, KCN Nam Cầu Kiền, xã Kiền Bái, huyện Thúy Nguyên, Hải Phòng",Công ty TNHH Vinatic Hài Phòng,04-10-2024,Hết hạn
4229,GPMT,Dự án hệ thống lắp ráp Pin Li-ion và pin Ni-MH Việt Nam (giai đoạn 1) của Công ty TNHH Khoa học kỹ thuật Exquisite Power Việt Nam,"Lô đất CN5-05B, Khu công nghiệp Nam Đình Vũ (Khu I), phường Đông Hải 2, quận Hải An, thuộc khu kinh tế Đình Vũ – Cát Hải, thành phố Hải Phòng",Công ty TNHH Khoa học kỹ thuật Exquisite Power Việt Nam,04-10-2024,Hết hạn
4209,GPMT,Công ty TNHH East West Industrial Việt Nam Công suất 50.882.200 sản phẩm/năm,"KCN Việt Nam - Singapore II, phường Hòa Phú, thành phố Thủ Dầu Một, tỉnh Bình Dương",Công ty TNHH East West Industrial Việt Nam,03-10-2024,Hết hạn
4210,GPMT,Nhà máy Vinatech Nham Sơn Yên Lư – Giai đoạn 1,"Lô CNHT-02, Cụm công nghiệp Nham Sơn – Yên Lư và thôn Long Trường Vân, xã Yên Lư, huyện Yên Dũng, tỉnh Bắc Giang",Công ty TNHH Vinatech Vina,03-10-2024,Hết hạn
4211,GPMT,Dự án đầu tư dây chuyền in phủ kính chì cho linh kiện dán bề mặt SMD,"Lô B-L Khu công nghiệp (KCN) Thăng Long II, huyện Yên Mỹ, tinh Hưng Yên",Công ty TNHH Kyocera Việt Nam,03-10-2024,Hết hạn
4212,GPMT,Nhà máy sản xuất và gia công các sản phẩm nhôm của Công ty cổ phần thương mại Phương Trung,"KCN Gia Lộc, huyện Gia Lộc, tỉnh Hải Dương",Công ty cổ phần thương mại Phương Trung,03-10-2024,Hết hạn
4213,GPMT,Nhà máy Stronics Vân Trung,"Lô CN-17, Khu công nghiệp Vân Trung, phường Vân Trung, thị xã Việt Yên, tỉnh Bắc Giang.",Công ty TNHH Blueway Vina,03-10-2024,Hết hạn
4198,GPMT,Nhà máy luyện và cán thép Việt Ý tại Hải Phòng,"Xã Hoàng Động và Xã Kiền Bái, Huyện Thủy Nguyên, Thành phố Hải Phòng",Công ty cổ phần Thép Việt – Ý,27-09-2024,Hết hạn
4199,GPMT,Nhà máy sản xuất dây điện bằng nhôm và bằng đồng dùng trong ngành sản xuất ô tô của Công ty TNHH dây cáp điện ô tô Sumiden Việt Nam,"ô XN7 thuộc KCN Đại An mở rộng, thị trấn Lai Cách, huyện Cẩm Giàng, tỉnh Hải Dương",Công ty TNHH dây cáp điện ô tô Sumiden Việt Nam,27-09-2024,Hết hạn
4200,GPMT,"Khai thác - chế biến đá xây dựng mỏ đá Lô 14 núi Thị Vải, xã Tóc Tiên, thị xã Phú Mỹ, tỉnh Bà Rịa – Vũng Tàu","Ấp 6, xã Tóc Tiên, Thị xã Phú Mỹ, tỉnh Bà Rịa - Vũng Tàu",Công ty TNHH Khai thác - Sản xuất VLXD Thuận Lập,27-09-2024,Hết hạn
4201,GPMT,Đầu tư xây dựng và kinh doanh cơ sở hạ tầng khu công nghiệp Dầu Giây,"Thị trấn Dầu Giây, Huyện Thống Nhất, tỉnh Đồng Nai",Công ty Cổ phần khu công nghiệp Dầu Giây,27-09-2024,Hết hạn
4202,GPMT,"Khu vui chơi giải trí, nhà ở và công viên sinh thái đảo Vũ Yên của Tập đoàn Vingroup","Tại đảo Vũ Yên, quận Hải An và huyện Thủy Nguyên, thành phố Hải Phòng",Tập đoàn Vingroup - Công ty CP,27-09-2024,Hết hạn
4203,GPMT,"Khu vui chơi giải trí, nhà ở và công viên sinh thái đảo Vũ Yên của Tập đoàn Vingroup","Tại đảo Vũ Yên, quận Hải An và huyện Thủy Nguyên, thành phố Hải Phòng",Tập đoàn Vingroup - Công ty CP,27-09-2024,Hết hạn
4204,GPMT,Nhà máy điện tử BYD Việt Nam,"Lô CN-2A trong Khu công nghiệp Phú Hà, xã Hà Lộc, thị xã Phú Thọ, tỉnh Phú Thọ.",Công ty TNHH Điện tử BYD (Việt Nam),27-09-2024,Hết hạn
4205,GPMT,Dự án Nhà máy Uniben,"số 32 VSIP II-A, đường số 30, KCN Việt Nam – Singapore II-A, phường Vĩnh Tân, thành phố Tân Uyên, tỉnh Bình Dương",Công ty cổ phần Uniben,27-09-2024,Hết hạn
4206,GPMT,Thủy điện Đăk Pru 1,"Làng Đăk Nhoong, xã Dăk Nhoong và làng Đăk Đoát, xã Đăk Pek. huyện Đăk Glei, tỉnh Kon Tum",Công ty Cổ phần thủy điện Đăk Glei,27-09-2024,Hết hạn
4207,GPMT,Sam Hwa Yang Heng Vina - 2 của Công ty TNHH Sam Hwa Yang Heng Vina,"Lô CN 3, KCN Điềm Thuỵ, xã Điềm Thụy, huyện Phú Bình, tỉnh Thái Nguyên",Công ty TNHH Sam Hwa Yang Heng Vina,27-09-2024,Hết hạn
4208,GPMT,"Khu phố thương mại, dịch vụ tổng hợp và công viên khoáng nóng Wyndham Thanh Thủy","xã Bảo Yên, huyện Thanh Thủy, tỉnh Phú Thọ",Công ty Cổ phần Khoáng nóng Thanh Thủy,27-09-2024,Hết hạn
4167,GPMT,Nhà máy Dongyang Electronics - mở rộng,"Lô CN4, khu số 1, KCN Bá Thiện, huyện Bình Xuyên, tỉnh Vĩnh Phúc",Công ty TNHH Dongyang Electronics Việt Nam,24-09-2024,Hết hạn
4168,GPMT,"Đầu tư cải tạo, nâng công suất khai thác mỏ đả vôi Văn Xá.","Phường Hương Văn, thị xã Hương Trà, tỉnh Thừa Thiên Huế",Công ty Hữu hạn Ximăng Luks (Việt Nam).,24-09-2024,Hết hạn
4169,GPMT,Trạm xử lý nước thải mỏ Núi Béo,"phường Hà Tu thuộc thành phố Hạ Long, tỉnh Quảng Ninh",Công ty TNHH MTV Môi trường - TKV,24-09-2024,Hết hạn
4170,GPMT,Công ty TNHH Amphenol Communication Electronics Việt Nam,"Nhà xưởng số 1, Lô CN2-4 và CN9-7, Khu công nghiệp Yên Phong (Khu mở rộng), Xã Yên Trung, huyện Yên Phong, tỉnh Bắc Ninh",Công ty TNHH Amphenol Communication Electronics Việt Nam,24-09-2024,Hết hạn
4171,GPMT,Nhà máy xử lý và tái chế chất thải Dung Ngọc,"Lô số B9, Khu xử lý chất thải tập trung Tóc Tiên, Thị xã Phú Mỹ",Công ty TNHH Dung Ngọc,24-09-2024,Hết hạn
4172,GPMT,Khu công nghiệp MP Đình Vũ,"phường Đông Hải 2, quận Hải An, thuộc Khu kinh tế Đình Vũ - Cát Hải, thành phố Hải Phòng.",Công ty cổ phần đầu tư bất động sản Minh Phương,24-09-2024,Hết hạn
4164,GPMT,"Công ty Trách nhiệm hữu hạn Rượu Thực phẩm (Nhà máy tại Lô BI-01- 02-03a-04a sản xuất cơm rượu, rượu thực phẩm, rượu Shochu, cồn, gia vị nấu ĕn và cồn muối, công suất 7.550.000 lít sản phẩm/nĕm; Nhà máy tại Lô I, số 04b-06a sản xuất dấm, nước sốt, nước chấm công suất 100 tấn sản phẩm/năm)","Lô BI-01-02-03a-04a (Nhà máy 1) và Lô I, số 04b-06a (Nhà máy 2), đường số 8, KCX Tân Thuận, phường Tân Thuận Đông, Quận 7, Tp.HCM",Công ty trách nhiệm hữu hạn Rượu Thực phẩm,20-09-2024,Hết hạn
4165,GPMT,Nhà máy Fukang Technology,"Lô I và J,  KCN Quang Châu, thị xã Việt Yên, tỉnh Bắc Giang",Công ty TNHH Fukang Technology,20-09-2024,Hết hạn
4166,GPMT,Bệnh viện Đa khoa Thống Nhất,"Số 234 Quốc lộ 1, phường Tân Biên, thành phố Biên Hoà, tỉnh Đồng Nai",Bệnh viện Đa khoa Thống Nhất,20-09-2024,Hết hạn
4163,GPMT,DDự án đầu tư xây dựng kinh doanh kết cấu hạ tầng kỹ thuật Khu công nghiệp Thuận Thành III - phân khu B (giai đoạn 1).,"Xã Đình Tổ và các phường Gia Đông, phường Thanh Khương, phường Song Hồ - thị xã Thuận Thành, tỉnh Bắc Ninh",Công ty Cổ phần Đầu tư Trung Quý – Bắc Ninh,19-09-2024,Hết hạn
4162,GPMT,"Đầu tư khai thác và chế biến mỏ đá xây dựng Xuân Hòa, xã Xuân Hòa, huyện Xuân Lộc, tỉnh Đồng Nai","xã Xuân Hòa, huyện Xuân Lộc, tỉnh Đồng Nai.",Tổng Công ty cổ phần Phát triển Khu Công nghiệp.,18-09-2024,Hết hạn
4157,GPMT,"Nhà máy sản xuất đồ nhôm, inox gia dụng và gạch không nung của Công ty TNHH Anh Tường","phường Dị Sử, thị xã Mỹ Hào, tỉnh Hưng Yên",Công ty TNHH Anh Tường,16-09-2024,Hết hạn
4158,GPMT,Nhà máy nhiệt điện BOT Hải Dương (Bao gồm “Dự án nhà máy nhiệt điện Hải Dương 1.200 MW” và “Nhà máy nhiệt điện Hải Dương – Hạng mục cảng chuyên dụng”),"xã Quang Thành, thị xã Kinh Môn, tỉnh Hải Dương",Công ty TNHH Điện tử Jaks Hải Dương,16-09-2024,Hết hạn
4159,GPMT,Dự án khu nghỉ dưỡng Mù Cang Chải (Mù Cang Chải Resort),"xã Chế Cu Nha, xã La Pán Tẩn, huyện Mù Cang Chải, tỉnh Yên Bái.",CÔNG TY CỔ PHẦN PHÁT TRIỂN DU LỊCH XANH MINH ĐỨC.,16-09-2024,Hết hạn
4160,GPMT,Nhà máy luyện cán thép của Công ty Cổ phần thép VAS Tuệ Minh,"Lô A5, đường D2, Khu công nghiệp KSB (Khu B), xã Đất Cuốc, huyện Bắc Tân Uyên, tỉnh Bình Dương",Công ty Cổ phần thép VAS Tuệ Minh,16-09-2024,Hết hạn
4161,GPMT,Nhà máy Dong Hwan Electronic Vina của Công ty TNHH Dong Hwan Electronic Vina,"Lô CN 08-1, KCN Bình Xuyên II, thị trấn Bá Hiến, huyện Bình Xuyên, tỉnh Vĩnh Phúc",Công ty TNHH Dong Hwan Electronic Vina,16-09-2024,Hết hạn
3171,GPMT,Công ty TNHH Sản phẩm Công nghiệp Toshiba Asia của Công ty TNHH Sản phẩm Công nghiệp Toshiba Asia,"KCN Long Bình (Amata), Thành Phố Biên Hòa, Tỉnh Đồng Nai",Công ty TNHH Sản phẩm Công nghiệp Toshiba Asia,12-09-2024,Hết hạn
3172,GPMT,Nhà máy Công ty TNHH Phoenix Electronics Technology (Việt Nam),"Nhà xưởng H và G, lô X2, KCN Hố Nai, Xã Hố Nai 3, Huyện Trảng Bom, Tỉnh Đồng Nai",Công ty TNHH Phoenix Electronics Technology (Việt  Nam),12-09-2024,Hết hạn
3173,GPMT,Nhà máy sản xuất dầu nhờn công suất 30.000 tấn/năm của Công ty TNHH TotalEnergies Marketing Việt Nam,"Lô số 3, KCN Gò Dầu, xã Phước Thái, huyện Long Thành, tỉnh Đồng Nai.",Công ty TNHH TotalEnergies Marketing Việt Nam,12-09-2024,Hết hạn
3174,GPMT,"Khu công nghiệp Thành Thành Công, quy mô 760 ha của Công ty Cổ phần Khu công nghiệp Thành Thành Công","Khu phố An Hội, phường An Hòa, thị xã Trảng Bàng, tỉnh Tây Ninh",Công ty Cổ phần Khu công nghiệp Thành Thành Công,12-09-2024,Hết hạn
3175,GPMT,Xây dựng và kinh doanh hạ tầng Khu công nghiệp Tam Phước của Công ty Cổ phần phát triển Khu công nghiệp Tín Nghĩa,"KCN Tam Phước, đường số 6, Phường Tam Phước, Thành phố Biên Hòa, Tỉnh Đồng Nai.",Công ty Cổ phần phát triển Khu công nghiệp Tín Nghĩa,12-09-2024,Hết hạn
3176,GPMT,Nhà máy sản xuất bia Sài Gòn – Nghệ Tĩnh công suất 50 triệu lít/năm,"Số 54 đường Phan Đăng Lưu, Phường Trường Thi, Thành phố Vinh, Tỉnh Nghệ An.",Công ty Cổ phần bia Sài Gòn – Nghệ Tĩnh.,12-09-2024,Hết hạn
3177,GPMT,Nhà máy cồn tinh bột sắn Đăk Tô,"Thôn I. xã Tân Cành, huyện Đắk Tô, tỉnh Kon Tum",Công ty Cổ phần thực phẩm Quảng Ngãi,12-09-2024,Hết hạn
3159,GPMT,Thủy điện Pa Ke của Công ty Cổ phần Sông Đà 9,"Xã Lùng Cải, huyện Bắc Hà; xã Sán Chải, xã Lùng Thẩn, huyện Si Ma Cai, tỉnh Lào Cai và Xã Pà Vầy Sủ, xã Chí Cà, xã Cốc Pài, xã Nàn Ma, xã Thèn Phàng, huyện Xín Mần, tỉnh Hà Giang",Công ty Cổ phần Sông Đà 9,09-09-2024,Hết hạn
3160,GPMT,"Trang trại chăn nuôi heo khép kín công nghệ cao và sản xuất giống cây trồng tại xã Thanh Xuân, huyện Như Xuân, tỉnh Thanh Hóa (Công suất: 2.400 con heo nái và 24.000 con heo thịt/lứa; khoảng 02 triệu tấn/năm giống cây trồng và hoa)","xã Thanh Xuân, huyện Như Xuân, tỉnh Thanh Hóa.",Công ty TNHH công nghệ xanh G8,09-09-2024,Hết hạn
3161,GPMT,Thủy điện Krông Nô 3 của Công ty Cổ phần Thủy điện Trung Nam Krông Nô,"Nhà máy thủy điện Krông Nô 3 với công suất lắp máy là 18MW tại xã Đạ Tông, huyện Đam Rông, tỉnh Lâm Đồng và xã Krông Nô, huyện Lắk, tỉnh Đắk Lắk",Công ty Cổ phần Thủy điện Trung Nam Krông Nô,09-09-2024,Hết hạn
3169,GPMT,"Nhà máy xử lý, tái chế, tiêu hủy chất thải rắn và chất thải lỏng công nghiệp nguy hại của Công ty TNHH Sản xuất Thương mại Dịch vụ Môi trường Việt Xanh.","Lô N1, đường N8, Khu công nghiệp Nam Tân Uyên, Phường Khánh Bình, thành phố Tân Uyên, tỉnh Bình Dương",Công ty TNHH Sản xuất Thương mại Dịch vụ Môi trường Việt Xanh.,09-09-2024,Hết hạn
3170,GPMT,Mỏ than Vang Danh - Dự án đầu tư khai thác phần lò giếng mức ±0 ÷ -175 khu Vàng Danh,"mỏ than Vàng Danh, phường Vàng Danh, thành phố Uông Bí, tỉnh Quảng Ninh",Công ty Cổ phần Than Vàng Danh – Vinacomin.,09-09-2024,Hết hạn
3158,GPMT,Nhà máy Công ty TNHH Công nghệ Chuyển động Nextgen (Việt Nam).,"Xưỏng E-04 đường số 6, Khu công nghiệp Hố Nai - Giai đoạn 2, Phường Phước Tân, Thành phố Biên Hòa, Tỉnh Đồng Nai",Công ty TNHH Công nghệ Chuyển động Nextgen (Việt Nam).,04-09-2024,Hết hạn
3162,GPMT,Nhà máy Ajinomoto Biên Hòa của Công ly Ajinomoto Việt Nam,"KCN Biên Hòa I phường An Binh, thành phố Biên Hòa. tỉnh Đồng Nai.",Công ly Ajinomoto Việt Nam,04-09-2024,Hết hạn
3163,GPMT,Khu đô thị mới lấn biển Tây Bắc của Công ty Cổ phần Tập đoàn Tư vấn Đầu tư Xây dựng Kiên Giang,"phường Vinh Thanh, phường Vĩnh Quang, thành phố Rạch Giá, tình Kiên Giang",Công ty Cổ phần Tập đoàn Tư vấn Đầu tư Xây dựng Kiên Giang,04-09-2024,Hết hạn
3164,GPMT,"Khu Công Nghiệp Thành Hải, tỉnh Ninh Thuận","Khu công nghiệp Thành Hải thuộc địa bàn xã Thành Hải và phường Văn Hải, thành phố Phan Rang- Tháp Chàm, tỉnh Ninh Thuận",Trung tâm Khai thác hạ tầng và Hỗ trợ đầu tư,04-09-2024,Hết hạn
3165,GPMT,Thủy điện Krông Nô 2 của Công ty Cổ phần Thủy điện Trung Nam Krông Nô,"xã Đưng K’nớ, huyện Lạc Dương; tỉnh Lâm Đồng và xã Krông Nô, huyện Lắk, tỉnh Đắk Lắk",Công ty Cổ phần Thủy điện Trung Nam Krông Nô,04-09-2024,Hết hạn
3166,GPMT,Thủy điện Đồng Nai 2 của Công ty Cổ phần Thủy điện Trung Nam,"thôn 2, xã Tân Thƣợng, huyện Di Linh tỉnh Lâm Đổng",Công ty Cổ phần Thủy điện Trung Nam,04-09-2024,Hết hạn
3167,GPMT,Công ty TNHH Magnetec Việt Nam (Phân kỳ I) của Công ty TNHH Magnetec Việt Nam,"Khối B-1 và khối B-2, thuộc lô CN4-01, Khu phi thuế quan và KCN Nam Đình Vũ, thuộc Khu kinh tế Đình Vũ - Cát Hải,  phường Đông Hải 2, quận Hải An, thành phố Hải Phòng",Công ty TNHH Magnetec Việt Nam,04-09-2024,Hết hạn
3168,GPMT,Nhà máy sản xuất kim loại nhôm Xintai của Công ty TNHH Xintai Aluminum Việt Nam,"xã Ngọc Long, huyện Yên Mỹ, tỉnh Hưng Yên",Công ty TNHH Xintai Aluminum Việt Nam,04-09-2024,Hết hạn
3109,GPMT,Nâng công suất nhà máy chế biến mủ cao su SVR3L từ 9.500 tấn sản phẩm/năm lên 20.000 tấn sản phẩm/năm và đầu tư mới dây chuyền sản xuất mủ latex 5.000 tấn sản phẩm/năm của Công ty TNHH Sản xuất Thương mại Toàn Năng,"Số 46, đường ĐH 501, ấp Đồng Tâm, xã Tam Lập, huyện Phú Giáo, tỉnh Bình Dương.",Công ty TNHH Sản xuất Thương mại Toàn Năng,30-08-2024,Hết hạn
3110,GPMT,Dự án đầu tư sản xuất và thương mại công nghệ Pin lithium của Công ty TNHH giải pháp năng lượng công nghệ cao V-G,"ô CN4 -5 thuộc Quy hoạch phân khu xây dựng Khu công nghiệp trung tâm lô CN4, CN5, Khu kinh tế Vũng Áng, tỉnh Hà Tĩnh",Công ty TNHH giải pháp năng lượng công nghệ cao V-G,30-08-2024,Hết hạn
3111,GPMT,“Nhà máy chế biến mủ cao su Quốc Toản” (sản xuất mủ SVR 3L công suất 15.000 tấn sản phẩm/năm và mủ tạp SVR 10 công suất 20.000 tấn sản phẩm/năm),"ấp Tân Minh, xã Minh Thạnh, huyện Dầu Tiếng, tỉnh Bình Dương",Công ty TNHH Sản xuất Thương mại Quốc Toản,30-08-2024,Hết hạn
3112,GPMT,Đầu tư xây dựng và kinh doanh hạ tầng kỹ thuật Khu công nghiệp Mỹ Phước 2 của Tổng Công ty Đầu tư và Phát triển Công nghiệp - CTCP,"phường Mỹ Phước, thành phố Bến Cát, tỉnh Bình Dương",Tổng Công ty Đầu tư và Phát triển Công nghiệp - CTCP,30-08-2024,Hết hạn
3113,GPMT,"Nhà máy sản xuất nước giải khát của chi nhánh công ty TNHH Nước giải khát Coca - Cola Việt Nam tại Long An - Giai đoạn 1, công suất 1.030 triệu lít sản phẩm/năm","lô C6-2, C11-1, C12, C13, C14, C15, C16 và C17- 1 đường Dọc 2, KCN Phú An Thạnh, xã An Thạnh, huyện Bến Lức, tỉnh Long An",Công ty TNHH Nước giải khát Coca - Cola Việt Nam,30-08-2024,Hết hạn
3122,GPMT,Khu Du lịch Bình Tiên của Công ty Cổ phần đầu tư và Du lịch Bình Tiên,"Khu Du lịch Bình Tiên, thôn Bình Tiên, xã Công Hải, huyện Thuận Bắc, tỉnh Ninh Thuận",Công ty Cổ phần đầu tư và Du lịch Bình Tiên,30-08-2024,Hết hạn
3114,GPMT,Thủy điện Bắc Hà của Công ty Cổ phần Thủy điện Bắc Hà,"xã Cốc Ly, huyện Bắc Hà, tỉnh Lào Cai",Công ty Cổ phần Thủy điện Bắc Hà,26-08-2024,Hết hạn
3115,GPMT,Nhà máy sản xuất hợp kim đặc chủng Lionas Metals của Công ty TNHH Lionas Metals,"Khu kinh tế Nghi Sơn, Phường Hải Thượng, Thị xã Nghi Sơn, tỉnh Thanh Hóa",Công ty TNHH Lionas Metals,26-08-2024,Hết hạn
3116,GPMT,Mỏ đá vôi Hoàng Mai A - Công ty xi măng Nghi Sơn,thị xã Hoàng Mai - tỉnh Nghệ An,Công ty xi măng Nghi Sơn,26-08-2024,Hết hạn
3117,GPMT,Nhà máy Lix - Bắc Ninh của Công ty Cổ phần Bột giặt Lix.,"Lô II-1.1, Khu công nghiệp Quế Võ 2, xá Ngọc Xá, thị xã Quế Võ, tỉnh Bắc Ninh.",Công ty Cổ phần Bột giặt Lix.,26-08-2024,Hết hạn
3118,GPMT,Dự án Công nghệ Goodwe Việt Nam của Công ty TNHH Công nghệ Goodwe Việt Nam,"Nhà xưởng và Văn phòng thuê lại của Công ty TNHH Phát triển Hậu cần BW Hải An tại Nhà Xưởng A1, A2, Lô đất CN1N, Khu công nghiệp và dịch vụ Hàng hải (Deep C2B), thuộc Khu Kinh tế Đình Vũ - Cát Hải, phường Đông Hải 2, quận Hảỉ An, thành phố Hải Phòng",Công ty TNHH Công nghệ Goodwe Việt Nam,26-08-2024,Hết hạn
3119,GPMT,Dự án Công nghệ Goodwe Việt Nam của Công ty TNHH Công nghệ Goodwe Việt Nam,"Nhà xưởng và Văn phòng thuê lại của Công ty TNHH Phát triển Hậu cần BW Hải An tại Nhà Xưởng A1, A2, Lô đất CN1N, Khu công nghiệp và dịch vụ Hàng hải (Deep C2B), thuộc Khu Kinh tế Đình Vũ - Cát Hải, phường Đông Hải 2, quận Hảỉ An, thành phố Hải Phòng",Công ty TNHH Công nghệ Goodwe Việt Nam,26-08-2024,Hết hạn
3120,GPMT,Nhà máy xi măng Bỉm Sơn của Công ty Cổ phần Xi măng Bỉm Sơn.,"Phường Ba Đình, thị xã Bỉm Sơn, tỉnh Thanh Hóa.",Công ty Cổ phần Xi măng Bỉm Sơn.,26-08-2024,Hết hạn
3121,GPMT,Thủy điện Huội Quảng của Công ty Thủy điện Huội Quảng - Bản Chát,"huyện Than Uyên, tỉnh Lai Châu và huyện Mường La, tỉnh Sơn La.",Công ty Thủy điện Huội Quảng - Bản Chát,26-08-2024,Hết hạn
3123,GPMT,Cơ sở Suntory PepsiCo Đồng Nai của Công ty TNHH nước giải khát Suntory PepsiCo Việt Nam,"Lô 206, KCN Amata, thành phố Biên Hòa, tỉnh Đồng Nai.",Công ty TNHH nước giải khát Suntory PepsiCo Việt Nam,26-08-2024,Hết hạn
3124,GPMT,Dự án sản xuất thiết bị điện tử Tử Kiến Việt Nam của Công ty TNHH VDL Electronics (Việt Nam),"Lô CN7, Khu công nghiệp Điềm Thụy (Khu A), phường Hồng Tiến, thành phố Phổ Yên, tỉnh Thái Nguyên",Công ty TNHH VDL Electronics (Việt Nam),26-08-2024,Hết hạn
3125,GPMT,Bến số 1 - Cảng tổng hợp Dung Quất của Công ty CP Cảng Quốc tể Gemadept - Dung Quất,khu kinh tế Dung Quất và khu kinh tế mở Chu Lai,Công ty CP Cảng Quốc tể Gemadept - Dung Quất,26-08-2024,Hết hạn
3126,GPMT,"Điều chỉnh Nhà máy bia công suất 1.100 triệu lít/năm, giai đoạn 1.100 triệu lít/năm","khu công nghiệp Mỹ Xuân A, phƣờng Mỹ Xuân, thị xã Phú Mỹ, tỉnh Bà Rịa – Vũng Tàu",CHI NHÁNH SỐ 2 - CÔNG TY TNHH NHÀ MÁY BIA HEINEKEN VIỆT NAM – VŨNG TÀU,23-08-2024,Hết hạn
3128,GPMT,Sản xuất Nylon các loại công suất 93.000 tấn/năm (trong đó: hạt Chip Nylon 54.000 tấn/năm và Sợi Nylon 39.000 tấn/năm) của Nhà máy Sợi nhân tạo 2,"Khu công nghiệp Nhơn Trạch III, thị trấn Hiệp Phước, huyện Nhơn Trạch, tỉnh Đồng Nai",Công ty TNHH Hưng Nghiệp Formosa,23-08-2024,Hết hạn
3129,GPMT,Dự án Công ty TNHH Lucent Trans Việt Nam – Phân kỳ I của Công ty TNHH Lucent Trans Việt Nam,"Nhà xưởng thuê của Công ty TNHH Kdevina, Lô L7.3A KCN Đồ Sơn Hải Phòng, quận Đồ Sơn, thành phố Hải Phòng",Công ty TNHH Lucent Trans Việt Nam,23-08-2024,Hết hạn
3130,GPMT,Lò đốt chất thải y tế công suất 200kg/giờ của Công ty TNHH MTV Môi trường đô thị Hải Phòng.,"Khu liên hợp xử lý chất thải Tràng Cát trên địa bàn phường Tràng Cát, quận Hải An, thành phố Hải Phòng",Công ty TNHH MTV Môi trường đô thị Hải Phòng.,23-08-2024,Hết hạn
3099,GPMT,Nhà máy sản xuất phôi thép và sản xuất sản phẩm thép cán nóng của Công ty TNHH Thép Tung Ho Việt Nam,"Khu công nghiệp Phú Mỹ II, Thị xã Phú Mỹ, Tỉnh Bà Rịa - Vũng Tàu.",Công ty TNHH Thép Tung Ho Việt Nam,19-08-2024,Hết hạn
3100,GPMT,Nhà máy Nhiệt điện BOT Vũng Áng II (giai đoạn 1) của Công ty TNHH Nhiệt Điện Vũng Áng II (VAPCO),"Xã Kỳ Lợi, phường Kỳ Trinh và phường Kỳ Long, thị xã Kỳ Anh, tỉnh Hà Tĩnh..",Công ty TNHH Nhiệt Điện Vũng Áng II (VAPCO),19-08-2024,Hết hạn
3101,GPMT,Dự án số 1 Khu đô thị Trung tâm thành phố Thanh Hóa của Tập đoàn Vingroup,"phường Đông Hương và Đông Hải, thành phố Thanh Hóa, tỉnh Thanh Hóa",Tập đoàn Vingroup,19-08-2024,Hết hạn
3102,GPMT,Bệnh viện Ung Bướu – Cơ sở 2 của Ban Quản lý đầu tư xây dựng các công trình dân dụng và công nghiệp Thành phố Hồ Chí Minh,"số 12, đường 400, phường Tân Phú, Tp. Thủ Đức, Tp. HCM",Ban Quản lý đầu tư xây dựng các công trình dân dụng và công nghiệp Thành phố Hồ Chí Minh,19-08-2024,Hết hạn
3103,GPMT,Cảng hàng không quốc tế Tân Sơn Nhất,"Cảng hàng không quốc tế Tân Sơn Nhất, Phường 2, Quận Tân Bình, Thành phố Hồ Chí Minh",Cảng Hàng không Quốc tế Tân Sơn Nhất – Chi nhánh Tổng công ty Cảng Hàng không Việt Nam – CTCP,19-08-2024,Hết hạn
3131,GPMT,Khu chế xuất và công nghiệp Linh Trung III của Công ty TNHH Sepzone - Linh Trung (Việt Nam),"Khu chế xuất và công nghiệp Linh Trung III, phường An Tịnh, thị xã Trảng Bàng, tỉnh Tây Ninh",Công ty TNHH Sepzone - Linh Trung (Việt Nam),19-08-2024,Hết hạn
3132,GPMT,"Dự án đầu tư trang trại chăn nuôi heo thịt HTB tại xã Chư Drăng, huyện Krông Pa, tỉnh Gia Lai","xã Chư Drăng, huyện Krông Pa, tỉnh Gia Lai",Công ty TNHH Đầu tư Chăn nuôi HTB,19-08-2024,Hết hạn
3133,GPMT,Đầu tư xây dựng và kinh doanh kết cấu hạ tầng Khu Công nghiệp Quang Châu,"phường Quang Châu, Vân Trung và Nếnh, Thị xã Việt Yên, tỉnh Bắc Giang",Công ty Cổ phần Khu công nghiệp Sài Gòn – Bắc Giang (Công ty SBG).,19-08-2024,Hết hạn
3134,GPMT,Dự án Phát triển công nghệ Aachen SV của Công ty TNHH Phát triển công nghệ AAChen SV,"Lô L1.19, Khu công nghiệp Đồ Sơn Hải Phòng, quận Đồ Sơn, thành phố Hải Phòng.",Công ty TNHH Phát triển công nghệ AAChen SV,19-08-2024,Hết hạn
3135,GPMT,Dự án Global Material Handling (giai đoạn 1) của Công ty TNHH Global Material Handling,"Lô CN2C, KCN Deep C2A, phường Đông Hải 2, quận Hải An thuộc Khu kinh tế Đình Vũ - Cát Hải, thành phố Hải Phòng",Công ty TNHH Global Material Handling,19-08-2024,Hết hạn
3071,GPMT,Nhà máy sản xuất phân bón Hải Dương của Công ty Cổ phần Quốc tế Hải Dương,"Lô A4-1, Khu A4, Đường D9 Khu công nghiệp Rạch Bắp, phường An Tây, thành phố Bến Cát, tỉnh Bình Dương",Công ty Cổ phần Quốc tế Hải Dương,14-08-2024,Hết hạn
3072,GPMT,Trạm nghiền Xi măng Hiệp Phước - Nhà máy Xi măng Hạ Long,"Lô C25 KCN Hiệp Phước, xã Hiệp Phước, huyện Nhà Bè, thành phố Hồ Chí Minh.",Công ty Cổ phần Xi măng Hạ Long,14-08-2024,Hết hạn
3064,GPMT,Nhà máy sắn Văn Yên của Công ty Cổ phần Lâm Nông sản thực phẩm Yên Bái,"xã Đông Cuông, huyện Văn Yên, tỉnh Yên Bái",Công ty Cổ phần Lâm Nông sản thực phẩm Yên Bái,09-08-2024,Hết hạn
3065,GPMT,Nhà máy sản xuất linh kiện hàng không vũ trụ Sunshine của Công ty TNHH Universal Alloy Corporation Vietnam,"Lô A9, đường số 4, Khu công nghệ cao Đà Nẵng, xã Hòa Liên, huyện Hòa Vang, thành phố Đà Nẵng",Công ty TNHH Universal Alloy Corporation Vietnam,09-08-2024,Hết hạn
3066,GPMT,"Nhà máy dệt, may, nhuộm và phụ liệu dệt may của Công ty TNHH MTV Panko Tam Thăng","KCN Tam Thăng, xã Tam Thăng, thành phố Tam Kỳ, tỉnh Quảng Nam.",Công ty TNHH MTV Panko Tam Thăng,09-08-2024,Hết hạn
3067,GPMT,Dự án đầu tư xây dựng Cảng Phước An (phân kỳ I) của Công ty Cổ phần Dầu khí Đầu tư Khai thác Cảng Phước An,"xã Phước An, huyện Nhơn Trạch, tỉnh Đồng Nai.",Công ty Cổ phần Dầu khí Đầu tư Khai thác Cảng Phước An,09-08-2024,Hết hạn
3068,GPMT,Nhà máy thuỷ điện Sê San 4A của Công ty Cổ phần Thuỷ điện Sê San 4A,"Nhà máy thuỷ điện Sê San 4A thuộc xã Ia O, huyện Ia Grai, tỉnh Gia Lai.",Công ty Cổ phần Thuỷ điện Sê San 4A,09-08-2024,Hết hạn
3069,GPMT,"Mỏ đá xây dựng Thiện Tân 1, xã Thiện Tân, huyện Vĩnh Cửu, tỉnh Đồng Nai","Tỉnh lộ 768, Tổ 1, Ấp Ông Hường, xã Thiện Tân, huyện Vĩnh Cửu, tỉnh Đồng Nai.",Công ty TNHH Sản xuất Vật liệu và Xây dựng Vĩnh Hải,09-08-2024,Hết hạn
3070,GPMT,Khu công nghiệp Phố Nối A thuộc dự án “Đầu tư xây dựng và kinh doanh kết cấu hạ tầng Khu công nghiệp Phố Nối A”,"huyện Văn Lâm,huyện Mỹ Hào, huyện Yên Mỹ, tỉnh Hưng Yên",Công ty TNHH Phát triển hạ tầng KCN Hòa Phát Hưng Yên,09-08-2024,Hết hạn
3039,GPMT,"Khu công nghiệp Liên Chiểu, Đà Nẵng của Công ty Cổ phần Đầu tư Sài Gòn – Đà Nẵng","phường Hòa Hiệp Bắc, quận Liên Chiểu, thành phố Đà Nẵng",Công ty Cổ phần Đầu tư Sài Gòn – Đà Nẵng,06-08-2024,Hết hạn
3044,GPMT,Nhà máy tái chế và xử lý chất thải công nghiệp - nguy hại công suất 500 tấn/ngày của Công ty Cổ phần Kho vận Giao nhận Ngoại thương Mộc An Châu,"Khu liên hợp xử lý chất thải Đa Phước, huyện Bình Chánh, TP. Hồ Chí Minh",Công ty Cổ phần Kho vận Giao nhận Ngoại thương Mộc An Châu,06-08-2024,Hết hạn
3031,GPMT,Khu công nghiệp Hòa Khánh của Công ty Phát triển và Khai thác hạ tầng khu công nghiệp Đà Nẵng,"Phường Hòa Khảnh Bấc và phường Hòa Hiệp Nam, quận Liên Chiểu, thành phố Đà Nẵng.",Công ty Phát triển và Khai thác hạ tầng khu công nghiệp Đà Nẵng,02-08-2024,Hết hạn
3032,GPMT,Khu du lịch sinh thái Datanla và bãi đậu xe công cộng ẩn dưới tán rừng của Công ty Cổ phần Du lịch Lâm Đồng,"Tiểu khu 266B rừng phòng hộ môi trƣờng cảnh quan và địa bàn hành chính Phƣờng 3, Thành phố Đà Lạt, Tỉnh Lâm Đồng",Công ty Cổ phần Du lịch Lâm Đồng,02-08-2024,Hết hạn
3033,GPMT,Khu liên hiệp xử lý chất thải EME Dung Quất của Công ty Cổ phần Cơ - Điện - Môi trường Lilama,"Khu liên hiệp xử lý chất thải rắn, thôn Trì Bình, xã Bình Nguyên, huyện Bình Sơn, tỉnh Quảng Ngãi.",Công ty Cổ phần Cơ - Điện - Môi trường Lilama,02-08-2024,Hết hạn
3034,GPMT,Dự án AVC Technology Việt Nam của Công ty TNHH Khoa học kỹ thuật AVC (Việt Nam).,"Lô CN-05, KCN hỗ trợ Đồng Văn III, phường Hoàng Đông, thị xã Duy Tiên, tỉnh Hà Nam.",Công ty TNHH Khoa học kỹ thuật AVC (Việt Nam).,02-08-2024,Hết hạn
3035,GPMT,Bệnh viện Nhi Đồng 1,"341 Sư Vạn Hạnh, phường 10, quận 10, thành phổ Hồ Chi Minh",Bệnh viện Nhi Đồng 1,02-08-2024,Hết hạn
3036,GPMT,"Khai thác - chế biến đá xây dựng mỏ Tân Xuân, xã Tân Xuân, huyện Hàm Tân, tỉnh Bình Thuận (Công suất 859.951 m3 nguyên khai/năm). (Sau đây gọi là tắt là mỏ đá xây dựng Tân Xuân)","xã Tân Xuân, huyện Hàm Tân, tỉnh Bình Thuận.",Công ty Cổ phần Khai thác và Chế biến Khoáng sản Hàm Tân,02-08-2024,Hết hạn
3037,GPMT,"Nhà máy tái chế giấy thải để sản xuất giấy bao bì, bao gói chất lượng cao công suất 32.500 tấn/năm của Công ty Cổ phần Miza","Cụm công nghiệp vừa và nhỏ Nguyên Khê, xã Nguyên Khê, huyện Đông Anh, thành phố Hà Nội.",Công ty Cổ phần Miza,02-08-2024,Hết hạn
3038,GPMT,"Nhà máy sản xuất tai nghe, dây kết nối New Wing của Công ty TNHH New Wing Interconnect Technology (Bắc Giang)","khu công nghiệp Vân Trung, huyện Việt Yên, tỉnh Bắc Giang",Công ty TNHH New Wing Interconnect Technology (Bắc Giang),02-08-2024,Hết hạn
3011,GPMT,Khu đô thị Việt Hàn của Liên danh Công ty Cổ phần Bất động sản Hải Long Land - Công ty Cổ phần Đầu tư đô thị và khu công nghiệp Sông Đà 7,"Thôn Đông Sinh, xã Hồng Tiến, thị xã Phổ Yên (nay là phường Hồng Tiến, thành phố Phổ Yên), tỉnh Thái Nguyên.",Liên danh Công ty Cổ phần Bất động sản Hải Long Land - Công ty Cổ phần Đầu tư đô thị và khu công nghiệp Sông Đà 7,31-07-2024,Hết hạn
3012,GPMT,Khu công nghiệp Thăng Long II của Công ty TNHH Khu công nghiệp Thăng Long II (Công ty TLIPII),"huyện Yên Mỹ và thị xã Mỹ Hào, tỉnh Hưng Yên",Công ty TNHH Khu công nghiệp Thăng Long II (Công ty TLIPII),31-07-2024,Hết hạn
2998,GPMT,“ Nhà máy xử lý chất thải nguy hại ETC” của Công ty Cổ phần Đầu tư và Kỹ thuật Tài nguyên Môi trường ETC,"Đường D1 (M2+M3), Khu công nghiệp Hòa Xá, phường Lộc Hòa, thành phố Nam Định, tỉnh Nam Định",Công ty Cổ phần Đầu tư và Kỹ thuật Tài nguyên Môi trường ETC,26-07-2024,Hết hạn
3000,GPMT,"Hệ thống thu gom và phân phối khí mỏ Hàm Rồng và mỏ Thái Bình, Lô 102&106 – Giai đoạn 1 của Chi nhánh khí Hải Phòng- Tổng công ty khí Việt Nam – Công ty Cổ phần (PV GAS).","huyện Tiền Hải, tỉnh Thái Bình.",Chi nhánh khí Hải Phòng- Tổng công ty khí Việt Nam – Công ty Cổ phần (PV GAS).,26-07-2024,Hết hạn
3001,GPMT,Nhà máy công nghệ HKC (Việt Nam) của Công ty TNHH Công nghệ HKC (Việt Nam),"Đường số D3, Khu công nghiệp Nhơn Trạch II - Lộc Khang, xã Phú Hội, huyện Nhơn Trạch, tỉnh Đồng Nai.",Công ty TNHH Công nghệ HKC (Việt Nam),26-07-2024,Hết hạn
3003,GPMT,Công trình Thủy điện Bình Điền của Công ty Cổ phần thủy điện Bình Điền,"xã Bình Điền, Bình Thành, thị xã Hương Trà; xã Dương Hoà, thị xã Hương Thuỷ, xã Hương Nguyên, huyện A Lưới, tỉnh Thừa Thiên Huế",Công ty Cổ phần thủy điện Bình Điền,26-07-2024,Hết hạn
3004,GPMT,Nhà máy Yamaha Sóc Sơn của Công ty TNHH Yamaha Motor Việt Nam,"thôn Bình An, xã Trung Giã, huyện Sóc Sơn, thành phố Hà Nội",Công ty TNHH Yamaha Motor Việt Nam,26-07-2024,Hết hạn
3005,GPMT,Sản xuất thiết bị truyền thông không dây – WNC V2 của Công ty TNHH Neweb Việt Nam,"Lô CN01, Khu công nghiệp Đồng Văn III, phường Đồng Văn, thị xã Duy Tiên, tỉnh Hà Nam.",Công ty TNHH Neweb Việt Nam,26-07-2024,Hết hạn
3006,GPMT,"Nhà máy xử lý, tái chế kim loại màu tại Cụm công nghiệp Làng nghề xã Chỉ Đạo, huyện Văn Lâm, tỉnh Hưng Yên","Cụm công nghiệp làng nghề xã Chỉ Đạo, huyện Văn Lâm, tỉnh Hưng Yên.",Công ty TNHH Làng nghề Đông Mai,26-07-2024,Hết hạn
3007,GPMT,“Tổng kho xăng dầu Đình Vũ – Thành phố Hải Phòng” của Chi nhánh Tổng công ty dầu Việt Nam – Công ty Cổ phần – Xí nghiệp Tổng kho xăng dầu Đình Vũ,"lô F5, F6 Khu công nghiệp Đình Vũ, phường Đông Hải 2, quận Hải An, thành phố Hải Phòng",Chi nhánh Tổng công ty dầu Việt Nam – Công ty Cổ phần – Xí nghiệp Tổng kho xăng dầu Đình Vũ,26-07-2024,Hết hạn
3008,GPMT,Công ty TNHH Wha Yu Việt Nam,"Khu công nghiệp, dịch vụ và đô thị VSIP Bắc Ninh, phường Phù Chẩn, thành phố Từ Sơn, tỉnh Bắc Ninh",Công ty TNHH Wha Yu Việt Nam,26-07-2024,Hết hạn
3009,GPMT,Mở rộng cảng tổng hợp Bình Dương của Công ty Cổ phần Cảng Bình Dương,"Khu phố Quyết Thắng, Phường Bình Thắng, thành phố Dĩ An, tỉnh Bình Dương",Công ty Cổ phần Cảng Bình Dương,26-07-2024,Hết hạn
3010,GPMT,Nhà máy Thuỷ điện A Vương của Công ty Cổ phần Thủy điện A Vương,"xã Mà Cooih, huyện Đông Giang, tỉnh Quảng Nam",Công ty Cổ phần Thủy điện A Vương,26-07-2024,Hết hạn
2993,GPMT,Công ty trách nhiệm hữu hạn QMH Computer giai đoạn 1,"Lô CN 14, Khu công nghiáp Mỹ ThuÁn, xã Mỹ ThuÁn, huyán Mỹ Lác, tßnh Nam Ěánh",Công ty trách nhiệm hữu hạn QMH Computer,23-07-2024,Hết hạn
2994,GPMT,"Đầu tư xây dựng và kinh doanh kết cấu hạ tầng KCN Đồng Văn I mở rộng phía Đông Bắc nút giao Vực Vòng – giai đoạn 1, tỉnh Hà Nam (Bổ sung ngành nghề thu hút đầu tư).","phường Bạch Thượng, thị xã Duy Tiên, tỉnh Hà Nam.",Công ty Cổ phần Tập đoàn Hóa chất nhựa,23-07-2024,Hết hạn
2995,GPMT,Công ty TNHH Công nghệ Kersen (Việt Nam),"Lô 34-35, Khu công nghiệp VSIP Nghệ An, xã Hưng Tây, huyện Hưng Nguyên, tỉnh Nghệ An",Công ty TNHH Công nghệ Kersen (Việt Nam),23-07-2024,Hết hạn
2996,GPMT,"Nhà máy sản xuất thiết bị, linh kiện điện tử BOI của Công ty TNHH BOI Việt Nam","Lô CN-16, Khu công nghiệp Việt Hàn, Thị xã Việt Yên, tỉnh Bắc Giang",Công ty TNHH BOI Việt Nam,23-07-2024,Hết hạn
2997,GPMT,Đầu tư xây dựng và kinh doanh kết cấu hạ tầng khu công nghiệp số 05 của Công ty Cổ phần đầu tư Khu công nghiệp Yên Mỹ,"Xã Xuân Trúc và xã Quảng Lãng thuộc huyện Ân Thi và xã Nghĩa Dân thuộc huyện Kim Động, tỉnh Hưng Yên",Công ty Cổ phần đầu tư Khu công nghiệp Yên Mỹ,23-07-2024,Hết hạn
2999,GPMT,Dự án sản xuất máy và thiết bị của Công ty TNHH Công nghệ máy văn phòng Kyocera Việt Nam,"Khu Đô thị, Công nghiệp và Dịch vụ Vsip Hải Phòng thuộc khu kinh tế Đình Vũ – Cát Hải, thành phố Hải Phòng",Công ty TNHH Công nghệ máy văn phòng Kyocera Việt Nam,23-07-2024,Hết hạn
3002,GPMT,Công ty TNHH Kao Việt Nam,"Lô A12, Khu công nghiệp Long Bình (Amata), phường Long Bình, thành phố Biên Hòa, tỉnh Đồng Nai.",Công ty TNHH Kao Việt Nam,23-07-2024,Hết hạn
2957,GPMT,"“Khu đô thị và nhà ở xã hội tại xã Hưng Hòa, thành phố Vinh” của Công ty cổ phần Tổng công ty hợp tác kinh tế Việt Lào","xã Hưng Hòa, thành phố Vinh, tỉnh Nghệ An",Công ty cổ phần Tổng công ty hợp tác kinh tế Việt Lào,18-07-2024,Hết hạn
2958,GPMT,"“Nhà máy sản xuất, lắp ráp đèn Led chiếu sáng” - Phân kỳ I của Công ty Cổ phần thiết bị điện Phước Thạnh","Lô 243, đường 12, KCN Amata, P. Long Bình, TP. Biên Hòa, Đồng Nai.",Công ty Cổ phần thiết bị điện Phước Thạnh,18-07-2024,Hết hạn
2959,GPMT,"""Nhà máy xử lý chất thải công nghiệp để phát điện"" của Công ty TNHH MTV Môi trường đô thị Hà Nội","Khu Liên hợp xử lý chất thải Nam Sơn, xã Nam Sơn, huyện Sóc Sơn, Hà Nội.",Công ty TNHH MTV Môi trường đô thị Hà Nội,18-07-2024,Hết hạn
2960,GPMT,"Quần thể công trình du lịch văn hóa, dịch vụ cáp treo, vui chơi giải trí, khách sạn Fansipan Sapa, huyện Sapa, tỉnh Lào Cai.","xã San Sả Hồ và thị trấn Sa Pa, huyện Sa Pa, tỉnh Lào Cai.",Công ty TNHH dịch vụ du lịch cáp treo Fansipan Sa Pa.,18-07-2024,Hết hạn
2961,GPMT,“Khu điều trị chất lượng cao tại Bệnh viện Đa khoa tỉnh Thái Bình” của Công ty TNHH Bệnh viện Đa khoa chất lượng cao tỉnh Thái Bình.,"số 530 Lý Bôn, phƣờng Quang Trung, thành phố Thái Bình, Tỉnh Thái Bình.",Công ty TNHH Bệnh viện Đa khoa chất lƣợng cao tỉnh Thái Bình.,15-07-2024,Hết hạn
2962,GPMT,Nhà máy xi măng Xuân Thành (Dây chuyền 1 và dây chuyền 2) của Công ty Cổ phần xi măng Xuân Thành,"Thôn Bồng Lạng, xã Thanh Nghị, huyện Thanh Liêm, tỉnh Hà Nam",Công ty Cổ phần xi măng Xuân Thành,15-07-2024,Hết hạn
2963,GPMT,"""Nhà máy Xi măng Hạ Long"" của Công ty Cổ phần Xi măng Hạ Long","xã Thống Nhất, thành phố Hạ Long, tỉnh Quảng Ninh.",Công ty Cổ phần Xi măng Hạ Long,15-07-2024,Hết hạn
2944,GPMT,“Bến cảng Chùa Vẽ” của Công ty Cổ phần Cảng Hải Phòng,"số 5, đường Chùa Vẽ, phường Đông Hải 1, quận Hải An, thành phố Hải Phòng",Công ty Cổ phần Cảng Hải Phòng,12-07-2024,Hết hạn
2945,GPMT,"""Trang trại bò sữa Vinamilk Đà Lạt"" của Công ty TNHH MTV Bò sữa Việt Nam","thành phố Bảo Lộc, huyện Đơn Dương, huyện Lâm Hà, huyện Đức Trọng, huyện Di Linh tỉnh Lâm Đồng",Công ty TNHH MTV Bò sữa Việt Nam,12-07-2024,Hết hạn
2946,GPMT,"Công ty TNHH Samtec Việt Nam tại KCN Long Thành, xã Tam An, huyện Long Thành, tỉnh Đồng Nai","KCN Long Thành, xã Tam An, huyện Long Thành, tỉnh Đồng Nai",Công ty TNHH Samtec Việt Nam,12-07-2024,Hết hạn
2935,GPMT,Nhà máy nhiệt điện Nghi Sơn 1,"Km 11, Đường 513, xã Hải Hà, thị xã Nghi Sơn, tỉnh Thanh Hoá",Công ty Nhiệt điện Nghi Sơn – Chi nhánh tổng công ty phát điện 1,10-07-2024,Hết hạn
2939,GPMT,“Dự án Công ty TNHH DBG Technology (Việt Nam)” của Công ty TNHH DBG Technology (Việt Nam),"Khu công nghiệp Yên Bình phường Hồng Tiến, thành phố Phổ Yên, tỉnh Thái Nguyên",Công ty TNHH DBG Technology (Việt Nam),08-07-2024,Hết hạn
2940,GPMT,“Nâng công suất nhà máy sản xuất giấy từ giấy phế liệu công suất từ 250.000 tấn/năm lên 500.000 tấn/năm” của Công ty Cổ phần Thương mại Dịch vụ Giấy Thuận An,"Lô A, đường Đ4, KCN Minh Hưng III, phường Minh Hưng, thị xã Chơn Thành, tỉnh Bình Phước",Công ty Cổ phần Thương mại Dịch vụ Giấy Thuận An,08-07-2024,Hết hạn
2941,GPMT,"""Nhà máy sản xuất cồn, rượu công suất 4,5 triệu lít/năm"" của Công ty Cổ phần rượu Bình Tây","Ô B2, Lô 42, Đường số 4, Khu công nghiệp Tân Đông Hiệp B, Phường Tân Đông Hiệp, Thành phố Dĩ An, Tỉnh Bình Dương.",Công ty Cổ phần rượu Bình Tây,08-07-2024,Hết hạn
2942,GPMT,"Dự án tuyến đường sắt đô thị thí điểm thành phố Hà Nội, đoạn Nhổn - ga Hà Nội","các quận Nam Từ Liêm, Bắc Từ Liêm, Cầu Giấy, Đống Đa, Hoàn Kiếm và Ba Đình - thành phố Hà Nội",Ban Quản lý đường sắt đô thị Hà Nội,08-07-2024,Hết hạn
2943,GPMT,Dự án Công ty TNHH J - Technology Vina,"Lô CN-15, Khu công nghiệp Vân Trung, phường Vân Trung, thị xã Việt Yên, tỉnh Bắc Giang",Công ty TNHH J - Technology Vina,08-07-2024,Hết hạn
2914,GPMT,Đầu tư xây dựng và kinh doanh kết cấu hạ tầng Khu công nghiệp Trần Đề,"Ấp Ngan Rô 1, thị trấn Trần Đề, huyện Trần Đề, tỉnh Sóc Trăng",Công ty Cổ phần Bê tông Hà Thanh,02-07-2024,Hết hạn
2915,GPMT,"Khai thác và chế biến vonfram, fluorite, bismuth, đồng và vàng Núi Pháo","xã Hà Thượng, huyện Đại Từ, tỉnh Thái Nguyên",CÔNG TY TNHH KHAI THÁC CHẾ BIẾN KHOÁNG SẢN NÚI PHÁO,02-07-2024,Hết hạn
2912,GPMT,Khai thác lộ thiên mỏ Khe Chàm II (điều chỉnh),"phường Mông Dương thành phố Cẩm Phả, tỉnh Quảng Ninh",Công ty Cổ phần Than Cao Sơn - TKV,28-06-2024,Hết hạn
2913,GPMT,Nhà máy Nhiệt điện Vĩnh Tân 4 mở rộng,"xã Vĩnh Tân, huyện Tuy Phong, tỉnh Bình Thuận",Nhà máy Nhiệt điện Vĩnh Tân 4 – Chi nhánh Tập đoàn Điện lực Việt Nam,28-06-2024,Hết hạn
2911,GPMT,Nhà máy xử lý rác thải,"Thôn Đồng Phú, xã Đồng Tâm, huyện Lạc Thủy, tỉnh Hòa Bình",Công ty Cổ phần Môi trường Công nghệ cao Hòa Bình,27-06-2024,Hết hạn
2908,GPMT,"Đầu tư xây dựng công trình khai thác - chế biến đá vôi khu vực Kim Lũ, xã Kim Hoá, huyện Tuyên Hoá, tỉnh Quảng Bình","xã Kim Hoá, huyện Tuyên Hoá, tỉnh Quảng Bình",Công ty Cổ phần Đầu tư Khoáng sản – Than Đông Bắc,26-06-2024,Hết hạn
2909,GPMT,"Nhà máy chế biến nước giải khát, công suất 190.000 tấn sản phẩm/năm","Lô C21/I - C22/I - C23/I, đường số 2F, KCN Vĩnh Lộc, huyện Bình Chánh, Thành phố Hồ Chí Minh",Công ty TNHH Sản xuất và Thương mại Tân Quang Minh,26-06-2024,Hết hạn
2910,GPMT,"Nhà máy chế tạo thiết bị điện tử, phương tiện thiết bị mạng và các sản phẩm âm thanh đa phương tiện","Khu công nghiệp Quế Võ, Quế Võ III, thị xã Quế Võ, tỉnh Bắc Ninh",CÔNG TY TNHH KHOA HỌC KỸ THUẬT GOERTEK VINA,26-06-2024,Hết hạn
2893,GPMT,Nhà máy Trend Power Technology (Việt Nam) – Giai đoạn lắp ráp pin Lithium nhà xưởng 1,"Lô CN-8, KCN Hòa Phú, xã Mai Đình, huyện Hiệp Hòa, tỉnh Bắc Giang.",Công ty TNHH Trend Power Technology (Việt Nam),20-06-2024,Hết hạn
2896,GPMT,Khu xử lý chất thải Ngân Anh,"xã Đại Đồng, huyện Văn Lâm, tỉnh Hưng Yên",Công ty TNHH Môi trường Ngân Anh,20-06-2024,Hết hạn
2897,GPMT,"Khai thác mỏ quặng Titan – Zircon khu vực Xã Hồng Phong và Xã Hòa Thắng, Huyện Bắc Bình, Tỉnh Bình Thuận","Khu vực Xã Hồng Phong và Xã Hòa Thắng, Huyện Bắc Bình, Tỉnh Bình Thuận.",Công ty Cổ phần Sản xuất Zirconium và Titanium Hưng Thịnh,20-06-2024,Hết hạn
2898,GPMT,Đầu tư xây dựng và kinh doanh hạ tầng kỹ thuật Khu công nghiệp Thới Hòa,"phường Thới Hòa, thị xã Bến Cát, tỉnh Bình Dương",Tổng Công ty Đầu tư và Phát triển Công nghiệp - CTCP,20-06-2024,Hết hạn
2899,GPMT,Khu công nghiệp Hoàng Mai I,"xã Quỳnh Lộc và phường Quỳnh Thiện, thị xã Hoàng Mai, tỉnh Nghệ An.",Công ty Cổ phần Hoàng Thịnh Đạt,20-06-2024,Hết hạn
2889,GPMT,Nhà máy điện tử Shinning Việt Nam,"Lô đất L1.18, Khu công nghiệp Đồ Sơn Hải Phòng, phường Ngọc Xuyên, quận Đồ Sơn, thành phố Hải Phòng",Công ty TNHH Điện tử Shinning Việt Nam,17-06-2024,Hết hạn
2890,GPMT,"Cụm công nghiệp Thanh Vân, huyện Hiệp Hòa, tỉnh Bắc Giang","Thôn Đồng Điểm, Thanh Phác, Thanh Lay, Thanh Vòng, Thanh Bình và thôn Tam Hợp, xã Thanh Vân, huyện Hiệp Hòa, tỉnh Bắc Giang",Công ty TNHH Long Dũng,17-06-2024,Hết hạn
2891,GPMT,Đầu tư xây dựng và kinh doanh kết cấu hạ tầng Khu công nghiệp Gia Bình II,"Xã Nhân Thắng, xã Bình Dương, xã Thái Bảo và xã Vạn Ninh, huyện Gia Bình, tỉnh Bắc Ninh.",Công ty Cổ phần Tập đoàn Hanaka,17-06-2024,Hết hạn
2892,GPMT,Dự án Feituo Nam Đình Vũ,"Lô CN2-05, Khu phi thuế quan và Khu công nghiệp Nam Đình Vũ (Khu 1), phường Đông Hải 2, quận Hải An thuộc Khu kinh tế Đình Vũ - Cát Hải, thành phố Hải Phòng",Công ty TNHH thiết bị điện Feituo Việt Nam,17-06-2024,Hết hạn
2845,GPMT,Dự án sản xuất của Công ty TNHH Evertie Lighting Việt Nam,"Lô 6-2, 6-3, đường Đl, phân khu 6A, KCN Nhơn Trạch VI, xã Long Thọ, huyện Nhơn Trạch, tĩnh Đồng Nai",Công ty TNHH Evertie Lighting Việt Nam,14-06-2024,Hết hạn
2846,GPMT,Nhà máy sản xuất linh kiện điện tử BHFlex Vina,"Lô CN07, Lô CN14, Lô CN14.1 và Lô 14.2, Khu công nghiệp Khai Quang, thành phố Vĩnh Yên, tỉnh Vĩnh Phúc",Công ty TNHH BHFlex Vina,14-06-2024,Hết hạn
2847,GPMT,Nhà máy sản xuất than hoạt tính,"Lô CN15, CN16, CN17 Cụm công nghiệp Lương Điền, xã Lương Điền, huyện Cẩm Giàng, tỉnh Hải Dương",Công ty TNHH Samchully Carbotech Việt Nam,14-06-2024,Hết hạn
2848,GPMT,Công ty TNHH Công Nghệ Askey Việt Nam,"KCN Quế Võ phường Nam Sơn, thanh phố Bắc Ninh, tỉnh Bắc Ninh.",Công ty TNHH Công Nghệ Askey Việt Nam,14-06-2024,Hết hạn
2868,GPMT,Đầu tư xây dựng và kinh doanh hạ tầng Khu công nghiệp dệt may Rạng Đông,"Thị trấn Rạng Đông, huyện Nghĩa Hưng, tỉnh Nam Định",Công ty Cổ phần đầu tư phát triển hạ tầng Rạng Đông,14-06-2024,Hết hạn
2869,GPMT,Công viên văn hoá Vinwonders Nha Trang,"đảo Hòn Tre, phường Vĩnh Nguyên, thành phố Nha Trang, tỉnh Khánh Hòa",Công ty cổ phần Vinwonders Nha Trang,14-06-2024,Hết hạn
2870,GPMT,Nhà máy xi măng Tam Điệp,"Số 27, đường Chi Lăng, xã Quang Sơn, thành phố Tam Điệp, tỉnh Ninh Bình.",Công ty TNHH Một thành viên Xi măng Vicem Tam Điệp,14-06-2024,Hết hạn
2871,GPMT,Công ty TNHH Đầu tƣ Long Đức,"Khu công nghiệp Long Đức, xã Long Đức, huyện Long Thành, tỉnh Đồng Nai.",Công ty TNHH Đầu tƣ Long Đức,14-06-2024,Hết hạn
2872,GPMT,Phát triển công nghệ AAChen SV,"Lô L1.19, Khu công nghiệp Đồ Sơn Hải Phòng, phường Ngọc Xuyên, quận Đồ Sơn, thành phố Hải Phòng",Công ty TNHH Phát triển công nghệ AAChen SV,14-06-2024,Hết hạn
2933,GPMT,Sky Lake Golf and Resort Club,"Khu vực hồ Văn Sơn, huyện Chương Mỹ, thành phố Hà Nội.",Công ty cổ phần DK ENC Việt Nam,14-06-2024,Hết hạn
2817,GPMT,Mỏ đá xây dựng Thường Tân V,"xã Thường Tân, huyện Bắc Tân Uyên, tỉnh Bình Dương",Công ty TNHH Hóa An Tân Uyên,11-06-2024,Hết hạn
2818,GPMT,"Mỏ thiếc Suối Bắc, xã Châu Hồng và xã Châu Thành, huyện Quỳ Hợp, tỉnh Nghệ An","xã Châu Hồng và xã Châu Thành, huyện Quỳ Hợp, tỉnh Nghệ An",Công ty Cổ phần Kim loại màu Nghệ Tĩnh,11-06-2024,Hết hạn
2819,GPMT,Nhà máy sản xuất giấy bao bì Công suất 120.000 tấn/năm,"Thôn Ngọc Loan, xã Tân Quang, huyện Văn Lâm, tỉnh Hưng Yên",Công ty TNHH giấy và bao bì Hưng Hà Hưng Yên,07-06-2024,Hết hạn
2820,GPMT,"Đầu tư xây dựng và kinh doanh cơ sở hạ tầng KCN Gia Bình, huyện Gia Bình, tỉnh Bắc Ninh","Xã Đông Cứu, xã Lãng Ngâm và xã Đại Bái, huyện Gia Bình, tỉnh Bắc Ninh",Công ty TNHH MTV đầu tư xây dựng và kinh doanh kết cấu hạ tầng KCN Bắc Ninh,07-06-2024,Hết hạn
2821,GPMT,"Đầu tư mở rộng nâng công suất khu Tràng Khê, Hồng Thái (mỏ Tràng Bạch) Công ty than Uông Bí.","Xã Hồng Thái Đông, Hồng Thái Tây và phường Hoàng Quế, thị xã Đông Triều, tỉnh Quảng Ninh",Chi nhánh Tập đoàn Công nghiệp Than – Khoáng sản Việt Nam - Công ty Than Uông Bí - TKV,07-06-2024,Hết hạn
2838,GPMT,Dự án Công ty TNHH Azurewave Technologies (Việt Nam),"Khu kinh tế Đình Vũ (khu 2) (Khu công nghiệp Deep C2A), phường Đông Hải 2, quận Hải An, thành phố Hải Phòng",Dự án Công ty TNHH Azurewave Technologies (Việt Nam),06-06-2024,Hết hạn
2839,GPMT,Khu nghỉ dưỡng Mù Cang Chải (Mù Cang Chải Resort),"xã Chế Cu Nha, xã La Pán Tẩn, huyện Mù Cang Chải, tỉnh Yên Bái.",CÔNG TY CỔ PHẦN PHÁT TRIỂN DU LỊCH XANH MINH ĐỨC,06-06-2024,Hết hạn
2830,GPMT,Nhà máy Thủy điện Long Tạo,"Xã Na Sang, Huổi Mí, huyện Mường Chà và xã Pú Xi, huyện Tuần Giáo, tỉnh Điện Biên.",Công ty Cổ phần thủy điện Long Tạo Điện Biên,05-06-2024,Hết hạn
2831,GPMT,Xây dựng và kinh doanh cơ sở hạ tầng Khu công nghiệp Mỹ Phước,"phường Mỹ Phước, thị xã Bến Cát, tỉnh Bình Dương.",Tổng Công ty Đầu tư và Phát triển Công nghiệp - CTCP,05-06-2024,Hết hạn
2832,GPMT,Khu công nghiệp Thăng Long,"xã Kim Chung, xã Hải Bối, xã Võng La, xã Đại Mạch, huyện Đông Anh, Hà Nội.",Công ty TNHH Khu công nghiệp Thăng Long,05-06-2024,Hết hạn
2824,GPMT,Nhà máy xi măng Đồng Lâm,"Thôn Cổ Xuân, xã Phong Xuân, huyện Phong Điền, tỉnh Thừa Thiên Huế.",Công ty Cổ phần xi măng Đồng Lâm,03-06-2024,Hết hạn
2826,GPMT,"Đầu tư xây dựng nhà máy sản xuất chất tẩy rửa, công suất 100.000 tấn sản phẩm/năm","ngõ 27, đường 208, xã An Đồng, huyện An Dương, thành phố Hải Phòng",Công ty TNHH Vico,03-06-2024,Hết hạn
2827,GPMT,"“Đầu tư xây dựng và kinh doanh cơ sở hạ tầng khu công nghiệp Việt Nam – Singapore, quy mô 1.000 ha” - Giai đoạn 1: Diện tích 196,45 ha","phường Hội Nghĩa, thành phố Tân Uyên và xã Tân Lập, huyện Bắc Tân Uyên, tỉnh Bình Dương.",Công ty Liên doanh TNHH KCN Việt Nam - Singapore,03-06-2024,Hết hạn
2828,GPMT,Nhà máy thủy điện Sông Ba Hạ,"huyện Sơn Hòa và Sông Hinh, tỉnh Phú Yên và huyện Krông Pa, tỉnh Gia Lai",Công ty Cổ phần thủy điện Sông Ba Hạ,03-06-2024,Hết hạn
2829,GPMT,Nhà máy sản xuất các sản phẩm nhựa và sản phẩm điện tử kỹ thuật cao Elentec,"KCN Quang Minh, huyện Mê Linh, thành phố Hà Nội.",Công ty TNHH Elentec Việt Nam,03-06-2024,Hết hạn
2825,GPMT,Nhà máy điện tử Foxlink Đà Nẵng,"Khu công nghệ cao Đà Nẵng, xã Hòa Liên, huyện Hòa Vang, thành phố Đà Nẵng",Công ty TNHH Điện tử Foxlink Đà Nẵng,31-05-2024,Hết hạn
2771,GPMT,"Trang trại chăn nuôi heo theo mô hình trại lạnh khép kín công nghệ cao, tiết kiệm nước","Đường tổ 18, ấp Hòa Đông A, xã Hòa Hiệp, huyện Tân Biên, tỉnh Tây Ninh.",Công ty TNHH SX TM & DV Green Farm,27-05-2024,Hết hạn
2772,GPMT,"Nhà máy sản xuất, kinh doanh hóa chất và thu hồi muối kim loại","Lô 109, 113A KCX&CN Linh Trung III, phường An Tịnh, thị xã Trảng Bàng, tỉnh Tây Ninh.",Công ty TNHH Hóa chất và Môi trường Vũ Hoàng,27-05-2024,Hết hạn
2773,GPMT,Thủy điện Ngòi Phát,"xã Bản Vược, Bản Xèo và Dền Thàng, huyện Bát Xát, tỉnh Lào Cai.",Công ty Cổ phần đầu tư và phát triển điện miền Bắc 2,27-05-2024,Hết hạn
2774,GPMT,Khu phức hợp du lịch nghỉ dưỡng Vinpearl Nam Hội An,"xã Bình Minh và xã Bình Dương, huyện Thăng Bình, tỉnh Quảng Nam.",Công ty cổ phần Vinpearl,27-05-2024,Hết hạn
2770,GPMT,Khu công nghiệp Đồng Văn II,"Khu công nghiệp Đồng Văn II, tại phường Duy Ninh và Bạch Thượng, thị xã Duy Tiên, tỉnh Hà Nam",Công ty Cổ phần phát triển Hà Nam,24-05-2024,Hết hạn
2763,GPMT,"Khu xử lý chất thải Vĩnh Tân, quy mô 21,7 ha","xã Vĩnh Tân, huyện Vĩnh Cửu, tỉnh Đồng Nai",Công ty Cổ phần Môi trường Sonadezi,20-05-2024,Hết hạn
2764,GPMT,"Nhà máy xử lý và tái chế chất thải, công suất 244 tấn sản phẩm/ngày","Lô HF15, đường số 4, Khu công nghiệp Xuyên Á, xã Mỹ Hạnh Bắc, huyện Đức Hoà, tỉnh Long An.",Công ty TNHH Thương mại - Dịch vụ - Môi trường Nguyệt Minh 2,20-05-2024,Hết hạn
2765,GPMT,Nhà máy sản xuất van Huacheng (Việt Nam),"CCN Hoàng Mai, phường Nếnh, thị xã Việt Yên, tỉnh Bắc Giang",Công ty TNHH van Huacheng (Việt Nam),20-05-2024,Hết hạn
2766,GPMT,Thủy điện Nậm Củm 4,"xã Mường Tè và Pa Ủ, huyện Mường Tè, tỉnh Lai Châu.",Công ty Cổ phần Thủy điện Nậm Củm,20-05-2024,Hết hạn
2767,GPMT,Nhà máy nhiệt điện Quảng Ninh,"Tổ 33, Khu 5, phường Hà Khánh, thành phố Hạ Long, tỉnh Quảng Ninh.",Công ty Cổ phần nhiệt điện Quảng Ninh,20-05-2024,Hết hạn
2768,GPMT,Nhà máy sản xuất ống đồng hợp kim cao cấp,"KCN Long Giang, xã Tân Lập, huyện Tân Phước, tỉnh Tiền GIang",Công ty TNHH Gia công đồng Hải Lượng Việt Nam,20-05-2024,Hết hạn
2769,GPMT,"Nâng công suất trạm XLNT -97,5 Mông Dương","Phường Mông Dương, Thành phố Cẩm Phả, Tỉnh Quảng Ninh.",Công ty TNHH 1 thành viên Môi Trường - TKV,20-05-2024,Hết hạn
2757,GPMT,Trạm xử lý nước thải +25 Núi nhện,"phường Cẩm Sơn thuộc thành phố Cẩm Phả, tỉnh Quảng Ninh",Công ty TNHH MTV Môi trường - TKV,17-05-2024,Hết hạn
2758,GPMT,Trạm xử lý nước thải Hà Tu,"Phường Hà Phong, Thành phố Hạ Long, Tỉnh Quảng Ninh",Công ty TNHH 1 thành viên Môi Trường – TKV,16-05-2024,Hết hạn
2759,GPMT,Công ty TNHH Unitex Wan Guan Technology (Việt Nam),"Đường số 3, Khu công nghiệp Hòa Khánh, phường Hòa Khánh Bắc, quận Liên Chiểu, thành phố Đà Nẵng",Công ty TNHH Unitex Wan Guan Technology (Việt Nam),16-05-2024,Hết hạn
2760,GPMT,Cải thiện môi trường đô thị Chu Lai - Núi Thành,"huyện Núi Thành, tỉnh Quảng Nam",Ban Quản lý dự án đầu tư xây dựng các công trình giao thông tỉnh Quảng Nam,16-05-2024,Hết hạn
2761,GPMT,Nhà máy thủy điện Đăk Mi 2,"Xã Phước Lộc, xã Phước Công và xã Phước Chánh, huyện Phước Sơn, tỉnh Quảng Nam.",Công ty CP Năng lượng AGRITA - Quảng Nam,16-05-2024,Hết hạn
2762,GPMT,"Nhà máy sản xuất dây, đinh bằng thép; công suất 30.000 tấn sản phẩm/năm","Lô D-7, đường D5, KCN Hựu Thạnh, xã Hựu Thạnh, huyện Đức Hòa, tỉnh Long An",Công ty TNHH HD Long An,16-05-2024,Hết hạn
2736,GPMT,Nhà máy RRC Power Solutions,"phường Đông Hải 2, quận Hải An, thuộc Khu kinh tế Đình Vũ - Cát Hải, thành phố Hải Phòng",Công ty TNHH RRC Power Solutions,10-05-2024,Hết hạn
2737,GPMT,Công ty TNHH Luxshare – ICT (Vân Trung),"KCN Vân Trung, thị xã Việt Yên, tỉnh Bắc Giang",Công ty TNHH Luxshare - ICT (Vân Trung),10-05-2024,Hết hạn
2738,GPMT,Nhà máy tái chế và xử lý chất thải công nghiệp - nguy hại công suất 500 tấn/ngày,"Khu liên hợp xử lý chất thải Đa Phước, huyện Bình Chánh, TP. Hồ Chí Minh",Công ty Cổ phần Kho vận Giao nhận Ngoại thương Mộc An Châu,10-05-2024,Hết hạn
2739,GPMT,Khu công nghiệp cơ khí ô tô Chu Lai Trường Hải,"KCN Cơ khí ô tô Chu Lai Trường Hải, xã Tam Hiệp, huyện Núi Thành, tỉnh Quảng Nam.",Công ty TNHH MTV Đầu tư PTHT KCN & Đô thị Chu Lai Trường Hải,10-05-2024,Hết hạn
2740,GPMT,Thủy điện Đắk Sin 1,"xã Hưng Bình, xã Đắk Sin, huyện Đắk R’Lấp, tỉnh Đắk Nông",Công ty Cổ phần VRG - Đắk Nông,10-05-2024,Hết hạn
2733,GPMT,Nhà máy chế biến Condensate,"Khu công nghiệp Cái Mép, Phường Tân Phước, Thị xã Phú Mỹ, Tỉnh Bà Rịa - Vũng Tàu.",Công ty Cổ phần Sản xuất và Chế biến Dầu khí Phú Mỹ,09-05-2024,Hết hạn
2734,GPMT,"Cải tạo, xây dựng bệnh viện An Bình","Số 146 đường An Bình, Phường 7, Quận 5, Thành phố Hồ Chí Minh.",Bệnh viện An Bình,09-05-2024,Hết hạn
2735,GPMT,Nhà máy chế biến thủy sản đông lạnh Bến Tre,"ô A21 đến A35, khu công nghiệp An Hiệp, xã An Hiệp, huyện Châu Thành, tỉnh Bến Tre",Công ty Cổ phần Chăn nuôi C.P. Việt Nam – Chi nhánh Đông lạnh Bến Tre,09-05-2024,Hết hạn
2719,GPMT,"Nhà máy thủy điện Tân Mỹ, công suất 10 MW","Thôn Ma Ty, Xã Phước Tân, Huyện Bác Ái,tỉnh Ninh Thuận",Công ty Cổ phần Thủy điện Tân Mỹ,07-05-2024,Hết hạn
2715,GPMT,Thủy điện Sông Chảy 6 (công suất 16 MW),"thị trấn Cốc Pài và xã Thèn Phàng, huyện Xín Mần, tỉnh Hà Giang.",Công ty Cổ phần thủy điện Sông Chảy 6,06-05-2024,Hết hạn
2716,GPMT,Chi nhánh Cảng Chùa Vẽ,"số 5, đường Chùa Vẽ, phường Đông Hải 1, quận Hải An, thành phố Hải Phòng",Công ty Cổ phần Cảng Hải Phòng,06-05-2024,Hết hạn
2717,GPMT,Nâng công suất nhà máy đông lạnh chế biến thủy sản từ 5.000 tấn sản phẩm/năm lên 15.000 tấn sản phẩm/năm,"Ấp 9, xã Tân Thạch, huyện Châu Thành, tỉnh Bến Tre.",Công ty Cổ phần Xuất nhập khẩu Thủy sản Bến Tre,06-05-2024,Hết hạn
2718,GPMT,"Dự án đầu tư xây dựng và kinh doanh kết cấu hạ tầng Khu công nghiệp Sông Hậu – Giai đoạn 1, huyện Châu Thành, tỉnh Hậu Giang","xã Đông Phú, huyện Châu Thành, tỉnh Hậu Giang",Công ty phát triển hạ tầng Khu công nghiệp Hậu Giang,06-05-2024,Hết hạn
2729,GPMT,Nhà máy thủy điện Hƣơng Sơn 2,"Xã Sơn Kim 1, huyện Hƣơng Sơn, tỉnh Hà Tĩnh.",Công ty Cổ phần Thủy điện Hƣơng Sơn,06-05-2024,Hết hạn
2730,GPMT,Dự án Solum Electronics Việt Nam,"Lô B3, Khu công nghiệp Bá Thiện II, xã Thiện Kế, huyện Bình Xuyên, tỉnh Vĩnh Phúc.",Công ty TNHH Solum Vina.,06-05-2024,Hết hạn
2731,GPMT,"Đầu tư xây dựng và kinh doanh kết cấu hạ tầng khu công nghiệp Tân Hưng, tỉnh Bắc Giang","xã Tân Hưng, xã Xương Lâm, huyện Lạng Giang, tỉnh Bắc Giang.",Công ty cổ phần LIDECO 1,06-05-2024,Hết hạn
2732,GPMT,Nhà máy vàng Phước Sơn,"Thôn 4, xã Phước Đức, huyện Phước Sơn, tỉnh Quảng Nam",Công ty TNHH Vàng Phước Sơn,06-05-2024,Hết hạn
2712,GPMT,Trang trại bò sữa Vinamilk Đà Lạt,Tỉnh Lâm Đồng,Công ty TNHH MTV Bò sữa Việt Nam,02-05-2024,Hết hạn
2713,GPMT,Dự án Xây dựng trạm xử lý nước thải Hoà Xuân (giai đoạn 3),"Phường Hoà Xuân, quận Cẩm Lệ, thành phố Đà Nẵng.",Ban Quản lý các dự án đầu tư cơ sở hạ tầng ưu tiên Thành phố Đà Nẵng,02-05-2024,Hết hạn
2714,GPMT,Suntory PepsiCo Cần Thơ,"Lô 2.19B, 2.19D, 2.1901 KCN Trà Nóc II, phường Phước Thới, quận Ô Môn, thành phố Cần Thơ",Công ty TNHH Nước giải khát Suntory PepsiCo Việt Nam,02-05-2024,Hết hạn
2683,GPMT,Khu công nghiệp Tân Bình,"Thị trấn Tân Bình, huyện Bắc Tân Uyên và xã Hưng Hòa, huyện Bàu Bàng, tỉnh Bình Dương.",Công ty Cổ phần Khu công nghiệp Tân Bình,26-04-2024,Hết hạn
2684,GPMT,Công ty trách nhiệm hữu hạn QMH Computer,"Lô CN 14, Khu công nghiệp Mỹ Thuận, xã Mỹ Thuận, huyện Mỹ Lộc, tỉnh Nam Định,",QUANTA COMPUTER INC,26-04-2024,Hết hạn
2685,GPMT,"Nhà máy xi măng Vicem Hoàng Mai (nâng công suất sản xuất từ 4.000 tấn clinker/ngày lên 4.500 tấn clinker/ngày và sử dụng chất thải rắn thông thường, chất thải nguy hại làm nguyên, nhiên liệu thay thế và đồng xử lý chất thải trong sản xuất xi măng)","xã Quỳnh Vinh, thị xã Hoàng Mai, tỉnh Nghệ An.",Công ty CP Xi măng Vicem Hoàng Mai,26-04-2024,Hết hạn
2686,GPMT,"Cơ sở khai thác nước khoáng tại lỗ khoan G2 thị trấn Như Quỳnh, huyện Văn Lâm, tỉnh Hưng Yên","Thị trấn Như Quỳnh, huyện Văn Lâm, tỉnh Hưng Yên.",Công ty Trách nhiệm hữu hạn La Vie,26-04-2024,Hết hạn
2687,GPMT,Chi nhánh nhà máy xử lý chất thải nguy hại và chất thải rắn sinh hoạt - Công ty Cổ phần TM Tài Tiến,"Ấp Nhân Hòa, xã Tây Hòa, huyện Trảng Bom, tỉnh Đồng Nai",Công ty Cổ phần TM Tài Tiến,26-04-2024,Hết hạn
2675,GPMT,Nhà máy sản xuất linh kiện điện tử AAC tại Vĩnh Phúc,"Lô CN5, KCN Bá Thiện, thị trấn Bá Hiến, huyện Bình Xuyên, tỉnh Vĩnh Phúc.",Công ty TNHH AAC Technologies Vĩnh Phúc,25-04-2024,Hết hạn
2676,GPMT,"Nhà máy Electronic Tripod Việt Nam (Sản xuất, lắp ráp bảng mạch in điện tử, nâng công suất từ 7.832.000 sản phẩm/năm lên 19.000.000 sản phẩm/năm; Sản xuất, lắp ráp đế bảng mạch in điện tử, công suất 480.000 m2/năm)","Số 31, đường 3A, KCN Biên Hòa II, phường An Bình, thành phố Biên Hòa, tỉnh Ěồng Nai",Công ty TNHH Electronic Tripod Việt Nam,25-04-2024,Hết hạn
2678,GPMT,Thủy điện Phúc Long,"xã Phúc Khánh, xã Xuân Thượng - huyện Bảo Yên - tỉnh Lao Cai.",Công ty cổ phần thủy điện Phúc Long.,25-04-2024,Hết hạn
2679,GPMT,"Nhà máy dệt kim, công suất 6.000 tấn sản phẩm/năm","Khu công nghiệp Mỹ Xuân A2, phường Mỹ Xuân, Thị Xã Phú Mỹ, tỉnh Bà Rịa – Vũng Tàu.",Công ty TNHH Eclat Fabrics Việt Nam,25-04-2024,Hết hạn
2651,GPMT,"Khu phi thuế quan và Khu công nghiệp Nam Đình Vũ (khu 1)” - Khu phía Bắc (diện tích 369,7 ha) và khu phía Nam (diện tích 446,1 ha)","phường Đông Hải 2, quận Hải An, thuộc Khu kinh tế Đình Vũ – Cát Hải, thành phố Hải Phòng",Công ty Cổ phần Tập đoàn Đầu tư Sao Đỏ,23-04-2024,Hết hạn
2652,GPMT,YUJIN ENC VINA,"Khu công nghiệp Quế Võ (khu vực mở rộng), phường Nam Sơn, thành phố Bắc Ninh, tỉnh Bắc Ninh và Khu công nghiệp Yên Phong (khu mở rộng), xã Thụy Hòa, huyện Yên Phong, tỉnh Bắc Ninh",Công ty TNHH YUJIN ENC VINA,23-04-2024,Hết hạn
2653,GPMT,Sungwoo Vina – Bắc Ninh,"tại lô II.1, II.2, II.3, III.6 Và VI.2, KCN Thuận Thành 3, phường Thanh Khương, thị xã Thuận Thành, tỉnh Bắc Ninh",Công ty TNHH Sungwoo Vina,23-04-2024,Hết hạn
2654,GPMT,Khu công nghiệp An Phước,"xã An Phước, huyện Long Thành, tỉnh Đồng Nai",Công ty Cổ phần Tổng công ty Tín Nghĩa.,19-04-2024,Hết hạn
2655,GPMT,"Xây dựng và kinh doanh cơ sở hạ tầng Khu công nghiệp Đất Cuốc (mở rộng từ 257,61 ha lên 553 ha)","Xã Đất Cuốc, huyện Bắc Tân Uyên, tỉnh Bình Dương",Công ty Cổ phần Khoáng sản và Xây dựng Bình Dương,19-04-2024,Hết hạn
2656,GPMT,Thuỷ điện Châu Thôn,"xã Châu Thôn và xã Tri Lễ, huyện Quế Phong, tỉnh Nghệ An.",Công ty Cổ phần Phát triển Năng lượng Sơn Vũ,18-04-2024,Hết hạn
2657,GPMT,"Dự án tuyến đường sắt đô thị thí điểm thành phố Hà Nội, đoạn Nhổn - ga Hà Nội.","Quận Nam Từ Liêm, Quận Bắc Từ Liêm, Quận Cầu Giấy, Quận Đống Đa, Quận Hoàn Kiếm, Quận Ba Đình - Thành phố Hà Nội.",Ban quản lý đường sắt đô thị Hà Nội.,17-04-2024,Hết hạn
2658,GPMT,"Thủy điện Sông Miện 5, công suất 20MW","sông Miện thuộc địa phận xã Thuận Hòa, huyện Vị Xuyên, tỉnh Hà Giang",Công ty Cổ phần Thủy điện Sông Miện 5,17-04-2024,Hết hạn
2659,GPMT,Nhà máy sản xuất phân bón Điamôn phốt phát (DAP),"Lô N5.8 khu công nghiệp Đình Vũ, thuộc khu kinh tế Đình Vũ - Cát Hải, phường Đông Hải 2, quận Hải An, thành phố Hải Phòng.",Công ty Cổ phần DAP-Vinachem.,16-04-2024,Hết hạn
2660,GPMT,Nhà máy chế biến thức ăn gia súc Hà Lan,"phường Dị Sử, thị xã Mỹ Hào, tỉnh Hưng Yên.",Công ty Cổ phần sản xuất và thương mại Hà Lan,15-04-2024,Hết hạn
2661,GPMT,"Nhà máy Giấy Sài Gòn, công suất sản xuất giấy tiêu dùng 35.000 tấn/năm, sản xuất giấy carton 192.500 tấn/năm (Thay thế 03 lò hơi hiện hữu, tổng công suất 90 tấn hơi/giờ bằng 02 lò hơi công suất 40 tấn hơi/giờ/lò, trong đó 01 lò kết hợp đồng xử lý chất thải công nghiệp thông thường, công suất 200 tấn/ngày)","Khu công nghiệp Mỹ Xuân A, phường Mỹ Xuân, thị xã Phú Mỹ, tỉnh Bà Rịa Vũng Tàu",Công ty Cổ phần Giấy Sài Gòn,15-04-2024,Hết hạn
2663,GPMT,"Nhà máy sản xuất linh kiện điện tử, thiết bị ngoại vi và thiết bị quang học","Lô IN3-8*A, IN3-8*B, IN3-8*C, IN3-8*D, IN3-8*E, Khu đô thị, công nghiệp và dịch vụ VSIP Hải Phòng, huyện Thủy Nguyên, thuộc khu kinh tế Đình Vũ – Cát Hải, thành phố Hải Phòng",Công ty TNHH Lite on Việt Nam,15-04-2024,Hết hạn
2665,GPMT,Dự án thành lập Công ty Kinh doanh EMS LONGCHEER  MEIKO,"Lô 37-2, khu công nghiệp Quang Minh, huyện Mê Linh, thành phố Hà Nội.",Công ty TNHH Điện tử Longcheer Meiko Việt Nam,15-04-2024,Hết hạn
2650,GPMT,"Cơ sở mỏ đá Thiện Tân 9 thuộc Dự án đầu tu khai thác - chế biến đá xây dựng mở đá Đồi Chùa 1 (nay lả mỏ đá Thiện Tân 9), xã Thiện Tân, huyện Vĩnh Cửu, tỉnh Đồng Nai","Ấp Vàm, xã Thiện Tân, huyện Vĩnh Cửu, tỉnh Đồng Nai",Công ty cổ phần đầu tư xây dựng thương mại dịch vụ xuất nhập khẩu Trường Trường Phát JP.,12-04-2024,Hết hạn
2662,GPMT,Thủy điện Nho Quế 3 (công suất 110 MW),"Huyện Mèo Vạc, tỉnh Hà Giang.",Công ty TNHH MTV thủy điện Nho Quế 3,12-04-2024,Hết hạn
2664,GPMT,Đầu tư dây chuyền nấu nhôm của nhà máy Z117,"Xã Mai Đình, huyện Sóc Sơn, thành phố Hà Nội",Công ty TNHH MTV Cơ khí 17,12-04-2024,Hết hạn
2666,GPMT,Nhà máy xử lý chất thải rắn và lỏng TÂN KỲ,"Xã Tân Long, huyện Tân Kỳ, Tỉnh Nghệ An",Công ty Cổ phần Xây dựng Môi trường Thương mại Hoàng Gia Quân,12-04-2024,Hết hạn
2649,GPMT,"Nhà máy sản xuất xơ sợi, chăn ga, gối đệm Vikohasan Hà Nam","Lô CN02, KCN Đồng Văn IV, xã Đại Cương, huyện Kim Bảng, tỉnh Hà Nam",Công ty Cổ phần Vikohasan,09-04-2024,Hết hạn
2645,GPMT,Khu công nghiệp Giang Điền,"xã Giang Điền, xã An Viễn, huyện Trảng Bom và xã Tam Phước, thành phố Biên Hòa, tỉnh Đồng Nai",Công ty cổ phần Sonadezi Giang Điền,08-04-2024,Hết hạn
2646,GPMT,Bệnh viện Nhi Đồng 2,"số 14, đường Lý Tự Trọng, Phường Bến Nghé, Quận 1, TP. HCM",Bệnh viện Nhi Đồng 2,08-04-2024,Hết hạn
2647,GPMT,"Đầu tư Khu nuôi cá tra công nghiệp, quy mô 219,16 ha.","Xã Vĩnh Lợi (108,85 ha) và xã Vĩnh Châu A (110,31) thuộc huyện Tân Hưng, tỉnh Long An",Công ty Cổ phần Vĩnh Hoàn,08-04-2024,Hết hạn
2648,GPMT,Nâng cấp bến cảng tổng hợp Nam Vân Phong tiếp nhận tàu 70.000 DWT,"số 9 đường Quốc lộ 26B, tổ dân phố Mỹ Á, phường Ninh Thủy, thị xã Ninh Hòa, tỉnh Khánh Hòa.",Công ty Cổ phần Cảng Quốc tế Nam Vân Phong,08-04-2024,Hết hạn
2625,GPMT,Nhà máy nông dược Bình Dương,"138 ĐT 743, Phường Bình Thắng, Thành phố Dĩ An, Tỉnh Bình Dương",Công ty cổ phần Thuốc sát trùng Việt Nam,05-04-2024,Hết hạn
2630,GPMT,"Nhà máy sản xuất lắp ráp và gia công các sản phẩm điện, điện tử công nghệ cao","lô đất J1-J2 thuộc Khu công nghiệp Thăng Long, xã Võng La, huyện Đông Anh, thành phố Hà Nội",Công ty TNHH Panasonic System Networks Việt Nam,05-04-2024,Hết hạn
2631,GPMT,Nhà máy Công nghệ MTC (Việt Nam),"Đường số D3, Khu công nghiệp Nhơn Trạch II - Lộc Khang, xã Phú Hội, huyện Nhơn Trạch, tỉnh Đồng Nai",Công ty TNHH Công nghệ MTC (Việt Nam),05-04-2024,Hết hạn
2626,GPMT,Thuỷ điện Sông Giang 1,"xã Khánh Trung, huyện Khánh Vĩnh, tỉnh Khánh Hoà",Công ty Cổ phần khai thác thủy điện Sông Gianh,04-04-2024,Hết hạn
2623,GPMT,"Nhà máy xử lý chất thải công nghiệp, nguy hại","Xã Phù Lãng, huyện Quế Võ, tỉnh Bắc Ninh",Công ty TNHH Xử lý môi trường Sao Sáng Bắc Ninh,03-04-2024,Hết hạn
2624,GPMT,"Đầu tư xây dựng công trình khai thác quặng Apatil khai trường 19b, xã Đồng Tuyển, thành phố Lào Cai. Tỉnh Lào Cai","xã Đồng Tuyển, thành phố Lào Cai. Tỉnh Lào Cai",Công ty cổ phần công nghiệp Hóa chất Lào Cai,03-04-2024,Hết hạn
2621,GPMT,Nhà máy điện tử BYD Việt Nam,"Lô CN-02A, Khu công nghiệp Phú Hà, xã Hà Lộc, thị xã Phú Thọ, tỉnh Phú Thọ",Công ty TNHH điện tử BYD (Việt Nam),02-04-2024,Hết hạn
2622,GPMT,Công ty TNHH Sợi Mekong,"Lô 96A, 96B, 97B, KCN Long Giang, xã Tân Lập 1, huyện Tân Phước, tỉnh Tiền Giang",Công ty TNHH Sợi Mekong,02-04-2024,Hết hạn
2553,GPMT,Đầu tư xây dựng và kinh doanh hạ tầng kỹ thuật khu công nghiệp Mỹ Xuân B1 – Đại Dương,"phường Mỹ Xuân, thị xã Phú Mỹ, tỉnh Bà Rịa – Vũng Tàu.",Công ty Cổ phần Đầu tư xây dựng Giải trí Đại Dương,01-04-2024,Hết hạn
2620,GPMT,Nhà máy công nghệ chính xác Fulian,"Lô CN1, Khu công nghiệp Quang Châu, thị xã Việt Yên, tỉnh Bắc Giang",Công ty TNHH Precision Technology Component Fulian,01-04-2024,Hết hạn
2629,GPMT,Công ty TNHH Công nghệ Everwin Precision (Việt Nam) - Giai đoạn 1.,"KCN Đô thị và Dịch vụ VSIP Nghệ An, xã Hưng Tây, huyện Hưng Nguyên, tỉnh Nghệ An",Công ty TNHH Công nghệ Everwin Precision (Việt Nam),01-04-2024,Hết hạn
2600,GPMT,"Kế hoạch phát triển mỏ Bạch Hổ, Lô 09-01",Ô 09-1 tại bồn trũng Cửu Long ngoài khơi vùng biển Đông Nam Việt Nam.,Liên doanh Việt-Nga Vietsovpetro,29-03-2024,Hết hạn
2601,GPMT,Nhà máy sản xuất Công ty TNHH Aluminum New Star,"Lô A-14E-CN, Khu công nghiệp Bàu Bàng, thị trấn Lai Uyên, huyện Bàu Bàng, tỉnh Bình Dương",Công ty TNHH Aluminum New Star.,29-03-2024,Hết hạn
2602,GPMT,Kho xăng dầu Liên Chiểu – Đà Nẵng,"Số 414 Nguyễn Văn Cừ, phường Hoà Hiệp Bắc, quận Liên Chiểu, thành phố Đà Nẵng.",Công ty Cổ phần Xăng Dầu Dầu Khí PV OIL Miền Trung,29-03-2024,Hết hạn
2603,GPMT,Nhà máy sản xuất thiết bị năng lượng mặt trời Sunter PV Technology Việt Nam.,"Lô CN8, Khu công nghiệp Vân Trung, xã Vân Trung, huyện Việt Yên, tỉnh Bắc Giang.",Công ty TNHH Công nghệ PV Sunter Việt Nam.,29-03-2024,Hết hạn
2604,GPMT,Đầu tư xây dựng và kinh doanh hạ tầng kỹ thuật Khu công nghiệp Phú Mỹ 1,"phường Phú Mỹ, thị xã Phú Mỹ, tỉnh Bà Rịa - Vũng Tàu.",Công ty Đầu tư và Khai thác Hạ tầng Khu công nghiệp Đông Xuyên và Phú Mỹ 1,29-03-2024,Hết hạn
2605,GPMT,Nhà máy AUO Việt Nam,"Trung tâm Công nghiệp GNP Đồng Văn III, Khu công nghiệp hỗ trợ Đồng Văn III giai đoạn II, thị xã Duy Tiên, tỉnh Hà Nam",Công ty TNHH AUO Việt Nam,29-03-2024,Hết hạn
2606,GPMT,Nhà máy FECV FOXCONN Quảng Ninh,"Khu công nghiệp Đông Mai, phường Đông Mai và Khu công nghiệp Sông Khoai, xã Sông Khoai, thị xã Quảng Yên, tỉnh Quảng Ninh",Công ty TNHH Năng lượng và linh kiện EV FOXCONN (Việt Nam),29-03-2024,Hết hạn
2607,GPMT,Nhà máy xử lý tái chế chất thải,"thôn 8, xã Đắk Ru, huyện Đắk R’lấp, tỉnh Đắk Nông.",Công ty TNHH Khoa học Công nghệ Môi trường Quốc Việt.,29-03-2024,Hết hạn
2608,GPMT,Công ty TNHH Simplo Technology (Việt Nam),"Lô CNSG-07, Khu công nghiệp Vân Trung, Thị xã Việt Yên, tỉnh Bắc Giang.",Công ty TNHH Simplo Technology (Việt Nam),29-03-2024,Hết hạn
2609,GPMT,"Đầu tư khai thác mỏ đá vôi Phong Xuân (điều chỉnh công suất) tại khu vực xã Phong Xuân, huyện Phong Điền, tỉnh Thừa Thiên Huế, công suất 2,4 triệu tấn/năm","Xã Phong Xuân, huyện Phong Điền, tỉnh Thừa Thiên Huế",Công ty cổ phần Xi măng Đồng Lâm,29-03-2024,Hết hạn
2619,GPMT,Đầu tư xây dựng và kinh doanh cơ sở hạ tầng Khu công nghiệp Yên Lư,"xã Yên Lư, huyện Yên Dũng, tỉnh Bắc Giang.",Công ty Cổ phần Bất động sản Capella,29-03-2024,Hết hạn
2557,GPMT,"Hạng mục cải tạo, nâng công suất nhà máy xử lý nước thải từ 5.000 m3/ngày.đêm lên 7.500 m3/ngày.đêm thuộc dự án Môi trường bền vững các thành phố duyên hải - Tiểu dự án thành phố Phan Rang – Tháp Chàm","Thành phố Phan Rang – Tháp Chàm, tỉnh Ninh Thuận",Ban xây dựng năng lực và thực hiện các dự án ODA ngành nước tỉnh Ninh Thuận,25-03-2024,Hết hạn
2531,GPMT,"Đầu tư xây dựng, kinh doanh hạ tầng kỹ thuật khu công nghiệp và cảng Nam Tiền Phong, Đầm Nhà Mạc","xã Tiền Phong, thị xã Quảng Yên, tỉnh Quảng Ninh.",Công ty Cổ phần Khu công nghiệp Tiền Phong,22-03-2024,Hết hạn
2555,GPMT,Nhà máy Samsung Electronics Việt Nam,"Khu công nghiệp Yên Phong I, xã Yên Trung, huyện Yên Phong, tỉnh Bắc Ninh.",Công ty TNHH Samsung Electronics Việt Nam,22-03-2024,Hết hạn
2558,GPMT,Câu lạc bộ Làng thôn Bochang - Donatours,"Thị trấn Trảng Bom, huyện Trảng Bom, tỉnh Đồng Nai.",Công ty TNHH Bochang - Donatours,22-03-2024,Hết hạn
2564,GPMT,Nhà máy Công ty TNHH Việt Nam Paiho tại Khu công nghiệp Tân Tạo,"Lô 30-32-34-36, Lô 52, đường số 3 và Lô 21, Lô 43, đường số 2, Khu công nghiệp Tân Tạo, phường Tân Tạo A, quận Bình Tân, Thành phố Hồ Chí Minh.",Công ty TNHH Việt Nam Paiho,22-03-2024,Hết hạn
2539,GPMT,Hệ thống thu gom nước thải và nhà máy xử lý nước thải công suất 22.000 m3/ngày.đêm tại thành phố Vũng Tàu,"Phường 11, 2, 6, 9, 5 và 8 thuộc thành phố Vũng Tàu, tỉnh Bà Rịa – Vũng Tàu.",Trung tâm Quản lý Hạ tầng kỹ thuật tỉnh Bà Rịa – Vũng Tàu.,18-03-2024,Hết hạn
2515,GPMT,Nhà máy Daeduck Việt Nam.,"Lô CN4, KCN Bá Thiện, huyện Bình Xuyên, tỉnh Vƿnh Phúc.",Công ty TNHH Daeduck Việt Nam,15-03-2024,Hết hạn
2530,GPMT,"Đầu tư xây dựng, kinh doanh phát triển kết cấu hạ tầng KCN, thương mại và dịch vụ VSIP Bắc Ninh II (Điều chỉnh)","xã Tam Giang, xã Yên Phụ, xã Hòa Tiến và thị trấn Chờ, huyện Yên Phong, tỉnh Bắc Ninh.",Công ty TNHH VSIP Bắc Ninh,15-03-2024,Hết hạn
2532,GPMT,"Nhà máy sản xuất, gia công thiết bị truyền thông Tonghe Vina.","Khu công nghiệp Châu Sơn, thành phố Phủ Lý, tỉnh Hà Nam",Công ty TNHH Khoa học kỹ thuật Tonghe Vina,15-03-2024,Hết hạn
2533,GPMT,Nhà máy sản xuất mô đun năng lượng mặt trời,Công ty TNHH Năng lượng tái tạo Columbus Việt Nam,"Lô CN10, KCN Yên Phong (khu mở rộng), xã Thuỵ Hoà và xã Yên Trung, huyện Yên Phong, tỉnh Bắc Ninh",15-03-2024,Hết hạn
2534,GPMT,Công viên bến du thuyền Quốc Tế,"phường Vĩnh Hòa, thành phố Nha Trang, tỉnh Khánh Hòa",Công ty TNHH Thương mại và Du lịch Trọng Điểm,15-03-2024,Hết hạn
2535,GPMT,Cơ sở khai thác - chế biến mỏ đá xây dựng Tân Cang 6,"phường Phước Tân, thành phố Biên Hòa, tỉnh Đồng Nai",Liên hiệp Hợp tác xã Dịch vụ Nông nghiệp Tổng hợp Đồng Nai,15-03-2024,Hết hạn
2536,GPMT,Nhà máy nhuộm và hoàn tất sản phẩm,"KCN Nhơn Trạch II, thị trấn Hiệp Phước, huyện Nhơn Trạch, tỉnh Đồng Nai",Công ty TNHH Dệt may SY Vina,15-03-2024,Hết hạn
2537,GPMT,Nhà máy Hojeong Vina,"Một phần Lô CN-03, KCN Hòa Phú, huyện Hiệp Hòa, tỉnh Bắc Giang",Công ty TNHH Hojeong Vina,15-03-2024,Hết hạn
2538,GPMT,"Nhà máy sản xuất nhựa Tân Phú, thuộc Công ty Cổ phần Đầu tư Xây dựng và Thương mại Plastic Tân Phú","Cụm công nghiệp Nguyên Gon, phường Cải Đan, thành phố Sông Công, tỉnh Thái Nguyên",Công ty Cổ phần Đầu tư Xây dựng và Thương mại Plastic Tân Phú.,15-03-2024,Hết hạn
2508,GPMT,Khu công nghiệp WHA Industrial Zone 1 – Nghệ An,"Khu kinh tế Đông Nam Nghệ An, xã Nghi Thuận, xã Nghi Long (Giai đoạn 1), xã Nghi Hưng và xã Nghi Đồng (Giai đoạn 2), huyện Nghi Lộc, tỉnh Nghệ An.",Công ty Cổ phần WHA Industrial Zone Nghệ An,08-03-2024,Hết hạn
2509,GPMT,"Nhà máy sản xuất vải thành phẩm, quy mô 450.000.000 m2/năm","Lô số 32-1, 32-2, 32-3, 32-4, 32-5, 32-6, 32-7, 32-8, 32-9, 32-10, 32-11, 32-12, 32-12a, 32-14, 32-15, 32-16, 33-1, 33-2, 33-3, 33 -4, Khu công nghiệp Phước Đông, xã Phước Đông, Huyện Gò Dầu, Tỉnh Tây Ninh",Công ty TNHH GLOBAL HANTEX.,08-03-2024,Hết hạn
2510,GPMT,"Khai thác mỏ fluorit tại xã Xuân Lãnh, huyện Đồng Xuân, tỉnh Phú Yên","khu vực thôn Lãnh Vân, xã Xuân Lãnh, huyện Đồng Xuân, tỉnh Phú Yên.",Công ty Cổ phần khoáng sản Phú Yên,08-03-2024,Hết hạn
2511,GPMT,"Nhà máy xử lý chất thải công nghiệp, chất thải sinh hoạt","Xã Phù Lãng, Thị xã Quế Võ, Tỉnh Bắc Ninh",Công ty CP Công nghiệp Xanh Hùng Phát,08-03-2024,Hết hạn
2512,GPMT,"Nhà máy xử lý chất thải công nghiệp, tái chế phế liệu","Thị trấn Nham Biền, huyện Yên Dũng, tỉnh Bắc Giang.","Công ty cổ phần xử lý, tái chế chất thải công nghiệp Hòa Bình",08-03-2024,Hết hạn
2513,GPMT,“Xây dựng và vận hành khai thác cảng” (Nâng công suất cảng Quốc tế Cái Mép tiếp nhận tàu trọng tải 214.121DWT giảm tải).,"Cảng được xây dựng tại phường Phước Hòa, thị xã Phú Mỹ, tỉnh Bà Rịa – Vǜng Tàu; địa điểm bãi chứa vật chất nạo vét thuộc địa phận xã Tân Phước, huyện Gò Công Ěông, tỉnh Tiền Giang.",Công ty TNHH Cảng Quốc tế Cái Mép.,08-03-2024,Hết hạn
2514,GPMT,Đầu tư xây dựng Nhà máy xử lý chất thải rắn sinh hoạt công nghệ cao phát năng lượng,"xã Phù Lãng, huyện Quế Võ, tỉnh Bắc Ninh",Công ty Cổ phần Môi trường Năng lượng Thăng Long,08-03-2024,Hết hạn
2504,GPMT,"Công ty TNHH DenEast Việt Nam tại VSIP II-A (Điều chỉnh cơ cấu sản xuất các loại sản phẩm), tổng công suất 210 triệu lít sản phẩm/năm","Số 5 và 7 VSIP II-A, đường số 31, KCN Việt Nam – Singapore II-A, phường Vĩnh Tân, thị xã Tân Uyên, tỉnh Bình Dương.",Công ty TNHH DenEast Việt Nam,05-03-2024,Hết hạn
2505,GPMT,Khu công nghiệp Hà Nội – Đài Tư,"Số 386 đường Nguyễn Văn Linh, phường Sài Đồng, quận Long Biên, thành phố Hà Nội.",Công ty Xây dựng và Kinh doanh cơ sở hạ tầng Khu công nghiệp Hà Nội - Đài Tư,05-03-2024,Hết hạn
2506,GPMT,"Nhà máy xử lý chất thải tại khu 9, phường Mông Dương, thành phố Cẩm Phả, tỉnh Quảng Ninh.","khu 9, phường Mông Dương, thành phố Cẩm Phả, tỉnh Quảng Ninh.",Công ty TNHH Tái Sinh TCN,05-03-2024,Hết hạn
2507,GPMT,Bãi chứa tro xỉ của Nhà máy nhiệt điện Sơn Động,"thị trấn Tây Yên Tử, huyện Sơn Động, tỉnh Bắc Giang",Công ty Nhiệt điện Sơn Động - TKV,05-03-2024,Hết hạn
2481,GPMT,Nhà máy U.D.Electronic Việt Nam – Giai đoạn 1,"Tại nhà xưởng lô N3-8, Khu công nghiệp Đồng Văn II, thị xã Duy Tiên, tỉnh Hà Nam",Công ty TNHH U.D.Electronic Việt Nam,01-03-2024,Hết hạn
2482,GPMT,"Công ty TNHH Sản xuất First Solar Việt Nam (Nhà máy sản xuất mô- đun quang điện mặt trời, nâng công suất mô-đun quang điện mặt trời từ 7.300.000 sản phẩm/năm lên 9.125.000 sản phẩm/năm; Sản xuất thủy tinh vụn có nguồn gốc từ mô-đun quang điện mặt trời, công suất 15.000 tấn sản phẩm/năm; Sản xuất hóa chất có nguồn gốc từ mô-đun quang điện mặt trời, công suất 146 tấn sản phẩm/năm)","Lô A1 và A2, đường D10, KCN Đông Nam, xã Bình Mỹ, huyện Củ Chi, Tp. Hồ Chí Minh",Công ty TNHH Sản xuất First Solar Việt Nam,01-03-2024,Hết hạn
2483,GPMT,"Khai thác mở rộng và nâng công suất khu mỏ - tuyển đồng Sin Quyền, Lào Cai (điều chỉnh).","xã Bản Vược, huyện Bát Xát, tỉnh Lào Cai",Tổng công ty Khoáng sản - TKV (VIMICO),01-03-2024,Hết hạn
2484,GPMT,"Nhà máy sản xuất, luyện kim loại màu và các sản phẩm từ nhựa.","Lô K3-K4, KCN Minh Hưng – Hàn Quốc, phường Minh Hưng, thị xã Chơn Thành, tỉnh Bình Phước.",Công ty TNHH Luyện kim Thăng Long,01-03-2024,Hết hạn
2463,GPMT,Khu công nghiệp Quang Minh,"Khu công nghiệp Quang Minh tại Thị trấn Quang Minh, huyện Mê Linh, Thành phố Hà Nội.",Công ty TNHH Đầu tư và Phát triển hạ tầng Nam Đức,27-02-2024,Hết hạn
2464,GPMT,Nhà máy Si Flex Việt Nam tại Bắc Giang,"Lô A, Khu công nghiệp Quang Châu, xã Quang Châu, huyện Việt Yên, tỉnh Bắc Giang.",Công ty TNHH Si Flex Việt Nam,27-02-2024,Hết hạn
2465,GPMT,Nhà máy Công ty TNHH Nwestern Solar Việt Nam 1 tại Bắc Giang,"Lô CN-06 (Thuê nhà xưởng của Công ty TNHH Vina Cell Technology), Khu công nghiệp Vân Trung, huyện Việt Yên, tỉnh Bắc Giang",Công ty TNHH Nwestern Solar Việt Nam,27-02-2024,Hết hạn
2466,GPMT,Nhà máy Worldtop Hà Nội Vina – điều chỉnh,"Lô CN 08-1, KCN Bình Xuyên II, thị trấn Bá Hiến, huyện Bình Xuyên, tỉnh Vĩnh Phúc",Công ty TNHH WorldTop Hà Nội Vina,27-02-2024,Hết hạn
2467,GPMT,Mỏ đá xây dựng núi Nứa,"phường Xuân Lập, thành phố Long Khánh, tỉnh Đồng Nai.",Công ty Cổ phần Xuất nhập khẩu và Thương mại Phú Minh Châu,27-02-2024,Hết hạn
2452,GPMT,"Dự án sản xuất và kinh doanh các loại máy in, máy fax, các thiết bị điện tử và đa chức năng, các loại phụ kiện, phụ tùng thay thế, bộ phận, chi tiết cho các sản phẩm trên","lô CN2-4, KCN Tân Trường, xã Tân Trường, huyện Cẩm Giàng, tỉnh Hải Dương",Công ty TNHH Công nghiệp Brother Việt Nam,19-02-2024,Hết hạn
2453,GPMT,Nhà máy sán xuất thiết bị cho lưới điện thông minh Á Châu,"Lô đất CNl-HB-2, Khu công nghiệp Công nghệ cao 1, Khu Công nghệ cao Hòa Lạc, huyện Thạch Thất, thành phố Hà Nội",Công ty cổ phần kỹ thuật công nghiệp Á Châu,19-02-2024,Hết hạn
2454,GPMT,Nhà máy sản xuất nam châm - INST Magnetic New Materials Vietnam.,"Lô CN07-03, KCN Cẩm Khê, huyện Cẩm Khê, tỉnh Phú Thọ.",Công ty TNHH INST Magnetic New Materials Vietnam.,19-02-2024,Hết hạn
2455,GPMT,Nhà máy sản xuất linh kiện điện tử AAC tại Vĩnh Phúc,"Lô CN5, KCN Bá Thiện, thị trấn Bá Hiến, huyện Bình Xuyên, tỉnh Vĩnh Phúc.",Công ty TNHH AAC Technologies Vĩnh Phúc,19-02-2024,Hết hạn
2456,GPMT,"Nhà máy sản xuất các phụ kiện, thiết bị điện cầm tay thông minh dùng trong ngành công nghiệp và dân dụng – công suất 3.517.500 sản phẩm/năm tương đương 20.516 tấn/năm","Lô I-14.5, đường D14, Khu Công nghệ cao, phường Tân Nhơn Phú B, thành phố Thủ Đức, thành phố Hồ Chí Minh",Công ty TNHH Techtronic Tools (Việt Nam).,19-02-2024,Hết hạn
2457,GPMT,"Phát triển Tổ hợp cảng biển và Khu công nghiệp tại khu vực Đầm Nhà Mạc, thị xã Quảng Yên, tỉnh Quảng Ninh (gọi tắt là KCN Bắc Tiền Phong)","xã Tiền Phong, Liên Hòa, Liên Vị và Phong Cốc thuộc Khu dịch vụ cảng biển, cảng biển, công nghiệp và đô thị tại khu vực Đầm Nhà Mạc, thị xã Quảng Yên, tỉnh Quảng Ninh",Công ty Cổ phần Khu công nghiệp Bắc Tiền Phong,19-02-2024,Hết hạn
2458,GPMT,Khu công nghiệp Long Giang (Các hạng mục đầu tư xây dựng và kinh doanh hạ tầng kỹ thuật Khu công nghiệp Long Giang),"Xã Tân Lập 1, huyện Tân Phước, tỉnh Tiền Giang",Công ty TNHH Phát triển Khu công nghiệp Long Giang,19-02-2024,Hết hạn
2461,GPMT,Nhà máy gia công Axit Sunfuric (H2SO4) có công suất 46.000 tấn sản phâm/ năm - Công Ty TNHH Lian Taix,"Cụm Công Nghiệp Đức Mỹ, xã Đức Hòa Đông, huyện Đức Hòa, tỉnh Long An.",Công Ty TNHH Lian Taix,19-02-2024,Hết hạn
2462,GPMT,Nhà máy điện Nhơn Trạch 3 và Nhơn Trạch 4,"Xã Phước Khánh, huyện Nhơn Trạch, tỉnh Đồng Nai",Tổng Công ty Điện lực Dầu khí Việt Nam – CTCP,19-02-2024,Hết hạn
2450,GPMT,"Đầu tư xây dựng hạ tầng và kinh doanh kết cấu hạ tầng Khu công nghiệp Yên Phong II-A, huyện Yên Phong","xã Tam Giang và xã Hòa Tiến, huyện Yên Phong, tỉnh Bắc Ninh.",Công ty Cổ phần Hạ tầng Western Pacific,08-02-2024,Hết hạn
2451,GPMT,Chi nhánh Công ty cổ phần xì măng Vicem Hà Tiên - Trạm nghiền Long An,"Khu công nghiệp Long Định, xã Long Định, huyện cần Đước, tỉnh Long An",Công ty cồ phần xi măng Vicem Hà Tiên,08-02-2024,Hết hạn
2407,GPMT,SamSung Display Việt Nam,"Khu công nghiệp Yên Phong, xã Yên Trung, huyện Yên Phong, tỉnh Bắc Ninh",Công ty TNHH Samsung Display Việt Nam,02-02-2024,Hết hạn
2408,GPMT,Dự án Etesy Việt Nam,"Lô FJ-02, khu công nghiệp Song Khê – Nội Hoàng (khu phía Nam), xã Tiền Phong, huyện Yên Dũng, tỉnh Bắc Giang",Công ty TNHH Etesy Việt Nam,02-02-2024,Hết hạn
2409,GPMT,Bệnh viện Nhân dân Gia Định,"số 1 Nơ Trang Long, Phường 7, Bình Thạnh, Thành phố Hồ Chí Minh",Bệnh viện Nhân dân Gia Định,02-02-2024,Hết hạn
2410,GPMT,Khu phức hợp Vịnh Đầm - Lần 1,"xã Dương Tơ và phường An Thới, thành phố Phú Quốc, tỉnh Kiên Giang",Công ty Cổ phần Toàn Hải Vân,02-02-2024,Hết hạn
2405,GPMT,Nhà máy TS Electrics Vina.,"Lô CN21 và một phần Lô CN15, cụm công nghiệp Tử Đà - An Đạo, xã Bình Phú, huyện Phù Ninh, tỉnh Phú Thọ",Công ty TNHH TS Electrics Vina.,31-01-2024,Hết hạn
2406,GPMT,Nhà máy của Công ty Cổ phần Công nghiệp Kẽm Vĩnh Bảo Việt Nam.,"lô I5-2, KCN Minh Hưng - Hàn Quốc, phường Minh Hưng, thị xã Chơn Thành, tỉnh Bình Phước.",Công ty Cổ phần Công nghiệp Kẽm Vĩnh Bảo Việt Nam.,31-01-2024,Hết hạn
2379,GPMT,Xây dựng và kinh doanh hạ tầng kỹ thuật Khu công nghiệp Yên Quang,"Xã Quang Tiến, thành phố Hòa Bình, tỉnh Hòa Bình",Công ty Cổ phần An Việt Hòa Bình,29-01-2024,Hết hạn
2380,GPMT,Hệ thống cấp nước chuỗi đô thị Sơn Tây - Hòa Lạc - Xuân Mai - Miếu Môn - Hà Nội - Hà Đông,Sơn Tây - Hòa Lạc - Xuân Mai - Miếu Môn - Hà Nội - Hà Đông,Công ty Cổ phần Đầu tư Nước sạch Sông Đà,29-01-2024,Hết hạn
2400,GPMT,Nhà máy Thuỷ điện Tuyên Quang,"sông Gâm, thuộc địa bàn Thị trấn Na Hang, huyện Na Hang, tỉnh Tuyên Quang.",Công ty Thủy điện Tuyên Quang – Chi nhánh Tập đoàn Điện lực Việt Nam,26-01-2024,Hết hạn
2401,GPMT,Dự án Hanyang DGT,"Lô CN06, KCN Phú Hà, thị xã Phú Thọ, tỉnh Phú Thọ.",Công ty TNHH Hanyang Digitech Vina,26-01-2024,Hết hạn
2402,GPMT,Công ty Cổ phần Luyện thép cao cấp Việt Nhật,"Lô CN3, KCN Nam Cầu Kiền, xã Kiền Bái, huyện Thủy Nguyên, TP Hải Phòng.",Công ty Cổ phần Luyện thép cao cấp Việt Nhật,26-01-2024,Hết hạn
2403,GPMT,Công ty TNHH Su Cheng Việt Nam,"lô 27, Đường số 9, KCN Tân Đức, xã Đức Hòa Hạ, huyện Đức Hòa, tỉnh Long An.",Công ty TNHH Su Cheng Việt Nam,26-01-2024,Hết hạn
2404,GPMT,"Đầu tư xây dựng công trình quản lý nguồn nước và ngập lụt Vĩnh Phúc. Trạm xử lý nước thải thị trấn Yên Lạc, công suất 2.500 m3/ngày.đêm thuộc Hợp phần 2 - Quản lý môi trường nước của Dự án","thị trấn Yên Lạc, huyện Yên Lạc, tỉnh Vĩnh Phúc",Ban quản lý dự án sử dụng vốn vay nước ngoài tỉnh Vĩnh Phúc,26-01-2024,Hết hạn
2357,GPMT,Nhà máy thuỷ điện Hố Hô,"Thôn Tân Đức 3, xã Hương Hoá, huyện Tuyên Hoá, tỉnh Quảng Bình.",Công ty Cổ phần Thuỷ điện Hồ Bốn,23-01-2024,Hết hạn
2358,GPMT,Công ty TNHH Yuwa Việt Nam tại Khu công nghiệp Việt Nam - Singapore II,"Khu công nghiệp Việt Nam - Singapore II và II-A, phường V nh Tân, Thành phố Tân Uyên, tỉnh Bình Dương",Công ty TNHH Yuwa Việt Nam,23-01-2024,Hết hạn
2359,GPMT,"Nghiên cứu, sản xuất và kinh doanh Cell năng lượng mặt trời","Lô CN02, Khu công nghiệp Cẩm Khê, thị trấn Cẩm Khê, huyện Cẩm Khê, tỉnh Phú Thọ",Công ty Cổ phần VIETNAM SUNERGY CELL,23-01-2024,Hết hạn
2360,GPMT,Khu công nghiệp Long Khánh,"xã Bình Lộc, thành phố Long Khánh, tỉnh Đồng Nai.",Công ty cổ phần Khu công nghiệp Long Khánh,23-01-2024,Hết hạn
2364,GPMT,"Mở rộng nhà máy sản xuất giấy carton, duplex Phong Châu.","khu 9, thị trấn Phong Châu, huyện Phù Ninh, tỉnh Phú Thọ.",Công ty CP sản xuất thương mại Giấy Phong Châu,23-01-2024,Hết hạn
2365,GPMT,Nhà máy sản xuất nhôm công suất 15.000 tấn/năm,"Cụm công nghiệp làng nghề Mẫn Xá, xã Văn Môn, huyện Yên Phong, tỉnh Bắc Ninh.",Công ty TNHH Nhôm Thời Đại Mới,23-01-2024,Hết hạn
2341,GPMT,Nhà máy xử lý chất thải tại Khu xử lý chất thải Thuỷ Phương và Khu xử lý chất thải rắn Lộc Thuỷ (hạng mục bể đóng kén),"Khu xử lý chất thải rắn Lộc Thuỷ, thôn Nam Phước, xã Lộc Thuỷ, huyện Phú Lộc, tỉnh Thừa Thiên Huế và phường Thuỷ Phương, thị xã Hương Thuỷ, tỉnh Thừa Thiên Huế.",Công ty Cổ phần Môi trường và Công trình đô thị Huế,19-01-2024,Hết hạn
2342,GPMT,"Khu công nghiệp Hiệp Phước (thuộc dự án “Xây dựng và kinh doanh cơ sở hạ tầng Khu công nghiệp Hiệp Phước giai đoạn 1 (quy mô 332 ha)” và Phân kỳ 1 của Dự án “Xây dựng và kinh doanh cơ sở hạ tầng Khu công nghiệp Hiệp Phước – giai đoạn 2 (quy mô 596,93 ha))","Xã Long Thới và xã Hiệp Phước, huyện Nhà Bè, thành phố Hồ Chí Minh.",Công ty Cổ phần Khu công nghiệp Hiệp Phước,19-01-2024,Hết hạn
2343,GPMT,Quần thể khu du lịch sinh thái Bà Nà – Suối Mơ,"xã Hòa Ninh, huyện Hòa Vang, thành phố Đà Nẵng",Công ty cổ phần Dịch vụ cáp treo Bà Nà,19-01-2024,Hết hạn
2344,GPMT,Sản xuất tấm quang điện mặt trời tại Việt Nam,"Nhà xưởng D5, D6, D7, D10, D11, D12, D15 (thuê lại của Công ty liên doanh TNHH Khu công nghiệp Việt Nam - Singapore chi nhánh tại Hải Phòng), lô P1-SP1B, Khu đô thị, công nghiệp và dịch vụ VSIP Hải Phòng, huyện Thủy Nguyên, thuộc Khu kinh tế Đình Vũ - Cát Hải, thành phố Hải Phòng",Công ty TNHH Chế tạo Canadian Solar Việt Nam,19-01-2024,Hết hạn
2337,GPMT,Khu xử lý chất thải tập trung Nghi Sơn,"Khu kinh tế Nghi Sơn, xã Trường Lâm, thị xã Nghi Sơn, tỉnh Thanh Hóa",Công ty Cổ phần môi trường Nghi Sơn,12-01-2024,Hết hạn
2338,GPMT,Đầu tư xây dựng và kinh doanh hạ tầng kỹ thuật Khu công nghiệp Phú Mỹ II,"Thị xã Phú Mỹ, tỉnh Bà Rịa-Vũng Tàu.",Tổng công ty IDICO - CTCP,12-01-2024,Hết hạn
2339,GPMT,"Nâng cấp cảng biển Vissai tại xã Nghi Thiết, huyện Nghi Lộc, tỉnh Nghệ An.","xã Nghi Thiết, huyện Nghi Lộc, tỉnh Nghệ An.",Công ty Cổ phần Xi măng Sông Lam,12-01-2024,Hết hạn
2340,GPMT,Thuỷ điện Pa Hạ,"xã Pa Vệ Sủ, huyện Mường Tè, tỉnh Lai Châu",Công ty cổ phần thủy điện VN,12-01-2024,Hết hạn
2329,GPMT,Kho xăng dầu ngoại quan Vân Phong,"Đảo Mỹ Giang, xã Ninh Phước, thị xã Ninh Hòa, tỉnh Khánh Hòa.",Công ty TNHH Liên doanh kho ngoại quan xăng dầu Vân Phong,09-01-2024,Hết hạn
2330,GPMT,"Nhà máy Fushan Technology (Việt Nam) (mở rộng quy mô, nâng công suất)","Số 8, đường 6, Khu đô thị, công nghiệp và dịch vụ VSIP Bắc Ninh, phường Phù Chẩn, thành phố Từ Sơn, tỉnh Bắc Ninh.",Công ty TNHH Fushan Technology (Việt Nam),09-01-2024,Hết hạn
2331,GPMT,Thủy điện Sông Lô 8B (công suất 27 MW),"Huyện Yên Sơn, huyện Chiêm Hóa và huyện Hàm Yên, tỉnh Tuyên Quang",Công ty cổ phần Xây dựng và Thương mại Lam Sơn,09-01-2024,Hết hạn
2332,GPMT,"Khu công nghiệp hỗ trợ Đồng Văn III, phường Hoàng Đông, Thị xã Duy Tiên, tỉnh Hà Nam.","Khu công nghiệp hỗ trợ Đồng Văn III, phường Hoàng Đông, thị xã Duy Tiên, tỉnh Hà Nam.",Công ty TNHH YKK Việt Nam – Chi nhánh Hà Nam,09-01-2024,Hết hạn
2333,GPMT,Khu công nghiệp Tràng Duệ - Khu A,"huyện An Dương, thuộc khu kinh tế Đình Vũ – Cát Hải, thành phố Hải Phòng.",Công ty cổ phần KCN Sài Gòn – Hải Phòng,09-01-2024,Hết hạn
2334,GPMT,Bệnh viện Đa khoa khu vực miền núi phía Bắc Quảng Nam,"107 đường Quang Trung, thị trấn Ái Nghĩa, huyện Đại Lộc, tỉnh Quảng Nam",Bệnh viện Đa khoa khu vực miền núi phía Bắc Quảng Nam,09-01-2024,Hết hạn
2335,GPMT,Thủy điện Sông Lô 8A,"Huyện Hàm Yên, Tuyên Quang.",Công ty cổ phần Xây dựng và Thương mại Lam Sơn,09-01-2024,Hết hạn
2336,GPMT,Nhà máy Thủy điện Nước Lương,"Xã Ân Sơn, Ân Hữu, Ân Nghĩa và Dak Mang, huyện Hoài Ân, tỉnh Bình Định",Công ty Cổ phần thủy điện Nước Lương,09-01-2024,Hết hạn
1455,GPMT,Đầu tư xây dựng mới Bệnh viện đa khoa khu vực Hóc Môn với quy mô 1.000 giường bệnh.,"65/2B Bà Triệu, thị trấn Hóc Môn, huyện Hóc Môn, TP.HCM.",Ban Quản lý dự án đầu tư xây dựng các công trình dân dụng và công nghiệp (Ban DDCN),05-01-2024,Hết hạn
1443,GPMT,Khu công nghiệp Becamex - Bình Phước,"Thị xã Chơn Thành, tỉnh Bình Phước",Công ty Cổ phần Phát triển Hạ tầng Kỹ thuật Becamex - Bình Phước.,04-01-2024,Hết hạn
1444,GPMT,"Khu công nghiệp sông Khoai, quy mô 714ha","xã Sông Khoai, phường Cộng Hòa, phường Minh Thành và phường Đông Mai, Thị Xã Quảng Yên, tỉnh Quảng Ninh.",Công ty Cổ phần Đô thị Amata Hạ Long.,04-01-2024,Hết hạn
1445,GPMT,"Bệnh viện Đa khoa Quốc tế VINMEC cần Thơ, quy mô 500 giường.","số 150A, đường 3 tháng 2, quận Ninh Kiều (ngã ba giao giữa tuyến đường 3 tháng 2 và đường Trần Văn Hoài, phường Hưng Lợi, quận Ninh Kiều, thành phố cần Thơ",Công ty cổ phần bệnh viện đa khoa Quốc tế Vimec,04-01-2024,Hết hạn
1446,GPMT,Kho cảng xăng dầu PETEC Cái Mép,"Khu công nghiệp Cái Mép, xã Tân Phước, huyện Tân Thành, tỉnh Bà Rịa – Vũng Tàu.",Tổng Công ty Thương mại Kỹ thuật và Đầu tư – CTCP (PETEC),04-01-2024,Hết hạn
1447,GPMT,Nhà máy xử lý chất thải nguy hại Hà Lộc,"Khu xử lý chất thải tập trung Tóc Tiên, xã Tóc Tiên, thị xã Phú Mỹ, tỉnh Bà Rịa – Vũng Tàu.",Công ty TNHH Hà Lộc,04-01-2024,Hết hạn
1448,GPMT,Mỏ đá Lô 11A,"Khu phố Ông Trịnh, phường Tân Phước, thị xã Phú Mỹ, tỉnh Bà Rịa – Vũng Tàu.",Công ty Cổ phần Thanh Tâm,04-01-2024,Hết hạn
1449,GPMT,"Đầu tư xây dựng và kinh doanh hạ tầng khu công nghiệp Bàu Bàng mở rộng, quy mô 10.009.763 m2","Thị trấn Lai Uyên, xã Cây Trường II, huyện Bàu Bàng và xã Long Tân, huyện Dầu Tiếng, tỉnh Bình Dương",Tổng Công ty Đầu tư và Phát triển Công nghiệp - CTCP,04-01-2024,Hết hạn
1450,GPMT,Khu công nghệ cao Hoà Lạc - Phần thực hiện bằng nguồn vốn vay ODA Nhật Bản.,"xã Tân Xã, Hạ Bằng, Thạch Hòa huyện Thạch Thất, thành phố Hà Nội.",Ban Quản lý Khu Công nghệ cao Hoà Lạc,04-01-2024,Hết hạn
1451,GPMT,"Nhà máy Fushan Technology (Việt Nam) (mở rộng quy mô, nâng công suất)","Số 8, đường 6, Khu đô thị, công nghiệp và dịch vụ VSIP Bắc Ninh, phường Phù Chẩn, thành phố Từ Sơn, tỉnh Bắc Ninh",Công ty TNHH Fushan Technology (Việt Nam),04-01-2024,Hết hạn
1452,GPMT,"Nhà máy sản xuất axit thực phẩm, axit điện tử và các muối phốt phát tại khu công nghiệp Tằng Loỏng” (bổ sung xưởng sản xuất axit photphoric điện tử công suất 60.000 tấn/năm)","KCN Tằng Loỏng, thị trấn Tằng Loỏng, huyện Bảo Thắng, tỉnh Lào Cai.",Công ty TNHH MTV hóa chất Đức Giang Lào Cai.,04-01-2024,Hết hạn
1453,GPMT,"Nhà máy chế biến và xử lý các loại xỉ ngành luyện kim, phế thải gạch vật liệu chịu lửa, đất phế liệu kim loại","CCN Trúc Mai, xã Lâu Thượng, huyện Võ Nhai, tỉnh Thái Nguyên.",Công ty cổ phần Đầu tư và Thương mại Trọng Tín,04-01-2024,Hết hạn
1454,GPMT,Sản xuất xút theo công nghệ màng trao đổi ion,"Khu 9 thị trấn Phong Châu, huyện Phù Ninh, tỉnh Phú Thọ",Công ty Cổ phần Đông Á,04-01-2024,Hết hạn
1442,GPMT,"Khu đô thị Sài Gòn Bình An, diện tích 117,422ha","Phường An Phú, thành phố Thủ Đức, Tp. Hồ Chí Minh",Công ty Cổ phần Đầu tư và Phát triển Sài Gòn,03-01-2024,Hết hạn
1436,GPMT,"Đầu tư nhà máy xử lý chất thải công nghiệp, chất thải y tế","Xã Trạm Thản, huyện Phù Ninh, tỉnh Phú Thọ.",Công ty TNHH Môi trường Phú Minh Vina,02-01-2024,Hết hạn
1437,GPMT,Thủy điện Bản Nhùng (Kỳ Cùng 6).,"Xã Trấn Ninh, xã Song Giang, huyện Văn Quan và xã Hồng Thái, xã Hoàng Việt, huyện Văn Lãng, tỉnh Lạng Sơn.",Công ty Cổ phần Tập đoàn tƣ vấn đầu tƣ xây dựng Hải Lý,02-01-2024,Hết hạn
1438,GPMT,Trang trại chăn nuôi lợn và trồng cây ăn quả – giai đoạn 1,"xã Chiềng San, xã Chiềng Hoa, huyện Mường La, tỉnh Sơn La",Công ty Cổ phần CMC Mường La,02-01-2024,Hết hạn
1439,GPMT,Nhà máy tích hợp xử lý chất thải rắn Vietstar,"Khu Liên hợp xử lý chất thải rắn Tây Bắc Thành phố, xã Thái Mỹ, huyện Củ Chi, Hồ Chí Minh.",Công ty Cổ phần Vietstar,02-01-2024,Hết hạn
1441,GPMT,Nhà máy xử lý nước thải Đức Ninh,"xã Đức Ninh, thành phố Đồng Hới, tỉnh Quảng Bình",Ban QLDA Môi trường và Biến đổi khí hậu thành phố Đồng Hới,02-01-2024,Hết hạn
1459,GPMT,Nhà máy Shinyang Metal Korea,"Lô XN7-1, KCN Đại An mở rộng, thị trấn Lai Cách, huyện Cẩm Giàng, tỉnh Hải Dương.",Công ty TNHH ShinYang Metal Korea.,29-12-2023,Hết hạn
1404,GPMT,Khu công nghiệp Châu Sơn - tỉnh Hà Nam,"Thành phố Phủ Lý và huyện Kim Bảng, huyện Thanh Liêm, tỉnh Hà Nam.",Ban Quản lý các khu công nghiệp tỉnh Hà Nam,28-12-2023,Hết hạn
1405,GPMT,"Mở rộng, nâng công suất nhà máy hóa sợi, dệt, nhuộm – giai đoạn 3","KCN Bàu Bàng, thị trấn Lai Uyên, huyện Bàu Bàng, tỉnh Bình Dương",Công ty TNHH Polytex Far Eastern (Việt Nam),28-12-2023,Hết hạn
1406,GPMT,Hạ tầng kỹ thuật khu công nghiệp Đình Vũ – giai đoạn II,"Bán đảo Đình Vũ, phường Đông Hải 2, quận Hải An, thành phố Hải Phòng.",Công ty Cổ phần KCN Đình Vũ,28-12-2023,Hết hạn
1408,GPMT,Nhà máy Thủy điện Đa Nhim Thượng 3,"Đạ Sar, huyện Lạc Dương, tỉnh Lâm Đồng.",Công ty Cổ phần Toàn Thắng Đạt,28-12-2023,Hết hạn
1409,GPMT,Nhà máy Công ty TNHH DongJin Total Motor Solutions,"Lô E2, Đường 5, KCN Long Bình (Loteco), Phường Long Bình, Tp. Biên Hòa, tỉnh Đồng Nai.",Công ty TNHH DongJin Total Motor Solutions,28-12-2023,Hết hạn
1410,GPMT,"Khu công nghiệp Quán Ngang, tỉnh Quảng Trị","Xã Gio Quang và Gio Châu, huyện Gio Linh, tỉnh Quảng Trị",Ban Quản lý Khu kinh tế tỉnh Quảng Trị,28-12-2023,Hết hạn
1394,GPMT,"Nâng công suất nhà máy sản xuất các loại hóa mỹ phẩm tiêu dùng, từ công suất 327.841 tấn/năm lên 487.431 tấn/năm","KCN Đồng An, phường Bình Hòa, thành phố Thuận An, tỉnh Bình Dương",Công ty TNHH Procter & Gamble Đông Dương,22-12-2023,Hết hạn
1395,GPMT,"Khai thác hầm lò mở rộng, xuống sâu mỏ Nam Khe Tam","xã Dương Huy, thành phố Cẩm Phả, tỉnh Quảng Ninh",Tổng công ty Đông Bắc,22-12-2023,Hết hạn
1396,GPMT,Bệnh viện Hữu nghị Đa khoa Nghệ An – giai đoạn 2,"xã Nghi Phú, thành phố Vinh, tỉnh Nghệ An.",Công ty Cổ phần Bệnh viện hữu nghị đa khoa Nghệ An,22-12-2023,Hết hạn
1397,GPMT,Nhà máy Alutec Vina,"Lô CN6, Khu công nghiệp Điềm Thụy, phường Hồng Tiến, thành phố Phổ Yên và xã Điềm Thụy, huyện Phú Bình, tỉnh Thái Nguyên",Chi nhánh Công ty cổ phần Hyundai Aluminum Vina tại Thái Nguyên.,22-12-2023,Hết hạn
1390,GPMT,Nhà máy Xi măng Cẩm Phả,"Km6, Quốc lộ 18A, Phường Cẩm Thạch, Thành phố Cẩm Phả, Tỉnh Quảng Ninh.",Công ty Cổ phần Xi măng Cẩm Phả - Tập đoàn Công nghiệp - Viễn thông Quân đội.,18-12-2023,Hết hạn
1391,GPMT,Khai thác hầm lò xuống sâu dưới mức -35 khu Lộ Trí - Công ty than Thống Nhất - TKV (điều chỉnh),"Phường Cẩm Đông, thành phố Cẩm Phả, tỉnh Quảng Ninh",Chi nhánh Tập đoàn Công nghiệp Than – Khoáng sản Việt Nam - Công ty Than Thống Nhất - TKV,18-12-2023,Hết hạn
1392,GPMT,Nhà máy Công ty TNHH TaiTan Việt Nam,"Lô C-4A-CN, KCN Bàu Bàng mở rộng, thị trấn Lai Uyên, huyện Bàu Bàng, tỉnh Bình Dương",Công ty TNHH TaiTan Việt Nam,18-12-2023,Hết hạn
1393,GPMT,Nhà máy KHVATEC Thái Nguyên,"Lô CN7, Khu công nghiệp Yên Bình, Phường Đồng Tiến, Thành phố Phổ Yên, Tỉnh Thái Nguyên",Công ty TNHH KHVATEC Thái Nguyên,18-12-2023,Hết hạn
1361,GPMT,"Dự án Đầu tư xây dựng và kinh doanh hạ tầng kỹ thuật Khu B, Khu công nghiệp Tân Đông Hiệp, huyện Dĩ An, tỉnh Bình Dương","Khu công nghiệp Tân Đông Hiệp B, phường Phú Tân, thành phố Thủ Dầu Một, tỉnh Bình Dương.",Công ty TNHH Tập đoàn Đầu tư và Xây dựng Tân Đông Hiệp,12-12-2023,Hết hạn
1362,GPMT,Nhà máy xử lý chất thải công nghiệp.,"Xã Phù Lãng, thị xã Quế Võ, tỉnh Bắc Ninh.",Công ty TNHH Môi trường Việt Tiến,12-12-2023,Hết hạn
1363,GPMT,Khai thác xuống sâu dưới mức -220 mỏ Bình Minh - Công ty Than Hòn Gai - TKV,"Phường Hà Khánh và phường Hà Lầm, thành phố Hạ Long, tỉnh Quảng Ninh",Chi nhánh Tập đoàn Công nghiệp Than – Khoáng sản Việt Nam - Công ty Than Hòn Gai - TKV,12-12-2023,Hết hạn
1364,GPMT,"Khai thác mỏ sét Yên Mỹ tại xã Lê Lợi, huyện Hoành Bồ, tỉnh Quảng Ninh","xã Lê Lợi, thành phố Hạ Long, tỉnh Quảng Ninh.",Công ty Cô phần Xi măng Thăng Long,12-12-2023,Hết hạn
1365,GPMT,Mỏ đá khối số IV (Dự án “Khai thác Mỏ đá khối số IV”).,"Mỏ đá khối số IV tại xã Sơn Dương và xã Thống Nhất, huyện Hoành Bồ, tỉnh Quảng Ninh.",Công ty Cổ phần Xi măng Thăng Long,12-12-2023,Hết hạn
1366,GPMT,Trung tâm giống bò sữa Mộc Châu,"Tiểu khu 26/7, Thị trấn Nông trường Mộc Châu, huyện Mộc Châu, tỉnh Sơn La.",Công ty Cổ phần giống bò sữa Mộc Châu,12-12-2023,Hết hạn
1367,GPMT,Đầu tư xây dựng và kinh doanh cơ sở hạ tầng Khu công nghiệp Tân Bình.,"Thị trấn Tân Bình, huyện Bắc Tân Uyên và xã Hưng Hòa, huyện Bàu Bàng, tỉnh Bình Dương.",Công ty Cổ phần Khu công nghiệp Tân Bình.,12-12-2023,Hết hạn
1337,GPMT,Dự án LG Electronics Việt Nam Hải Phòng,"Lô số CN2 và CN3, Khu công nghiệp Tràng Duệ, thuộc Khu kinh tế Đình Vũ - Cát Hải, xã Hồng Phong, huyện An Dương, thành phố Hải Phòng",Công ty TNHH LG Electronics Việt Nam Hải Phòng,06-12-2023,Hết hạn
1338,GPMT,Nhà máy sản xuất dây thép đen và dây thép mạ,"KCN Phố Nối A, xã Giai Phạm, huyện Yên Mỹ, tỉnh Hưng Yên.",Công ty TNHH Thép dây Hòa Phát,06-12-2023,Hết hạn
1339,GPMT,Công ty TNHH Trina Solar Wafer (Viet Nam),"Lô CN15-2, KCN Yên Bình, phường Hồng Tiến, thành phố Phổ Yên, tỉnh Thái Nguyên.",Công ty TNHH Trina Solar Wafer (Viet Nam) .,06-12-2023,Hết hạn
1340,GPMT,"Đầu tư xây dựng và kinh doanh kết cấu hạ tầng Khu công nghiệp Cẩm Khê, huyện Cẩm Khê, tỉnh Phú Thọ.","Nằm trên địa bàn các xã Thanh Nga, Sai Nga, Sơn Nga và xã Xương Thịnh (nay là thị trấn Cẩm Khê), huyện Cẩm Khê, tỉnh Phú Thọ.",Công ty Cổ phần Xây dựng Đức Anh,06-12-2023,Hết hạn
1341,GPMT,Nhà máy sản xuất dây thép đen và dây thép mạ,"KCN Phố Nối A, xã Giai Phạm, huyện Yên Mỹ, tỉnh Hưng Yên.",Công ty TNHH Thép dây Hòa Phát,06-12-2023,Hết hạn
1342,GPMT,Kho ngoại quan và dịch vụ Logistic,"phường Tân Vạn, thành phố Biên Hòa, tỉnh Đồng Nai.",Công ty CP Đầu tư Thái Bình,06-12-2023,Hết hạn
1343,GPMT,"Đầu tư xây dựng và kinh doanh hạ tầng kỹ thuật Khu công nghiệp Nhơn Trạch 5, tỉnh Đồng Nai","thị trấn Hiệp Phước, xã Long Tân và xã Phú Hội, huyện Nhơn Trạch, tỉnh Đồng Nai.",Tổng công ty IDICO - CTCP,06-12-2023,Hết hạn
1344,GPMT,"Nhà máy bia Masan Hậu Giang, công suất 150 triệu lít/năm","Khu công nghiệp Sông Hậu, xã Đông Phú, huyện Châu Thành, tỉnh Hậu Giang.",Công ty TNIIH MTV Masan Brewery HG.,06-12-2023,Hết hạn
1319,GPMT,Đầu tư Xây dựng và kinh doanh kết cấu hạ tầng Khu công nghiệp Sạch,"xã Hồng Tiến, huyện Khoái Châu và xã Xuân Trúc, huyện Ân Thi, tỉnh Hưng Yên.",Công ty TNHH Đầu tư và phát triển khu công nghiệp VTK Hưng Yên.,30-11-2023,Hết hạn
1320,GPMT,Đề xuất cấp giấy phép môi trường cho phần diện tích 251 ha KCN Bá Thiện II - Tỉnh Vĩnh Phúc,"KCN Bá Thiện II, xã Thiện Kế, huyện Bình Xuyên, tỉnh Vĩnh Phúc",Công ty cổ phần VINA - CPK,30-11-2023,Hết hạn
1321,GPMT,"Nhà máy dệt, may, nhuộm và phụ liệu dệt may","KCN Tam Thăng, xã Tam Thăng, thành phố Tam Kỳ, tỉnh Quảng Nam.",Công ty TNHH MTV Panko Tam Thăng.,30-11-2023,Hết hạn
1322,GPMT,Công ty TNHH công nghệ thực phẩm Pataya (Việt Nam),"lô đất số 44, Khu công nghiệp Trà Nóc 1, phƣờng Trà Nóc, quận Bình Thủy, thảnh phố Cần Thơ.",Công ty TNHH công nghệ thực phẩm Pataya (Việt Nam),30-11-2023,Hết hạn
1323,GPMT,Thủy điện Nậm Xí Lùng 2,"xã Pa Vệ Sủ, huyện Mường Tè, tỉnh Lai Châu",Công ty Cổ phần Thủy điện Nậm Xí Lùng,30-11-2023,Hết hạn
1333,GPMT,"Công trình khai thác, chế biến quặng apatit khu làng Mô, xã Gia Phú, huyện Bảo Thắng, tỉnh Lào Cai.","xã Gia Phú, huyện Bảo Thắng, tỉnh Lào Cai.",Công ty Cổ phần Đầu tư Vạn Thắng.,30-11-2023,Hết hạn
1334,GPMT,Hầm đường bộ qua đèo Hải Vân,Phía Bắc thuộc thị trấn Lăng Cô – huyện Phú Lộc – tỉnh Thừa Thiên Huế; Phía Nam thuộc thuộc phường Hòa Hiệp Bắc – quận Liên Chiểu – thành phố Đà Nẵng.,Công ty Cổ phần Đầu tƣ Đèo Cả,30-11-2023,Hết hạn
1335,GPMT,Đầu tư và kinh doanh hạ tầng Khu công nghiệp Nhơn Trạch VI có điều chỉnh bổ sung.,"KCN Nhơn Trạch VI, xã Long Thọ, huyện Nhơn Trạch, tỉnh Đồng Nai.",Công ty TNHH MTV Đầu tư Xây dựng KCN Nhơn Trạch 6A.,30-11-2023,Hết hạn
1336,GPMT,"Nhà máy sản xuất, gia công các thiết bị điện, điện tử và các linh kiện điện tử Topband Smart Đồng Nai (Việt Nam) (công suất bo mạch của thiết bị điện tử 5.000 tấn sản phẩm/năm; thiết bị điện tử thông minh 2.500 tấn sản phẩm/năm; thiết bị chiếu sáng 10 tấn sản phẩm/năm; mô tơ điện 450 tấn sản phẩm/năm; bộ sạc và nguồn điện dự phòng 100 tấn sản phẩm/năm) - Nhà xưởng thứ nhất","lô D, KCN Lộc An - Bình Sơn, huyện Long Thành, tỉnh Đồng Nai.",Công ty TNHH Topband Smart Đồng Nai (Việt Nam),30-11-2023,Hết hạn
1360,GPMT,Nhà máy sản xuất sản phẩm chăm sóc gia đình của Công ty TNHH Quốc tế Unilever Việt Nam tại Bắc Ninh.,"số 19, đƣờng số 7, Khu công nghiệp VSIP Bắc Ninh, xã Phù Chẩn, thị xã Từ Sơn, tỉnh Bắc Ninh.",Công ty TNHH quốc tế Unilever Việt Nam,30-11-2023,Hết hạn
1398,GPMT,Sân golf Việt Yên,"Xã Hương Mai và xã Trung Sơn, huyện Việt Yên, tỉnh Bắc Giang",Công ty cổ phần đầu tư golf Trường An,27-11-2023,Hết hạn
1312,GPMT,"Cải thiện môi trường nước thành phố Hồ Chí Minh, giai đoạn I, giai đoạn II",Thành phố Hồ Chí Minh,Ban Quản lý Dự Án Đầu tư Xây dựng Các Công trình Giao thông (TCIP),24-11-2023,Hết hạn
1313,GPMT,"Nhà máy thiết kế, sản xuất và chế tạo các loại bảng mạch in điện tử (PCB), lắp ráp linh kiện điện tử lên PCB, lắp ráp các loại sản phẩm điện tử hoàn chỉnh (MKVC)","Lô CN9, KCN Thạch Thất – Quốc Oai, xã Phùng Xá – huyện Thạch Thất – Hà Nội.",Công ty TNHH Điện tử Meiko Việt Nam,24-11-2023,Hết hạn
1314,GPMT,"Khu xử lý chất thải sinh hoạt, công nghiệp và chất thải nguy hại Thiên Phước","xã Xuân Mỹ, huyện Cẩm Mỹ, tỉnh Đồng Nai.",Công ty TNHH Thương mại – Môi trường Thiên Phước,24-11-2023,Hết hạn
1315,GPMT,Nhà máy nước Thiện Tân,"số 329, đường Nhà máy nước Thiện Tấn, Tổ 2, Khu phố 10, Phường Tân Biên, Thành phố Biên Hòa, tình Đồng Nai",Công ty Cổ phần cấp nước Đồng Nai,24-11-2023,Hết hạn
1316,GPMT,Nhà máy TLB Vina,"Lô CN8-4, KCN Yên Phong II-C, thị trấn Chờ, huyện Yên Phong, tỉnh Bắc Ninh",Công ty TNHH TLB Vina,24-11-2023,Hết hạn
1317,GPMT,"Đầu tư, xây dựng kinh doanh hạ tầng khu công nghiệp công nghệ cao Long Thành, diện tích 410,31 ha","xã Tam An, xã An Phước và thị trấn Long Thành, huyện Long Thành, tỉnh Đồng Nai.",Công ty Cổ phần đô thị Amata Long Thành.,24-11-2023,Hết hạn
1318,GPMT,Nhà máy Hansol electronics vietnam Ho Nai,"Đường số 6, Khu công nghiệp Hố Nai - giai đoạn 2, phường Phước Tân, thành phố Biên Hòa, tỉnh Đồng Nai",Công ty TNHH Hansol Electronics Vietnam Hochiminhcity,24-11-2023,Hết hạn
1332,GPMT,Đầu tư xây dựng mở rộng Cảng hàng không Điện Biên,"phường Thanh Trường, thành phố Điện Biên Phủ, tỉnh Điện Biên.",Công ty Cổ phần Cảng hàng không Việt Nam,24-11-2023,Hết hạn
1283,GPMT,Nhà máy xử lý và tái chế bụi lò thép tại Việt Nam (VPR),"Lô C, Khu công nghiệp chuyên sâu Phú Mỹ 3, Phường Phước Hoà, Thị xã Phú Mỹ, Tỉnh Bà Rịa – Vũng Tàu",Công ty TNHH Zinc Oxide Corporation Việt Nam,20-11-2023,Hết hạn
1284,GPMT,"Khu liên hợp tái chế và xử lý rác thải sinh hoạt, công nghiệp nguy hại Nam Chính, công suất 96 tấn rác thải/ngày","xã Nam Chính, huyện Đức Linh, tỉnh Bình Thuận",Công ty TNHH Thương mại Xây dựng xử lý môi trường Đồng Thuận Phát,20-11-2023,Hết hạn
1285,GPMT,KCN Nam Thăng Long – Khu các xí nghiệp công nghiệp – giai đoạn 1,"a phận các phường Liên Mạc, phường Thuỵ Phương, quận Bắc Từ Liêm, TP Hà Nội",Công ty phát triển hạ tầng Hiệp hội công thương Hà Nội,20-11-2023,Hết hạn
1286,GPMT,Nhà máy đường Việt Nam,"hôn Tân Quý, xã Cam Thành Bắc, huyện Cam Lâm, tỉnh Khánh Hòa.",Công ty Cổ phần đường Việt Nam,20-11-2023,Hết hạn
1287,GPMT,Thủy điện Đạ Sar,"xã Đạ Sar, huyện Lạc Dương, tỉnh Lâm Đồng.",Công ty Cổ phần Điện Đạ Sar.,20-11-2023,Hết hạn
1288,GPMT,Nhà máy chế biến mủ cao su An Lộc,"Phường Xuân Lập, thành phố Long Khánh, tỉnh Đồng Nai.",Công ty TNHH Một Thành Viên Tổng Công ty Cao Su Đồng Nai,20-11-2023,Hết hạn
1269,GPMT,"Nhà máy sản xuất, lắp ráp bảng mạch điều khiển, bảng mạch nguồn, linh kiện đèn LED công suất 10.000.000 sản phẩm/năm","KCN Việt Nam-Singapore II, phường Hoà Phú, thành phố Thủ Dầu Một, tỉnh Bình Dương",Công ty TNHH Foremost Gulf International (VietNam),17-11-2023,Hết hạn
1270,GPMT,Cảng Thị Vải – giai đoạn 1,"Khu phố Quảng Phú, phường Phú Mỹ, thị xã Phú Mỹ, tỉnh Bà Rịa - Vũng Tàu.",Công ty TNHH Cảng quốc tế Thị Vải,17-11-2023,Hết hạn
1273,GPMT,"Nhà máy dệt, may, nhuộm và phụ liệu dệt may","KCN Tam Thăng, xã Tam Thăng, thành phố Tam Kỳ, tỉnh Quảng Nam.",Công ty TNHH MTV Panko Tam Thăng,17-11-2023,Hết hạn
1274,GPMT,Dự án Segi Việt Nam,"Lô C2-2, KCN Bá Thiện II, xã Thiện Kế, huyện Bình Xuyên, tỉnh Vĩnh Phúc.",Công ty SEGI Việt Nam,17-11-2023,Hết hạn
1275,GPMT,Nâng cấp hệ thống xử lý nước thải tập trung công suất xây lắp từ 6.000 m3/ngày lên 12.000 m3/ngày,"ường Trần Phú xã Hiệp Phước, huyện Nhơn Trạch, tỉnh Đồng Nai",Công ty Cổ phần Đầu tư Vinatex – Tân Tạo,17-11-2023,Hết hạn
1276,GPMT,"Khu liên hợp sản xuất gang thép Hòa Phát – Giai đoạn 1, 2, 3","phường Hiệp Sơn, thị xã Kinh Môn, tỉnh Hải Dương.",Công ty Cổ phần Thép Hòa Phát Hải Dương,17-11-2023,Hết hạn
1277,GPMT,Nhà máy chế biến mủ cao su Cẩm Mỹ,"ấp Suối Sóc, xã Xuân Mỹ, huyện Cẩm Mỹ, tỉnh Đồng Nai.",Công ty TNHH MTV Tổng Công ty cao su Đồng Nai,17-11-2023,Hết hạn
1272,GPMT,Nhà máy bột mỳ Việt Ý,"Số 51, đường Yết Kiêu, Phường Thọ Quang, Quận Sơn Trà, TP. Đà Nẵng",Công ty TNHII Interflour Đà Nẵng,16-11-2023,Hết hạn
1271,GPMT,Nhà máy sản xuất dây đồng TSM,"KCN Dệt May (Vinatex), thị trấn Hiệp Phước, huyện Nhơn Trạch, tỉnh Đồng Nai.",Công ty cổ phần Dây đồng TSM,15-11-2023,Hết hạn
1248,GPMT,"Di dời, mở rộng nhà máy giấy Hoàng Hà","lô đất CN2 thuộc Cụm công nghiệp thị trấn Tiên Lãng, huyện Tiên Lãng, thành phố Hải Phòng.",Công ty cổ phần HHP GLOBAL,10-11-2023,Hết hạn
1249,GPMT,Dự án Thủy điện Nậm Be 2,"xã Phúc Khoa, thị trấn Tân Uyên, huyện Tân Uyên, tỉnh Lai Châu.",Công ty Cổ phần thủy điện Nậm Be,10-11-2023,Hết hạn
1250,GPMT,Thủy điện Bảo Nhai bậc 1 (công suất 14MW),"xã Bảo Nhai và xã Cốc Ly, huyện Bắc Hà, tỉnh Lào Cai.",Công ty Cổ phần Xây dựng và Thương mại 299,10-11-2023,Hết hạn
1251,GPMT,"Nâng công suất sản xuất của Công ty TNHH bia Anheuser-Busch Inbev Việt Nam tại VSIP II-A, tỉnh Bình Dương, Việt Nam từ 50 triệu lít bia/năm lên 100 triệu lít bia/năm","Khu Công nghiệp VSIP II -A, Thị xã Tân Uyên tỉnh Bình Dương",Công ty TNHH bia Anheuser – Busch Inbev Việt Nam,10-11-2023,Hết hạn
1252,GPMT,Công ty TNHH Spartronics Việt Nam tại Nam Tân Uyên,"Lô A, Khu công nghiệp Nam Tân Uyên, phường Khánh Bình, thành phố Tân Uyên, tỉnh Bình Dương",Công ty TNHH Spartronics Việt Nam,10-11-2023,Hết hạn
1253,GPMT,Khu đô thị Đại An (điều chỉnh) – Giai đoạn 1,"Xã Tân Quang, thị trấn Như Quỳnh, huyện Văn Lâm và xã Nghĩa Trụ, huyện Văn Giang, tình Hưng Yên.",Công ty Cổ phần Vinhomes,10-11-2023,Hết hạn
1254,GPMT,Nhà máy xi măng Đại Dương 1,"xã Tân Trường, thị xã Nghi Sơn, tỉnh Thanh Hóa",Công ty Cổ phần Xi măng Đại Dương,10-11-2023,Hết hạn
1255,GPMT,Đầu tư xây dựng và kinh doanh hạ tầng Khu công nghiệp Mỹ Thuận.,"xã Mỹ Thịnh, xã Mỹ Thuận, huyện Mỹ Lộc và xã Hiển Khánh, huyện Vụ Bản, tỉnh Nam Định.",Công ty Cổ phần Xây dựng Hạ tầng Đại Phong.,10-11-2023,Hết hạn
1256,GPMT,"Đầu tư xây dựng công trình khai thác mỏ Titan - Zircon Nam Suối Nhum, tỉnh Bình Thuận","xã Thuận Quý và xã Tân Thành, huyện Hàm Thuận Nam, tỉnh Bình Thuận.",Công ty TNHH Thương mại Tân Quang Cường,10-11-2023,Hết hạn
481,GPMT,Nhà máy xử lý chất thải công nghiệp,"Lô 15, KCN Nam Sách, phường Ái Quốc, thành phố Hải Dương, tỉnh Hải Dương",Công ty TNHH Sản Xuất Dịch Vụ Thương Mại Môi Trường Xanh,09-11-2023,Hết hạn
482,GPMT,Mỏ đá hoa thôn 3 Nà Hà,"Thôn 3 - Nà Hà (nay là thôn Đồng Dân), xã An Phú, huyện Lục Yên, tỉnh Yên Bái.",Doanh nghiệp tƣ nhân dịch vụ sản xuất trồng rừng 327,09-11-2023,Hết hạn
483,GPMT,Nhà máy xử lý chất thải công nghiệp,"Thôn Cổ Chẩm, xã Việt Hồng, huyện Thanh Hà, tỉnh Hải Dương.",Công ty TNHH Sản Xuất Dịch Vụ Thương Mại Môi Trường Xanh,09-11-2023,Hết hạn
484,GPMT,Đầu tư xây dựng hạ tầng Cụm công nghiệp Hải Sơn Đức Hòa Đông,"xã Đức Hòa Đông, huyện Đức Hòa, tỉnh Long An.",Công ty TNHH Hải Sơn,09-11-2023,Hết hạn
485,GPMT,Nhà máy thủy điện Sơn La,"địa bàn các tỉnh Sơn La, Điện Biên và Lai Châu.",Công ty thủy điện Sơn La - Chi nhánh tập đoàn điện lực Việt Nam.,09-11-2023,Hết hạn
486,GPMT,Dự án đầu tư xây dựng hạ tầng kỹ thuật Cụm công nghiệp Đồng Sóc,"Xã Vũ Di, xã Vân Xuân và thị trấn Tứ Trung, huyện Vĩnh Tường, tỉnh Vĩnh Phúc.",Công ty TNHH Đầu tư Thương mại Vĩnh Phúc.,09-11-2023,Hết hạn
487,GPMT,Bệnh viện Đa khoa Hồng Ngọc – Phúc Trường Minh – giai đoạn 1.,"Số 8, đường Châu Văn Liêm, phường Phú Đô, quận Nam Từ Liêm, thành phố Hà Nội.",Công ty TNHH Bệnh viện ĐKTN An Sinh – Phúc Trường Minh.,09-11-2023,Hết hạn
477,GPMT,Đầu tư xây dựng và kinh doanh kết cấu hạ tầng Khu công nghiệp Phong Điền - Viglacera,"Xã Phong Hòa, xã Phong Hiền, thị trấn Phong Điền, huyện Phong Điền, tỉnh Thừa Thiên Huế.",Tổng Công ty Viglacera - CTCP.,06-11-2023,Hết hạn
478,GPMT,"Cải tạo, nâng cấp, bổ sung các công trình bảo vệ môi trường của Bệnh viện Đa khoa khu vực Củ Chi","số 9A đường Nguyễn Văn Hoài, ấp Bàu Tre 2, xã Tân An Hội, huyện Củ Chi, thành phố Hồ Chí Minh.",Bệnh viện Đa khoa khu vực Củ Chi,06-11-2023,Hết hạn
479,GPMT,Đầu tư xây dựng và kinh doanh kết cấu hạ tầng KCN Đồng Văn I mở rộng phía Đông Bắc nút giao Vực Vòng – giai đoạn 1,"phường Bạch Thượng, thị xã Duy Tiên, tỉnh Hà Nam.",Công ty Cổ phần Tập đoàn Hóa chất nhựa,06-11-2023,Hết hạn
480,GPMT,"Khai thác mỏ cao lanh tại thôn 2, xã Lộc Châu, thành phố Bảo Lộc, tỉnh Lâm Đồng (công suất 156.800 tấn nguyên khai/năm).","xã Lộc Châu, thành phố Bảo Lộc, tỉnh Lâm Đồng",Công ty TNHH Anh Kiên.,06-11-2023,Hết hạn
454,GPMT,"Kho cảng xăng dầu Hòa Hiệp, Thành phố Đà Nẵng","410 Nguyễn Văn Cừ, phường Hòa Hiệp Bắc, quận Liên Chiểu, thành phố Đà Nẵng.",Tổng Công ty Thương mại Kỹ thuật và Đầu tư - CTCP (PETEC),03-11-2023,Hết hạn
455,GPMT,"Nhà máy chế biến thủy sản xuất khẩu, sản xuất bột cá, thức ăn xuất khẩu và hậu cần nghề cá","Phường Hải Sơn, quận Đồ Sơn, thành phố Hải Phòng.",Công ty TNHH Việt Trường,03-11-2023,Hết hạn
456,GPMT,Thủy điện Phú Tân 2 (điều chỉnh công suất từ 60MW lên 93MW),"xã Phú Vinh, Phú Tân và Thanh Sơn  - huyện Ěịnh Quán - tỉnh Đồng Nai",Công ty Cổ phần ANI POWER,03-11-2023,Hết hạn
457,GPMT,Nhà máy lọc dầu Dung Quất,"xã Bình Trị, huyện Bình Sơn, tỉnh Quảng Ngãi.",Công ty cổ phần Lọc hoá dầu Bình Sơn.,03-11-2023,Hết hạn
458,GPMT,Nhà máy Kẽm điện phân tại khu công nghiệp Sông Công 1 - Thái Nguyên.,"Khu công nghiệp Sông Công 1, phường Bách Quang, TP Sông Công, tỉnh Thái Nguyên.",Công ty Cổ phần Kim loại màu Thái Nguyên - Vimico,03-11-2023,Hết hạn
459,GPMT,"Sản xuất máy biến áp, EMI Filter","Phía Bắc Quốc lộ 5, xã Cẩm Phúc, huyện Cẩm Giàng, tỉnh Hải Dương",Công ty TNHH Long Vina Electronics,03-11-2023,Hết hạn
461,GPMT,Nhà máy sản xuất giấy cứng bao bì cao cấp sản lượng 420.000 tấn giấy/năm Lee&Man Việt Nam,"Cụm công nghiệp tập trung Phú Hữu A – giai đoạn 1, thị trấn Mái Dầm, huyện Châu Thành, tỉnh Hậu GiangCụm công nghiệp tập trung Phú Hữu A – giai đoạn 1, thị trấn Mái Dầm, huyện Châu Thành, tỉnh Hậu Giang",Công ty TNHH Giấy Lee & Man Việt Nam,03-11-2023,Hết hạn
462,GPMT,Khu tổ hợp du lịch nghỉ dưỡng Sonasea Vân Đồn Harbor City – Phân khu 1.,"Xã Hạ Long, huyện Vân Đồn, tỉnh Quảng Ninh.",Công ty Cổ phần Đầu tư và Phát triển du lịch Vân Đồn,03-11-2023,Hết hạn
463,GPMT,Nhà máy UIL Việt Nam,"Lô F1, F3-1 và F3-2, Khu công nghiệp Quế Võ (khu vực mở rộng), phường Phương Liễu, thị xã Quế Võ và phường Nam Sơn, thành phố Bắc Ninh, tỉnh Bắc Ninh",Công ty Cổ phần UIL Việt Nam.,03-11-2023,Hết hạn
464,GPMT,Dự án Môi trường bền vững các thành phố Duyên Hải (CCSEP) - Tiểu dự án thành phố Quy Nhơn,"thành phố Quy Nhơn, tỉnh Bình Định.",Ban quản lý dự án đầu tư xây dựng các công trình dân dụng và công nghiệp tỉnh Bình Định,03-11-2023,Hết hạn
465,GPMT,Dự án S - Việt Nam,"Lô CN-05, Khu công nghiệp Đông Mai, phường Đông Mai, thị xã Quảng Yên, tỉnh Quảng Ninh",Công ty TNHH Competition Team Technology (Việt Nam),03-11-2023,Hết hạn
466,GPMT,"Sản xuất máy biến áp, khuôn bobbin và đèn led","Km39+300, quốc lộ 5, xã Cẩm Phúc, huyện Cẩm Giàng, tỉnh Hải Dương.",Công ty TNHH Hankook Bobbin Việt Nam,03-11-2023,Hết hạn
453,GPMT,"Dự án nâng công suất sản xuất Nhà máy Công ty TNHH Bia Anheuser - Busch Inbev Việt Nam tại Khu công nghiệp Mỹ Phước 2, tỉnh Bình Dương từ 50 triệu lít/năm lên 70 triệu lít/năm.","Lô A, đường NA7, KCN Mỹ Phước 2, thị xã Bến Cát, tỉnh Bình Dương.",Công ty TNHH Bia Anheuser - Busch Inbev Việt Nam,31-10-2023,Hết hạn
433,GPMT,Chi nhánh số 2 - Công ty TNHII Nhà máy Bia Heineken Việt Nam - Đà Nang (công suất 330 triệu lít/năm).,"Đường số 6 và số 2, Khu công nghiệp Hòa Khánh, Phường Hoà Khánh Bắc, Quận Liên Chiểu, Tp. Đà Nẵng.",Chi nhánh số 2 - Công ty TNHH Nhà máy Bia Heineken Việt Nam - Đà Nẵng,27-10-2023,Hết hạn
424,GPMT,Đầu tư xây dựng nhà máy xử lý nước thải công suất 10.000m3/ngày đêm và và thu gom rác,"Cụm công nghiệp Phú Lâm, huyện Tiên Du, tỉnh Bắc Ninh.",Công ty Cổ phần Môi trường xanh Kinh Bắc,26-10-2023,Hết hạn
422,GPMT,Nhà máy sản xuất rượu vang Dalat Beco,"Số 09 Dã Chiến, phường 11, thành phố Đà Lạt, tỉnh Lâm Đồng",Công ty Cổ phần Dalatbeco,25-10-2023,Hết hạn
423,GPMT,Khu đô thị mới Tây Mỗ - Đại Mỗ - Vinhomes Park” (bổ sung Trạm xử lý nước thải số 3 công suất 17.000 m3 /ngày đêm),"Phường Tây Mỗ và phường Đại Mỗ, quận Nam Từ Liêm, thành phố Hà Nội.",Công ty Cổ phần Đầu tư Xây dựng Thái Sơn,25-10-2023,Hết hạn
425,GPMT,"Nhà máy xử lý rác thải sinh hoạt tại xã Đông Nam, huyện Đông Sơn, tỉnh Thanh Hóa","xã Đông Nam, huyện Đông Sơn, tỉnh Thanh Hóa",Công ty Cổ phần Đầu tư và Phát triển Công nghệ môi trường Ecotech,25-10-2023,Hết hạn
427,GPMT,Bệnh viện Nhi Trung ương,"Số 18 ngõ 879, đường La Thành, phường Láng Thượng, quận Đống Đa, thành phố Hà Nội",Bệnh viện Nhi Trung ương,25-10-2023,Hết hạn
428,GPMT,Đầu tư nâng công suất mỏ than Đồng Rì,"xã Thanh Sơn và xã Thanh Luận, huyện Sơn Động, tỉnh Bắc Giang",Tổng công ty Đông Bắc,25-10-2023,Hết hạn
426,GPMT,Bệnh viện Nhi Đồng Thành Phố,"Số 15, Võ Trần Chí, xã Tân Kiên, huyện Bình Chánh, TP. Hồ Chí Minh",Bệnh viện Nhi Đồng Thành Phố,24-10-2023,Hết hạn
421,GPMT,"Đầu tư cải tạo, tối ưu hóa công nghệ, nâng công suất Nhà máy Xi măng VICEM Hải Phòng mới (Nâng công suất hệ thống lò nung clinker từ 3.300 tấn clinker/ngày lên 4.000 tấn clinker/ngày)","Tràng Kênh, Thị Trấn Minh Đức, huyện Thủy Nguyên, TP Hải Phòng",Công ty TNHH MTV Xi măng Vicem Hải Phòng,23-10-2023,Hết hạn
387,GPMT,Nâng công suất từ 600.000 KWh/năm thành 1.900.000 KWh/năm của Xí nghiệp Ắc quy đồng Nai 2,"Lô B201 – 202 – 203 – 204 – 205 và một phần lô B214, đƣờng N2, KCN Dệt May Nhơn Trạch, thị trấn Hiệp Phƣớc, huyện Nhơn Trạch, tỉnh Đồng Nai",Chi nhánh Công ty Cổ phần Pin Ắc quy miền Nam – Xí nghiệp Ắc quy Đồng Nai 2,19-10-2023,Hết hạn
388,GPMT,Đầu tư xây dựng và kinh doanh hạ tầng Bắc Khu A – KCN Bỉm Sơn (Điều chỉnh),"Xã Hà Long huyện Hà Trung và phường Bắc Sơn, thị xã Bỉm Sơn, tỉnh Thanh Hóa",Công ty Cổ phần Đầu tư VID Thanh Hóa,19-10-2023,Hết hạn
389,GPMT,"“Sản xuất linh kiện điện tử, thiết bị ngoại vi và thiết bị quang học” (Nâng công suất từ 14.129.000 sản phẩm/năm lên 44.389.000 sản phẩm/năm)","Lô IN3-8*A, IN3-8*B, IN3-8*C, IN3-8*D, IN3-8*E, Khu đô thị, công nghiệp và dịch vụ VSIP Hải Phòng, huyện Thủy Nguyên, thuộc Khu kinh tế Đình Vũ – Cát Hải, thành phố Hải Phòng",Công ty TNHH Lite On Việt Nam,19-10-2023,Hết hạn
406,GPMT,Công trình Thủy điện Nậm Cấu 1,"xã Bum Tở, huyện Mường Tè, tỉnh Lai Châu",Công ty Cổ phần kinh doanh xi măng Miền Bắc,19-10-2023,Hết hạn
407,GPMT,"Khu vui chơi giải trí, nhà ở và công viên sinh thái đảo Vũ Yên","đảo Vũ Yên, quận Hải An và huyện Thủy Nguyên, thành phố Hải Phòng",Tập đoàn Vingroup - Công ty CP,19-10-2023,Hết hạn
390,GPMT,"Dự án đầu tư xây dựng, kinh doanh hạ tầng khu công nghiệp Texhong Hải Hà – Giai đoạn 1","Khu công nghiệp Hải Hà, thị trấn Quảng Hà, huyện Hải Hà, tỉnh Quảng Ninh",Công ty TNHH Khu công nghiệp Hải Hà Việt Nam,18-10-2023,Hết hạn
400,GPMT,Cải tạo mở rộng Cảng Cẩm Phả,"Số 604, đƣờng Lý Thƣờng Kiệt, phƣờng Cửa Ông, thành phố Cẩm Phả, Quảng Ninh",Công ty Kho vận và Cảng Cẩm Phả - Vinacomin,18-10-2023,Hết hạn
402,GPMT,"N à máy sản xuất bột giặt, c ất tẩy rửa dạng lỏng, mỹ p ẩm, công suất 99.000 tấn sản p ẩm/năm","Lô 207, 208, đƣờng số 26, KCN VSIP II – A, TX. Tân Uyên, tỉn  Bìn  Dƣơng",Công ty TNHH VICO,18-10-2023,Hết hạn
403,GPMT,"Nhà máy sản xuất thuốc trừ sâu và các sản phẩm hóa chất khác dùng trong nông nghiệp, công suất 473 tấn/năm","Số 12, lô B, đường Thống Nhất, KCN Sóng Thần 2, Phường Dĩ An, Thành phố Dĩ An, Tỉnh Bình Dương",Công ty TNHH FMC Việt Nam,18-10-2023,Hết hạn
404,GPMT,Đầu tư xây dựng và kinh doanh hạ tầng kỹ thuật KCN Tân Đông Hiệp A,"KCN Tân Đông Hiệp A, KP. Đông Tác, phường Tân Đông Hiệp, Thành phố Dĩ An, tỉnh Bình Dương.",Công ty Cổ phần Xây dựng và Kinh doanh Bất động sản Dapark,18-10-2023,Hết hạn
405,GPMT,Khu xử lý chất thải Quang Trung - Hạng mục ô chôn lấp hợp vệ sinh số 08,"xã Quang Trung, huyện Thống Nhất, tỉnh Đồng Nai",Công ty Cổ phần Dịch vụ Sonadezi,18-10-2023,Hết hạn
401,GPMT,Nhà máy Thuốc sát trùng Huế (Xưởng sản xuất nông dược Phú Bài),"Tổ 9, phường Phú Bài, thị xã Hương Thuỷ, tỉnh Thừa Thiên Huế",Chi nhánh II Công ty Cổ phần Thuốc sát trùng Việt Nam,17-10-2023,Hết hạn
391,GPMT,Cải tạo mở rộng nâng công suất mỏ than Cao Sơn,"Mỏ Cao Sơn thuộc khoáng sàng than Khe Chàm, nằm trong cụm 03 mỏ lộ thiên Đèo Nai - Cọc Sáu - Cao Sơn thuộc thành phố Cẩm Phả, tỉnh Quảng Ninh",Công ty Cổ phần Than Cao Sơn - TKV,16-10-2023,Hết hạn
399,GPMT,"Đầu tư phát triển kết cấu hạ tầng Khu công nghiệp An Phát 1, huyện Nam Sách, tỉnh Hải Dương","Xã Quốc Tuấn, xã An Bình và xã An Lâm, huyện Nam Sách, tỉnh Hải Dương",Công ty cổ phần Khu công nghiệp Kỹ thuật cao An Phát 1,16-10-2023,Hết hạn
366,GPMT,Đầu tư xây dựng Nhà máy hợp kim sắt Tân An,"Số 52, phố Trịnh Ngọc Điệt, phường An Hưng, thành phố Thanh Hóa",Công ty Cổ phần Hợp kim sắt Tân An,13-10-2023,Hết hạn
392,GPMT,"Cơ sở Khai thác và luyện antimon xuất khẩu Mậu Duê, xã Mậu Duệ, huyện Yên Minh, tỉnh Hà Giang","Xã Mậu Duệ, huyện Yên Minh, tỉnh Hà Giang",Công ty Cổ phần Cơ khí và Khoáng sản Hà Giang,13-10-2023,Hết hạn
393,GPMT,Nhà máy sản xuất hợp kim nhôm công suất 60.000 tấn sản phẩm/năm,"Khu 3, phố Phúc Sơn, phường Phú Thứ, thị xã Kinh Môn, tỉnh Hải Dương",Công ty Cổ phần Pramac,13-10-2023,Hết hạn
394,GPMT,Nhà máy xử lý chất thải Bá Phát,"Cụm công nghiệp Suối Kè, thôn 1, xà Gia Huynh, huyện Tánh Linh, tỉnh Bình Thuận",Công ty TNH1I Môi Trường Bá Phát,13-10-2023,Hết hạn
395,GPMT,Nhà máy Alpha Networks Việt Nam: Dự án sản xuất thiết bị mạng và truyền thông,"Lô CN03, Khu Công nghiệp Đồng Văn IV, xã Đại Cương, huyện Kim Bảng, tỉnh Hà Nam",Công ty TNHH Alpha Netwworks Việt Nam,13-10-2023,Hết hạn
398,GPMT,"Mỏ đá vôi, sét, laterit Tà Thiết","xã Lộc Thành, huyện Lộc Ninh, tỉnh Bình Phước",Công ty Cổ phần Xi măng Vicem Hà Tiên,13-10-2023,Hết hạn
365,GPMT,Dự án Nhà máy xi măng Chinfon (Nâng công suất sản xuất xi măng từ 3.696.000 tấn xi măng/năm lên 4.200.000 tấn xi măng/năm),"Số 288, đường Bạch Đằng, thị trấn Minh Đức, huyện Thủy Nguyên, thành phố Hải Phòng.",Công ty xi măng Chinfon,12-10-2023,Hết hạn
364,GPMT,Khu công nghiệp Hoà Hiệp 1,"Phường Hoà Hiệp Bắc và phường Hoà Hiệp Trung, thị xã Đông Hoà, tỉnh Phú Yên.",Trung tâm Dịch vụ công ích thuộc Ban Quản lý Khu kinh tế Phú Yên.,11-10-2023,Hết hạn
361,GPMT,Đầu tư xây dựng công trình quản lý nguồn nước và ngập lụt tỉnh Vĩnh Phúc,"Thị trấn Tam Hồng, huyện Yên Lạc và thị trấn Thổ Tang, huyện Vĩnh Tường, tỉnh Vĩnh Phúc",Ban Quản lý dự án sử dụng vốn nước ngoài tỉnh Vĩnh Phúc,10-10-2023,Hết hạn
363,GPMT,Khu đô thị sinh thái Dream City,"Xã Long Hưng và xã Nghĩa Trụ, huyện Văn Giang, tỉnh Hưng Yên.",Công ty Cổ phần Vinhomes,10-10-2023,Hết hạn
362,GPMT,Khu công nghiệp Đại An mở rộng,"hường Tứ Minh, thành phố Hải Dương và các xã Cẩm Đông, Cẩm Đoài, thị trấn Lai Cách, huyện Cẩm Giàng, tỉnh Hải Dương",Công ty TNHH MTV phát triển hạ tầng KCN Đại An,09-10-2023,Hết hạn
358,GPMT,"Nhà máy sản xuất Giấy Tiến Nam, công suất 35.000 tấn sản phẩm/năm","đường số 10 giai đoạn 2 KCN Hố Nai, huyện Trảng Bom, tỉnh Đồng Nai.",Công ty TNHH Giấy Tiến Nam,06-10-2023,Hết hạn
359,GPMT,"Điều chỉnh dự án đầu tư xây dựng công trình Nhà máy sản xuất phân bón tại KCN Tằng Loỏng, huyện Bảo Thắng, tỉnh Lào Cai","Lô B29, KCN Tằng Loỏng, huyện Bảo Thắng, tỉnh Lào Cai.",Công ty Cổ phần Vật tư Nông sản,06-10-2023,Hết hạn
360,GPMT,Khu liên hợp xử lý chất thải Sông Công,"Thôn Tân Mỹ 2, xã Tân Quang, TP. Sông Công, tỉnh Thái Nguyên",Công ty TNHH Môi trường Sông Công,06-10-2023,Hết hạn
356,GPMT,Nâng công suất Nhà máy sản xuất nước giải khát Coca – Cola từ 820 triệu lít/năm lên 1 tỷ lít/năm,"số 485, Xa lộ Hà Nội, Phường Linh Trung, Thành phố Thủ Đức, Thành phố Hồ Chí Minh.",Công ty TNHH nước giải khát Coca-Cola Việt Nam,05-10-2023,Hết hạn
357,GPMT,"Điều chỉnh dự án đầu tư xây dựng và kinh doanh hạ tầng kỹ thuật Khu Công Nghiệp Xuyên Á giai đoạn 1, 2 – diện tích 302,4525 ha","xã Mỹ Hạnh Bắc, huyện Đức Hòa, tỉnh Long An",Công ty Cổ phần Ngọc Phong,05-10-2023,Hết hạn
310,GPMT,Đầu tư xây dựng hạ tầng Khu công nghiệp Minh Hưng - Sikico,"xã Đồng Nơ, huyện Hớn Quản, tỉnh Bình Phước",Công ty Cổ phần Công nghiệp Minh Hưng - Sikico,03-10-2023,Hết hạn
311,GPMT,"Đầu tư xây dựng và kinh doanh hạ tầng kỹ thuật Khu công nghiệp Cái Mép, tỉnh Bà Rịa- Vũng Tàu (khu Bắc Khu công nghiệp Cái Mép)","KCN Cái Mép thuộc phường Phước Hòa và phường Tân Phước, thị xã Phú Mỹ, tỉnh Bà Rịa -Vũng Tàu. KCN Cái Mép thuộc phường Phước Hòa và phường Tân Phước, thị xã Phú Mỹ, tỉnh Bà Rịa -Vũng Tàu.",Tổng Công ty Xây dựng Sài Gòn - TNHH Một thành viên,03-10-2023,Hết hạn
312,GPMT,Cơ sở sản xuất bia và nước giải khát thuộc Công ty Cổ phần Bia và Nước giải khát Hạ Long.,"Số 130 đường Lê Lợi, phường Yết Kiêu, thành phố Hạ Long, tỉnh Quảng Ninh.",Công ty Cổ phần Bia và Nước giải khát Hạ Long,03-10-2023,Hết hạn
313,GPMT,Công trình thủy điện Sông Lô 6,"thuộc địa phận xã Kim Ngọc, xã Vô Điếm, xã Quang Minh, xã Hùng An, xã Vĩnh Hảo, huyện Bắc Quang tỉnh Hà Giang và xã Yên Thuận, huyện Hàm Yên, tỉnh Tuyên Quang",Công ty TNHH Xuân Thiện Hà Giang,03-10-2023,Hết hạn
315,GPMT,Khu công nghiệp Phú Hà - Giai đoạn I,"thuộc các xã Hà Lộc, Phú Hộ và Hà Thạch, thị xã Phú Thọ, tỉnh Phú Thọ",Tổng Công ty Viglacera- CTCP,03-10-2023,Hết hạn
316,GPMT,Dự án công nghệ tế bào quang điện Jinko Solar PV Việt Nam,"Lô CN-XL-06 - Khu công nghiệp Sông Khoai, thị xã Quảng Yên, tỉnh Quảng Ninh",Công ty TNHH công nghiệp Jinko Solar (Việt Nam),03-10-2023,Hết hạn
317,GPMT,Thành lập Công ty TNHH Transon Việt Nam (giai đoạn 3),"Thửa đất số 254 (tờ bản đồ số F-48-116-123- C) và thửa đất số 239 (tờ bản đồ số F-48-116-123-C), KCN Lương Sơn, xã Hòa Sơn, huyện Lương Sơn, tỉnh Hòa Bình.",Công ty TNHH Transon Việt Nam,03-10-2023,Hết hạn
301,GPMT,"Khu công nghiệp Bình Xuyên, tỉnh Vĩnh Phúc","thị trấn Hương Canh, thị trấn Đạo Đức và xã Sơn Lôi thuộc huyện Bình Xuyên, tỉnh Vĩnh Phúc",Công ty TNHH Đầu tư xây dựng An Thịnh Vĩnh Phúc,02-10-2023,Hết hạn
302,GPMT,Hầm đường bộ qua đèo Hải Vân,Phía Bắc thuộc thị trấn Lăng Cô – huyện Phú Lộc – tỉnh Thừa Thiên Huế; Phía Nam thuộc thuộc phường Hòa Hiệp Bắc – quận Liên Chiểu – thành phố Đà Nẵng.,Công ty Cổ phần Đầu tư hạ tầng giao thông Đèo Cả,02-10-2023,Hết hạn
303,GPMT,"Nhà máy giấy Xuân Mai: Nâng công suất sản sản xuất giấy Medium, công suất 45.000 tấn sản phẩm/năm lên 60.000 tấn sản phẩm/năm; sản xuất giấy Tissue, công suất 32.000 tấn sản phẩm/năm lên 35.000 tấn sản phẩm/năm.","Lô C2, C4, C4a, C6, C6a và C6b, Khu công nghiệp Hiệp Phước, xã Hiệp Phước, huyện Nhà Bè, Tp. Hồ Chí Minh",Công ty giấy Xuân Mai,02-10-2023,Hết hạn
304,GPMT,"Khu công nghiệp Bảo Minh (Thuộc dự án “Điều chỉnh Đầu tư xây dựng và kinh doanh hạ tầng Khu công nghiệp Bảo Minh, tỉnh Nam Định” và Dự án “Đầu tư xây dựng và kinh doanh hạ tầng Khu công nghiệp Bảo Minh mở rộng”","Khu công nghiệp Bảo Minh thuộc địa bàn các Xã Liên Minh, xã Liên Bảo và xã Kim Thái, huyện Vụ Bản, tỉnh Nam Định",Công ty Cổ phần Đầu tư hạ tầng Khu công nghiệp Bảo Minh,02-10-2023,Hết hạn
305,GPMT,Cụm nhà máy chế biến thủy sản xuất khẩu Minh Phú,"ấp Thạnh Điền, xã Lý Văn Lâm, thành phố Cà Mau, tỉnh Cà Mau",Công ty Cổ phần Tập đoàn Thủy sản Minh Phú,02-10-2023,Hết hạn
306,GPMT,Công ty TNHH Top Textiles (Giai đoạn 1),"Lô K1, Khu công nghiệp dệt may Rạng Đông, thị trấn Rạng Đông, huyện Nghĩa Hưng, tỉnh Nam Định",Công ty TNHH Top Textiles,02-10-2023,Hết hạn
307,GPMT,Nhà máy bia Sài gòn - Ninh Thuận và Nhà máy bia Sài gòn - Ninh Thuận Sagota.,"KCN Thành Hải, xã Thành Hải, Thành phố Phan Rang - Tháp Chàm, Tỉnh Ninh Thuận",Công ty TNHH Bia Sài Gòn - Ninh Thuận,02-10-2023,Hết hạn
308,GPMT,Đầu tư Xây dựng và kinh doanh cơ sở hạ tầng khu công nghiệp Mỹ Xuân A,"phường Mỹ Xuân, thị xã Phú Mỹ, tỉnh Bà Rịa – Vũng Tàu.",Tổng công ty IDICO - CTCP,02-10-2023,Hết hạn
309,GPMT,Công ty TNHH Le Long Việt Nam,"Số 40, đường Bà Chánh Thâu, khu phố 2, thị trấn Bến Lức, huyện Bến Lức, tỉnh Long An.",Công ty TNHH Le Long Việt Nam,02-10-2023,Hết hạn
265,GPMT,Công ty Thủy điện Trị An   3092/KSONMT-CN&NH  19/9,"Thị trấn Vĩnh An, Huyện Vĩnh Cửu, tỉnh Đồng Nai",Công ty Thủy điện Trị An - Chi nhánh Tập đoàn Điện lực Việt Nam,21-09-2023,Hết hạn
266,GPMT,Bệnh viện Bệnh Nhiệt đó’i Trung uong 3084/KSONMT-CTRSH  19/9,"Thôn Bầu, xã Kim Chung, huyện Đông Anh, thành phố Hà Nội",Bệnh viện Bệnh Nhiệt đó’i Trung uo’ng,21-09-2023,Hết hạn
267,GPMT,"Nâng công suất nhà máy sản xuất hóa mỹ phẩm Đại Việt Hương, chi nhánh Vĩnh Long từ 14.000 tấn/năm lên 80.000 tấn/năm) 3081/KSONMT-CN&NH  19/9","Lô A4, Khu công nghiệp Hòa Phú, xã Hòa Phú, huyện Long Hồ, tỉnh Vĩnh Long.",Công ty Cổ phần Đại Việt Hương,21-09-2023,Hết hạn
268,GPMT,"Nhà máy sản xuất linh kiện điện tử, công suất 450.000.000 sản phẩm/năm       3051/KSONMT-CN&NH  18/9","ố 23 VSIPII, đường số 4, Khu công nghiệp Việt Nam-Singapore II, phường Hòa Phú, thành phố Thủ Dầu Một, tỉnh Bình Dương",Công ty TNHH Uchihashi Việt Nam,21-09-2023,Hết hạn
269,GPMT,Nhà máy Nano Tech   3063/KSONMT-CTRSH   19/9,"Lô E (thửa đất số 453, tờ bản đồ số 4), khu công nghiệp Quế Võ, phường Vân Dương, thành phố Bắc Ninh, tỉnh Bắc Ninh",Công ty TNHH Nano Tech,21-09-2023,Hết hạn
270,GPMT,"Đầu tư xây dựng công trình mở rộng mỏ vàng hầm lò Đăk Sa, huyện Phước Sơn, tỉnh Quảng Nam  3067/KSONMT-CN&NH 19/9","Thôn 4, xã Phước Đức, huyện Phước Sơn, tỉnh Quảng Nam",Công ty TNHH Vàng Phước Sơn,21-09-2023,Hết hạn
271,GPMT,"Đầu tư xây dựng, kinh doanh phát triển hạ tầng KCN, Đô thị và Dịch vụ VSIP Bắc Ninh (Điều chỉnh nâng công suất nhà máy xử lý nước thải từ công suất 8.500m3/ngày đêm lên 18.500 m3/ngày đêm). 3068/KSONMT-CTRSH  19/9","Khu công nghiệp , Đô thị và Dịch vụ VSIP Bắc Ninh nằm trong khu đất thuộc phường Phù Chẩn và phường Đình Bảng – thành phố Từ Sơn và xã Đại Đồng – huyện Tiên Du, tỉnh Bắc Ninh.",Công ty TNHH VSIP Bắc Ninh,21-09-2023,Hết hạn
272,GPMT,Nhà máy sản xuất hạt nhựa tái sinh (công suất 57.600 tấn/năm)   3070/KSONMT-CTRSH  19/9,"Lô A2,3 và A16 đường N1, Khu công nghiệp KSB (Khu B), xã Đất Cuốc, huyện Bắc Tân Uyên, tỉnh Bình Dương",Công ty TNHH Minh Hiếu Sài Gòn,21-09-2023,Hết hạn
273,GPMT,Công ty TNHH Bao bì Tân Kim Cương   3078/KSONMT-CTRSH  19/9,"CCN Tân Quang, xã Tân Quang, huyện Văn Lâm, tỉnh Hưng Yên.",Công ty TNHH Bao bì Tân Kim Cương,21-09-2023,Hết hạn
274,GPMT,Nhà máy sản xuất bia công suất 30 triệu lít/năm  3079/KSONMT-CTRSH  19/9,"Số 40, thị trấn Kim Bài, huyện Thanh Oai, TP Hà Nội.",Công ty Cổ phần Bia Hà Nội – Kim Bài,21-09-2023,Hết hạn
256,GPMT,Thủy điện Tân Lộc  3007/KSONMT-CN&NH 14/9,"xã Lộc An, xã Tân Lạc, huyện Bảo Lâm, tỉnh Lâm Đồng",Công ty cổ phần HPD Tân Lộc,19-09-2023,Hết hạn
257,GPMT,Nhà máy sản xuất dây cắt kim loại cao cấp Bedra   3008/KSONMT-CTRSH   14/9,"Lô số B5-B6, KCN Song Khê - Nội Hoàng, Xã Song Khê, Thành phố Bắc Giang, Tỉnh Bắc Giang",Công ty TNHH Bedra Việt Nam,19-09-2023,Hết hạn
258,GPMT,"Đầu tƣ xây dựng và kinh doanh hạ tầng kỹ thuật, nhà xƣởng Khu công nghi p Qu  Võ và  hu công nghi p Qu  Võ mở rộng, tỉnh Bắc Ninh  3022/KSONMT-CTRSH   15/9","Khu công nghiệp Quế Võ, tỉnh Bắc Ninh",Tổng Công ty Phát triển Đô thị  inh Bắc - CTCP,19-09-2023,Hết hạn
259,GPMT,Nhà máy may YI DA công suất 20 triệu sản phẩm/năm  3031/KSONMT-CTRSH  15/9,"Cụm công nghiệp thị trấn Sông Thao, Thị trấn Cẩm Khê, Huyện Cẩm Khê, Tỉnh Phú Thọ",Công ty TNHH YI DA Việt Nam,19-09-2023,Hết hạn
260,GPMT,Thủy điện Bo Ko 2   3038/KSONMT-CN&NH   15/9,"xã Hiếu và xã Pờ Ê, huyện Kon Plông, tỉnh Kon Tum",Công ty cổ phần Đầu tư và Phát triển Thủy điện BoKo,19-09-2023,Hết hạn
261,GPMT,"Nhà máy chế tạo thiết bị điện tử, phương tiện thiết bị mạng và các sản phẩm âm thanh đa phương tiện  3045/KSONMT-CTRSH   15/9","Khu công nghiệp Quế Võ, thành phố Bắc Ninh, tỉnh Bắc Ninh",Công ty TNHH khoa học kỹ thuật Goertek Vina,19-09-2023,Hết hạn
262,GPMT,"Đầu tư xây dựng hạ tầng Khu công nghiệp Lê Minh Xuân 3, diện tích 231,25 ha - Giai đoạn I   3044/KSONMT-CN&NH  15/9","xã Lê Minh Xuân, huyện Bình Chánh, TP. Hồ Chí Minh",Công ty Cổ phần đầu tư Sài Gòn VRG,19-09-2023,Hết hạn
254,GPMT,Đầu tư xây dựng và kinh doanh cơ sở hạ tầng Khu công nghiệp Biên Hòa II 2977//KSONMT-CN&NH   12/9,"phường Long Bình Tân và phường An Bình, Tp. Biên Hòa, tỉnh Đồng Nai.",Công ty Cổ phần Sonadezi Long Bình,18-09-2023,Hết hạn
255,GPMT,Xây dựng và kinh doanh cơ sở hạ tầng Khu công nghiệp Nội Bài    3000/KSONMT-CTRSH  14/9,"xã Quang Tiến và xã Mai Đình, huyện Sóc Sơn, thành phố Hà Nội.",Công ty TNHH Phát triển Nội Bài,18-09-2023,Hết hạn
252,GPMT,Xây dựng và kinh doanh hạ tầng kỹ thuật KCN Gò Dầu  2968/KSONMT-CN&NH  11/9,"KCN Gò Dầu, xã Phước Thái, huyện Long Thành, tỉnh Đồng Nai.",Công ty cổ phần Sonadezi Long Bình,15-09-2023,Hết hạn
253,GPMT,Công ty Honda Việt Nam   2970/KSONMT-CTRSH   12/9,"Phường Phúc Thắng, thành phố Phúc Yên, tỉnh Vĩnh Phúc",Công ty Honda Việt Nam,15-09-2023,Hết hạn
251,GPMT,Cảng Tân Cảng Cái Mép - Thị Vải (TCTT)   2932/KSONMT-CN&NH  7/9,"KP Tân Lộc, phường Phước Hoà, thị xã Phú Mỹ, tỉnh Bà Rịa Vũng Tàu",Công ty TNHH MTV Cảng Tân Cảng - Cái Mép Thị Vải,14-09-2023,Hết hạn
247,GPMT,Nhà máy gia công cơ khí và chế tạo máy công suất 13.500 tấn/năm    2905/KSONMT-CTRSH   6/9,"Số 36 khu A2, xã  Kênh Giang, huyện Thủy Nguyên, thành phố Hải Phòng",Công ty cổ phần xuất nhập khẩu Nam Bình Phát,13-09-2023,Hết hạn
248,GPMT,Nhà máy Valueplus Vina” thuộc Dự án Valueplus Vina – Giai đoạn I   2907/KSONMT-CTRSH   6/9,"Số 06, đường 3A, Khu công nghiệp, đô thị và dịch vụ VSIP Bắc Ninh, phường Phù Chẩn, thành phố Từ Sơn, tỉnh Bắc Ninh",Công ty TNHH Valueplus Vina,13-09-2023,Hết hạn
249,GPMT,Nhà máy thủy điện Nậm Chiến   2910/KSONMT-CTRSH   6/9,"Xã Ngọc Chiến, xã Chiềng Muôn, huyện Mường La, tỉnh Sơn La",Công ty Cổ phần thủy điện Nậm Chiến,13-09-2023,Hết hạn
250,GPMT,Sản xuất bảng mạch in cho LCD và Notebook  2915/KSONMT-CTRSH   6/9,"Lô II-CN-06.3, Khu công nghiệp Thanh Liêm giai đoạn 2, phường Thanh Tuyền, thành phố Phủ Lý, tỉnh Hà Nam",Công ty TNHH Bảng mạch in Chi Châu (Việt Nam),13-09-2023,Hết hạn
245,GPMT,Công ty TNHH Điện tử Dong Yang Hải Phòng 2880/KSONMT-CTRSH   5/9,"Khu công nghiệp Tràng Duệ, thuộc Khu kinh tế Đình Vũ – Cát Hải, xã Hồng Phong, huyện An Dương, thành phố Hải Phòng",Công ty TNHH Điện tử Dong Yang Hải Phòng,11-09-2023,Hết hạn
246,GPMT,Khu du lịch Tà Cú  2881/KSONMT-CN&NH  5/9,"Số 18 Nguyễn Văn Linh, khu phố Nam Thành, thị trấn Thuận Nam, huyện Hàm Thuận Nam, tỉnh Bình Thuận.",Công ty Cổ phần Du lịch Núi Tà Cú.,11-09-2023,Hết hạn
243,GPMT,"Mỏ đá vôi Yên Duyên - Công ty Cổ phần xi măng Bỉm Sơn, phường Đông Sơn, thị xã Bỉm Sơn, tỉnh Thanh Hóa  2866/KSONMT-CTRSH  31/8","phường Đông Sơn, thị xã Bỉm Sơn, tỉnh Thanh Hóa",Công ty Cổ phần xi măng Bỉm Sơn,06-09-2023,Hết hạn
244,GPMT,Nhà máy sản xuất Harting Việt Nam  2878/KSONMT-CTRSH   31/8,"Nhà xưởng A7-3, Lô số 6, Khu công nghiệp Cẩm Điền – Lương Điền, xã Cẩm Điền, huyện Cẩm Giàng, tỉnh Hải Dương",Công ty TNHH sản xuất Harting Việt Nam,06-09-2023,Hết hạn
241,GPMT,Đầu tư xây dựng hạ tầng Khu công nghiệp Tam Anh – Hàn Quốc   2854/KSONMT-CN&NH  30/8,"Khu kinh tế mở Chu Lai, xã Tam Anh Bắc, huyện Núi Thành, tỉnh Quảng Nam.",Công ty TNHH C&N Vina Tam Anh – Hàn Quốc,05-09-2023,Hết hạn
242,GPMT,"Trạm xử lý nước Dương Nội, quận Hà Đông công suất 30.000m3/ngày đêm   2856/KSONMT-CTRSH  30/8","phường Dương Nội, quận Hà Đông, thành phố Hà Nội",Công ty TNHH MTV Nước sạch Hà Đông,05-09-2023,Hết hạn
240,GPMT,"Bến số 3 - Cảng Chân Mây, công suất tàu tiếp nhận 50.000 DWT  2840/KSONMT-CN&NH 29/8","Khu cảng Chân Mây, Khu kinh tế Chân Mây – Lăng Cô, tỉnh Thừa Thiên Huế.",Công ty TNHH MTV Hào Hưng Huế,04-09-2023,Hết hạn
184,GPMT,Đầu tư xây dựng tổ hợp xử lý chất thải nguy hại và xử lý bùn không nguy hại làm phân bón  2789/KSONMT-CN&NH  24/8,"xã Bình Hòa, huyện Châu Thành, tỉnh An Giang. Công trình nằm trong Khu liên hợp xử lý chất thải rắn cụm Long Xuyên (giai đoạn 1).",Công ty Cổ phần Môi trường Đô thị An Giang,29-08-2023,Hết hạn
185,GPMT,Xây dựng hạ tầng kỹ thuật Khu đô thị mới Bắc Cầu Hàn – Giai đoạn 1   2824/KSONMT-CTRSH  28/8,"xã Minh Tân, huyện Nam Sách và xã Thượng Đạt, thành phố Hải Dương, tỉnh Hải Dương.",Công ty cổ phần đầu tư và xây dựng số 18.,29-08-2023,Hết hạn
186,GPMT,Nhà máy Yura Cable Việt Nam  2821/KSONMT-CTRSH   28/8,"Dự án năm trong Khu công nghiệp Đồng Văn IV, xã Nhật Tựu, huyện Kim Bảng, tỉnh Hà Nam.",Công ty TNHH Yura Cable Việt Nam,29-08-2023,Hết hạn
187,GPMT,"Xây dựng hạ tầng khu công nghiệp Đầu tư xây dựng khu công nghiệp Tân Phú Trung - TP Hồ Chí Minh tại Huyện Củ Chi, Thành phố Hồ Chí Minh.","Quốc lộ 22, Áp Trạm Bơm, Xã Tân Phú Trung, Huyện Củ Chi, Thành phổ Hồ Chí Minh",Cồng ty cổ phần phát triển đô thị Sài Gòn Tây Bắc,29-08-2023,Hết hạn
178,GPMT,"Đầu tư xây dựng và kinh doanh hạ tầng kỹ thuật Khu công nghiệp Lê Minh Xuân huyện Bình Chánh, thành phố Hồ Chí Minh 2724/KSONMT-CN&NH  21/8","Xã Lê Minh Xuân và xã Tân Nhựt, huyện Bình Chánh, thành phố Hồ Chí Minh.",Công ty TNHH MTV Đầu tư Kinh doanh nhà Khang Phúc.,21-08-2023,Hết hạn
176,GPMT,Khu du lịch tâm linh - sinh thái Tây Yên Tử    2675/KSONMT-CTRSH 17/8,"Thị trấn Tây Yên Tử, huyện Sơn Động, tỉnh Bắc Giang",Công ty cổ phần dịch vụ Tây Yên Tử,20-08-2023,Hết hạn
177,GPMT,"Hoạt động khai thác dầu khí tại mỏ Hải Thạch – Mộc Tinh, lô 05-2 và 05-3   2698/KSONMT-CN&NH  18/8","Mỏ Hải Thạch (HT) và Mộc Tinh (MT) thuộc lô 05-2 & 05- , ngoài khơi Đông Nam Việt Nam.",Công ty Điều hành Dầu Khí Biển Đông,20-08-2023,Hết hạn
158,GPMT,Dự án cứu hộ gấu Việt Nam tại Vườn quốc gia Bạch Mã   2701/KSONMT-CN&NH   18/8,"Khu đất thực hiện dự án nằm trong phân khu dịch vụ hành chính của Vườn, thuộc địa giới hành chính của Thị trấn Phú Lộc, huyện Phú Lộc, tỉnh Thừa Thiên Huế thuộc tiểu khu 214",Cục Kiểm lâm,18-08-2023,Hết hạn
159,GPMT,"Đầu tư xây dựng công trình khai thác, chế biến đá vôi mỏ Kim Lũ  2671/KSONMT-CN&NH  17/8","Mỏ đá khu vực Kim Lũ, xã Kim Hoá, huyện Tuyên Hoá, tỉnh Quảng Bình.",Công ty Cổ phần Đầu tư Khoáng sản – Than Đông Bắc,17-08-2023,Hết hạn
157,GPMT,"Mỏ đá xây dựng Tân Cang 4, phường Phước Tân, thành phố Biên Hòa, tỉnh Đồng Nai.  2667/KSONMT-CN&NH  16/8","Dự án đầu tư khai thác - chế biến đá xây dựng mỏ Tân Cang 4, phường Phước Tân, thành phố Biên Hòa, tỉnh Đồng Nai.",Công ty Cổ phần Công trình Giao thông Đồng Nai,16-08-2023,Hết hạn
156,GPMT,Chi nhánh Công ty Cổ phần nhôm Việt Pháp – Nhà máy nhôm Việt Pháp   2637/KSONMT-CTRSH  15/8,"Lô A và Lô CN1, KCN Trung Hà, xã Dân Quyền, huyện Tam Nông, tỉnh Phú Thọ",Công ty Cổ phần nhôm Việt Pháp – Nhà máy nhôm Việt Pháp,15-08-2023,Hết hạn
148,GPMT,"Chế tạo, sản xuất bộ điều khiển thông minh cho các thiết bị gia dụng và dụng cụ điện (nhà máy 01)  2512/KSONMT-CTRSH  7/8","Nhà xưởng kết cấu thép số 35, Lô đất số CN08, KCN An Dương, huyện An Dương, thành phố Hải Phòng.",Công ty TNHH H&T Intelligent Control (VietNam),14-08-2023,Hết hạn
149,GPMT,Thủy điện Phiêng Lúc   2537/KSONMT-CTRSH  8/8,"Xã Nậm Cần, huyện Tân Uyên, tỉnh Lai Châu",Công ty cổ phần Thủy điện Phiêng Lúc,14-08-2023,Hết hạn
150,GPMT,Nhà máy SEI OPTIFRONTIER Việt Nam    2551/KSONMT-CTRSH  9/8,"Lô B-3, Khu công nghiệp Thăng Long Vĩnh Phúc, xã Thiện Kế, huyện Bình Xuyên, tỉnh Vĩnh Phúc",Công ty TNHH SEI OPTIFRONTIER Việt Nam,14-08-2023,Hết hạn
151,GPMT,Khai thác lộ thiên khu Bắc Bàng Danh (điều chỉnh)   2565/KSONMT-CTRSH  9/8,"Nằm trong khoáng sàng Suối Lại, thuộc phƣờng Hà Khánh, phƣờng Hà Phong, TP. Hạ Long, tỉnh Quảng Ninh",Công ty CP Than Hà Tu - Vinacomin.,14-08-2023,Hết hạn
152,GPMT,Đầu tư xây dựng và kinh doanh hạ tầng Cụm công nghiệp Quý Ninh  2591/KSONMT 10/8,"xã An Quý và xã An Ninh, huyện Quỳnh Phụ, tỉnh Thái Bình",Công ty cổ phần Đầu tư thương mại Địa ốc Capital Holding,14-08-2023,Hết hạn
153,GPMT,Công nghệ Robot Grand-Pro Việt Nam    2595/KSONMT-CTRSH 10/8,"Nhà xưởng X1, X2, Lô CN12-03, Khu phi thuế quan và Khu công nghiệp Nam Đình Vũ (khu 1), thuộc Khu kinh tế Đình Vũ – Cát Hải, P. Đông Hải 2, Q. Hải An, TP. Hải Phòng.",Công ty TNHH công nghệ Robot Grand Pro Việt Nam,14-08-2023,Hết hạn
154,GPMT,Mỏ đá Thường Tân V  2602/KSONMT-CN&NH 11/8,"xã Thường Tân, huyện Bắc Tân Uyên, tỉnh Bình Dương.",Công ty TNHH Hóa An Tân Uyên.,14-08-2023,Hết hạn
155,GPMT,Nhà máy giấy Mục Sơn – Thuộc Công ty cổ phần Giấy Mục sơn.   2630/KSONMT-CTRSH  14/8,"Số 22 – Ngõ 20 , Lê Thái Tông, Khu phố 3, thị trấn Lam Sơn, huyện Thọ Xuân, tỉnh Thanh Hóa.",Công ty Cổ phần Giấy Mục Sơn,14-08-2023,Hết hạn
98,GPMT,Nhà máy tinh bột sắn Đắk Song -  2516/KSONMT-CN&NH 7/8,"Thôn 11, xã Nâm N‟Jang, huyện Đắk Song, tỉnh Đắk Nông.",Nhà máy tinh bột sắn Đắk Song - Chi nhánh Công ty CP Nông sản thực phẩm Quảng Ngãi,07-08-2023,Hết hạn
99,GPMT,Nhà máy bia quốc tế TTC. - 2461/KSONMT-CN&NH 3/8,"lô B10 CCN Cam Tuyền, huyện Cam Lộ, tỉnh Quảng Trị",Công ty cổ phần bia quốc tế TTC,07-08-2023,Hết hạn
100,GPMT,"Khai thác và chế biến đá hoa tại khu vực Liễu Đô 4, xã Liễu Đô, huyện Lục Yên, tỉnh Yên Bái - 2488/KSONMT-CTRSH  3/8","khu vực Liễu Đô 4, xã Liễu Đô, huyện Lục Yên, tỉnh Yên Bái.",Công ty TNHH Khai thác và chế biến đá Tường Phú,07-08-2023,Hết hạn
101,GPMT,Green Planet DC” - Giai đoạn 2 (Sản xuất pin lithium)  2458/KSONMT-CN&NH  3/8,"lô đất A3-1, khu A3, đường D2&N2, KCN Tân Phú Trung, huyện Củ Chi, thành phố Hồ Chí Minh.",Công ty TNHH Green Planet Distribution Centre,07-08-2023,Hết hạn
102,GPMT,Nhà máy luyện cán thép Nghi Sơn số 2 – Giai đoạn 1. - 2487/KSONMT-CTRSH  3/8,"Khu Liên hợp Gang thép Nghi Sơn, Khu Kinh tế Nghi Sơn, phường Hải Thượng, thị xã Nghi Sơn, tỉnh Thanh Hóa.",Công ty cổ phần Tập đoàn VAS Nghi Sơn,07-08-2023,Hết hạn
103,GPMT,"Nhà máy bia Sài Gòn - Bạc Liêu, công suất 50 triệu lít/năm 2454/KSONMT-CN&NH  2/8","Lô B5, Khu công nghiệp Trà Kha, phường 8, Thành phố Bạc Liêu, tỉnh Bạc Liêu",Công ty Cổ phần bia Sài Gòn - Bạc Liêu,07-08-2023,Hết hạn
104,GPMT,Hồ chứa cắt lũ kết hợp phát điện Đăk Bla - 2446/KSONMT-CN&NH  01/8,"sông Đăk Bla (nhánh cấp 1 của sông Sê San) thuộc địa phận xã Đăk Blà, thành phố Kon Tum, xã Đăk Tờ Re, huyện Kon Rẫy, tỉnh Kon Tum và xã Hà Tây, huyện Chư Păh, tỉnh Gia Lai.",Công ty Cổ phần Thuỷ điện Đăk Bla,07-08-2023,Hết hạn
105,GPMT,Xây dựng nhà ở công vụ tại cơ sở 1 Trường Sỹ quan Kỹ thuật quân sự và Trường Trung cấp Kỹ thuật Miền Trung - 2443/KSONMT-CN&NH  01/8,Cơ sở 1 Trường Sỹ quan Kỹ thuật quân sự và Trường Trung cấp Kỹ thuật Miền Trung,Tổng cục kỹ thuật – Bộ Quốc phòng.,07-08-2023,Hết hạn
106,GPMT,"Nhà máy xử lý nước thải thành phố Từ Sơn, công suất 33.000 m3/ngày đêm (giai đoạn 1) - 2437/KSONMT-CTRSH  01/8","phường Châu Khê, thành phố Từ Sơn, tỉnh Bắc Ninh.",Công ty Cổ phần Đầu tư Xây dựng và Thương mại Phú Điền,07-08-2023,Hết hạn
107,GPMT,"Cơ sở khai thác - chế biến mỏ đá PuzolanNui Sò, công suất 1.414.158 m3 vật liệu nguyên khai/năm tại xã Suối Rao, huyện Châu Đức, tỉnh Bà Rịa - Vũng Tàu. -2391/KSONMT-CN&NH  01/8","Mỏ Puzolan Núi Sò, xã Suối Rao, huyện Châu Đức, tỉnh Bà Rịa - Vũng Tàu.",Công ty TNHH Khoáng Sản Hiệp Lực,07-08-2023,Hết hạn
108,GPMT,"Khu đô thị Phú Quý (Goldenland), thành phố Hải Dương (giai đoạn 1).  - 2427/KSONMT-CTRSH - 31/7","phường Thạch Khôi và phường Tân Hưng, thành phố Hải Dương, tỉnh Hải Dương.",Liên danh Công ty TNHH Tập đoàn Quang Giáp và Công ty TNHH Đức Dương.,07-08-2023,Hết hạn
109,GPMT,Nhà máy nhôm Aluminum Hàn Việt. giai đoạn 1 - 2426/KSONMT-CTRSH  31/7,"Lô CN7, Khu công nghiệp Điềm Thụy, phƣờng Hồng Tiến, thành phố Phổ Yên, tỉnh Thái Nguyên",Công ty Cổ phần Aluminum Hàn Việt,07-08-2023,Hết hạn
110,GPMT,Cụm công nghiệp Tân Lập - 2424/KSONMT-CN&NH  31/7,"Xã Tân Nhuận Đông, huyện Châu Thành , tỉnh Đồng Tháp.",Công ty Cổ phần Xây lắp và Vật liệu xây dựng Đồng Tháp,07-08-2023,Hết hạn
111,GPMT,Khu công nghiệp Trần Quốc Toản  - 2423/KSONMT-CN&NH  31/7,"Quốc Lộ 30, phường 11, TP Cao Lãnh, tỉnh Đồng Tháp.",Công ty Cổ phần Xây lắp và Vật liệu xây dựng Đồng Tháp,07-08-2023,Hết hạn
76,GPMT,"Đầu tư xây dựng cơ sở hạ tầng KCN Thạnh Phú, huyện Vĩnh Cửu, tỉnh Đồng Nai 2382/KSONMT-CN&NH  28/7","xã Thạnh Phú, huyện Vĩnh Cửu, tỉnh Đồng Nai",Công ty cổ phần Sonadezi Long Bình,31-07-2023,Hết hạn
77,GPMT,Khu du lịch giải trí phức hợp Hồ Tràm    2384/KSONMT-CN&NH  28/7,"xã Phước Thuận và xã Bông Trang, huyện Xuyên Mộc, tỉnh Bà Rịa – Vũng Tàu.",Công ty TNHH Dự án Hồ Tràm.,31-07-2023,Hết hạn
78,GPMT,Cảng container Cái Mép Thương – giai đoạn II của Tổng Công ty Tân Cảng Sài Gòn/BTL Hải Quân 2386/KSONMT-CN&NH  28/7,"phường Tân Phước, thị xã Phú Mỹ, tỉnh Bà Rịa – Vũng Tàu.",Công ty TNHH MTV Tổng công ty Tân Cảng Sài Gòn.,31-07-2023,Hết hạn
64,GPMT,"Nhà máy điện mặt trời tại xã Phước Minh, huyện Thuận Nam, tỉnh Ninh Thuận kết hợp với đầu tư Trạm biến áp 500kV Thuận Nam và các đường dây 500kV, 220kV đấu nối vào hệ thống điện quốc gia.  2272/KSONMT-CN&NH 20/7","xã Phước Minh, xã Phước Ninh, xã Nhị Hà, xã Cà Ná, huyện Thuận Nam, tỉnh Ninh Thuận và xã Vĩnh Tân, huyện Tuy Phong, tỉnh Bình Thuận.",Công ty TNHH Điện mặt trời Trung Nam - Thuận Nam,28-07-2023,Hết hạn
65,GPMT,"Nhà máy sản xuất, gia công và lắp ráp bộ dây, cáp điện trong ô tô   2289/KSONMT-CN&NH  21/7","Lô CN-04 và CN-05, KCN Tịnh Phong, xã Tịnh Phong, huyện Sơn Tịnh, tỉnh Quảng Ngãi",Công ty TNHH Fujikura Automotive Việt Nam,28-07-2023,Hết hạn
66,GPMT,Nhà máy sản xuất Hana Micron Vina  2325/KSONMT-CTRSH  25/7,"lô CNSG-02 KCN Vân Trung, xã Vân Trung, huyện Việt Yên, tỉnh Bắc Giang",Công ty TNHH Hana Micron Vina,28-07-2023,Hết hạn
67,GPMT,Nhà máy Wits Vina  2330/KSONMT-CTRSH 25/7,"Lô CN16-1  KCN Yên Bình, phường Đồng Tiến, Tp Phổ Yên, Thái Nguyên",CÔNG TY TNHH WITS VINA,28-07-2023,Hết hạn
68,GPMT,Nhà máy xử lý chất thải công nghiệp    2345/KSONMT-CN&NH  26/7,"xã Hoàng Diệu, huyện Gia Lộc, tỉnh Hải Dương.",Công ty Cổ phần Công nghệ môi trường An Sinh,28-07-2023,Hết hạn
69,GPMT,Nhà máy sản xuất thiết bị điện Sem Micro 	2363/KSONMT-CTRSH  27/7,"Lô đất CN1F và CN1G, Khu công nghiệp Deep C 2B, thuộc Khu kinh tế Đình Vũ – Cát Hải, phường Đông Hải 2, quận Hải An, thành phố Hải Phòng",Công ty TNHH Sem Micro,28-07-2023,Hết hạn
70,GPMT,"Điều chỉnh Khu xử lý chất thải rắn sinh hoạt và công nghiệp, quy mô 21,7 ha  2365/KSONMT-CN&NH  27/7","xã Vĩnh Tân, huyện Vĩnh Cửu, tỉnh Đồng Nai.",Công ty Cổ phần Môi trường Sonadezi.,28-07-2023,Hết hạn
71,GPMT,"Nhà máy xử lý, tái chế chất thải công nghiệp và chất thải nguy hại   2367/KSONMT-CN&NH  27/7","Lô CN-2605 Khu kinh tế cửa khẩu Hoa Lư, xã Lộc Thạnh, huyện Lộc Ninh, tỉnh Bình Phước.",Công ty TNHH Thương mại Dịch vụ Xử lý môi trường Khải Tiến Phát,28-07-2023,Hết hạn
72,GPMT,Công viên Đại Dương Hạ Long 2369/KSONMT-CTRSH  27/7,"Phường Bãi Cháy, Hồng Gai, Yết Kiêu, Bạch Đằng và Phường Trần Hưng Đạo, thành phố Hạ Long, tỉnh Quảng Ninh",Công ty TNHH Mặt trời Hạ Long,28-07-2023,Hết hạn
59,GPMT,Nhà máy sản xuất nước giải khát Chu Lai,"Khu công nghiệp, hậu cần cảng Tam Hiệp, tại xã Tam Hiệp, huyện Núi Thành, tỉnh Quảng Nam",Công ty TNHH Number One Chu Lai,26-07-2023,Hết hạn
39,GPMT,Khu dân cư và công viên Phước Thiện - Điều chỉnh   2242/KSONMT-CN&NH  18/7,"phường Long Bình và Long Thạnh Mỹ, Thành phố Thủ Đức, thành phố Hồ Chí Minh.",Công ty Cổ phần Phát triển Thành phố Xanh,21-07-2023,Hết hạn
40,GPMT,Nhà máy tái chế và xử lý chất thải công nghiệp   2212/KSONMT-CN&NH  14/7,"Thửa đất số 68, tờ bản đồ 41, Ấp An Sơn, xã An Điền, thị Xã Bến Cát, tỉnh Bình Dương",Công ty TNHH Tuấn Đạt,21-07-2023,Hết hạn
41,GPMT,Dự án đầu tư xây dựng công trình khai thác mỏ đá vôi phần sâu phía bắc núi Han   2210/KSONMT-CTRSH   14/7,"Thị trấn Minh Tân, huyện Kinh Môn, tỉnh Hi Dương, (nay là phường Minh Tân, thị xã Kinh Môn, tỉnh Hải Dương",Công ty TNHH MTV Xi măng Vicem Hoàng Thạch,21-07-2023,Hết hạn
16,GPMT,Goertek Microelectronics Vina    2114/KSONMT-CTRSH 10/7,"Khu nhà xưởng số 9 (A2-X9) thuê lại của Công ty TNHH công nghiệp chính xác Goertek Vina, tại lô A2-3, thuộc Phân khu 1 - KCN WHA Industrial - Zone 1, Khu kinh tế Đông Nam, tỉnh Nghệ An.",Công ty TNHH Goertek Microelectronics Vina,18-07-2023,Hết hạn
17,GPMT,BẾN CẢNG TỔNG HỢP – CONTAINER HÒA PHÁT DUNG QUẤT,"KCN phía Đông, Khu kinh tế Dung Quất, xã Bình Thuận, huyện Bình Sơn, tỉnh Quảng Ngãi.",Công ty Cổ phần Cảng tổng hợp Hòa Phát,18-07-2023,Hết hạn
18,GPMT,Đầu tư xây dựng Cụm công nghiệp Yên Lư 2129/KSONMT-CTRSH  11/7,"xã Yên Lư và xã Nham Sơn, huyện Yên Dũng, tỉnh Bắc Giang.",Công ty Cổ phần Xây dựng và Dịch vụ thương mại Tuấn Quỳnh.,18-07-2023,Hết hạn
19,GPMT,Thủy điện Nậm Khóa 3  2147/KSONMT-CTRSH  12/7,"xã Nậm Xé, huyện Văn Bàn, tỉnh Lào Cai.",Công ty cổ phần Linh Linh,18-07-2023,Hết hạn
20,GPMT,Nhà máy công ty TNHH Turbo Enterprise   2149/KSONMT-CN&NH  12/7,"Lô đất C-12E-CN, đường N15, Khu công nghiệp Bàu Bàng mở rộng, thị trấn lai Uyên, huyện Bàu Bàng, tỉnh Bình Dương",Công ty TNHH Turbo Enterprise,18-07-2023,Hết hạn
21,GPMT,Khu sản xuất Minh Phú Hậu Giang    2154/KSONMT-CN&NH   12/7,"KCN Sông Hậu - Giai đoạn 1, xã Đông Phú, huyện Châu Thành, tỉnh Hậu Giang.",Công ty Cổ phần thủy sản Minh Phú Hậu Giang,18-07-2023,Hết hạn
22,GPMT,Tăng công suất sản xuất nhà máy bia Sài Gòn – Lâm Đồng từ 100 triệu lít sản phẩm/năm lên 125 triệu lít sản phẩm/năm 2156/KSONMT-CN&NH  12/7,"Lô CN5, KCN Lộc Sơn, phường Lộc Sơn, Thành phố Bảo Lộc, tỉnh Lâm Đồng.",Công ty Cổ Phần Bia Sài Gòn - Lâm Đồng,18-07-2023,Hết hạn
23,GPMT,Nhà máy Thủy điện Nậm Xí Lùng 1    2163/KSONMT-CTRSH   13/7,"Xã Pa Vệ Sủ, huyện Mường Tè, tỉnh Lai Châu.",Công ty Cổ phần thủy điện Nậm Xí Lùng,18-07-2023,Hết hạn
24,GPMT,Bệnh viện Hùng Vương    2174/KSONMT-CN&NH   13/7,"Số 128, đường Hồng Bàng, Phường 12, Quận 5, Tp. Hồ Chí Minh",Bệnh viện Hùng Vương,18-07-2023,Hết hạn
25,GPMT,Goertek Microelectronics Vina    2177/KSONMT-CTRSH   13/7,"Khu nhà xưởng số 9 (A2-X9) thuê lại của Công ty TNHH công nghiệp chính xác Goertek Vina, tại lô A2-3, thuộc Phân khu 1 - KCN WHA Industrial - Zone 1, Khu kinh tế Đông Nam, tỉnh Nghệ An",Công ty TNHH Goertek Microelectronics Vina,18-07-2023,Hết hạn
26,GPMT,"Đầu tư xây dựng, kinh doanh kết cấu hạ tầng khu công nghiệp Nam Thuận, quy mô 303,31478ha   2179/KSONMT-CN&NH   13/7","Xã Đức Hòa Đông, huyện Đức Hòa, tỉnh Long An.",Công ty Cổ phần Đại Lộc Long An,18-07-2023,Hết hạn
27,GPMT,Khu công nghiệp Tân Thới Hiệp  2181/KSONMT-CN&NH  13/7,"Phường Hiệp Thành, quận 12, thành phố Hồ Chí Minh.",Công ty TNHH Đầu tư Xây dựng Kinh doanh Cơ sở hạ tầng Khu công nghiệp Tân Thới Hiệp.,18-07-2023,Hết hạn
28,GPMT,Nhà máy chế biến mủ cao su Hàng Gòn  2187/KSONMT-CN&NH  14/7,"Xã Hàng Gòn, Thành phố Long Khánh, tỉnh Đồng Nai.",Công ty cổ phần cao su Hàng Gòn,18-07-2023,Hết hạn
29,GPMT,"Khai thác mỏ đá vôi Phương Nam, phường Phương Nam, thành phố Uông Bí, tỉnh Quảng Ninh   2196/KSONMT-CTRSH   14/7","Khu Hợp Thành, phường Phương Nam, TP Uông Bí, tỉnh Quảng Ninh",Công ty cổ phần xi măng và xây dựng Quảng Ninh,18-07-2023,Hết hạn
30,GPMT,Đầu tư xây dựng và kinh doanh cơ sở hạ tầng khu công nghiệp Ninh Thủy    2239/KSONMT-CN&NH   18/7,"Phường Ninh Thủy, thị xã Ninh Hòa, tỉnh Khánh Hòa.",Công ty Cổ phần Hoàn Cầu Vân Phong,18-07-2023,Hết hạn
4,GPMT,Khu nghỉ ngơi giải trí sân golf Đầm Vân Trì  	2100/KSONMT-CTRSH  10/7,"Câu lạc bộ Golf Vân Trì - xã Kim Nỗ - Đông Anh - Hà Nội nằm trên diện tích 128 ha, trong dó có 93 ha diện tích đất, 35 ha diện tích mặt đầm Vân Trì thuộc xã Kim Nỗ, huyện Đông Anh, thành phố Hà Nội",Công ty TNHH Noble (Việt Nam),10-07-2023,Hết hạn
