first_seen_utc,session,agent,tool,host,target,hits,flag
2026-09-17 18:28:31,540b9338,main,gws-drive,,drive file (id withheld),15,
2026-09-17 18:32:49,540b9338,subagent,websearch,,"""UTE Presidente Kennedy"" EIA RIMA termelétrica",1,
2026-09-17 18:32:49,540b9338,subagent,websearch,,"""Presidente Kennedy"" termelétrica ""licença prévia"" IEMA Espírito Santo",1,
2026-09-17 18:32:50,540b9338,subagent,websearch,,"""Porto Central"" ""estudo de dispersão atmosférica"" termelétrica",1,
2026-09-17 18:32:50,540b9338,subagent,websearch,,"GERA ""Geradora de Energia do Espírito Santo"" emissões atmosféricas NOx",1,
2026-09-17 18:33:07,540b9338,subagent,shell,iema.es.gov.br,https://iema.es.gov.br/Media/iema/Downloads/RIMAS/RIMAS_2013/2017.04.06%20-%20RIMA_GERA.pdf,1,
2026-09-17 18:33:07,540b9338,subagent,websearch,,"""Presidente Kennedy"" IBAMA licenciamento termelétrica ""licença prévia"" processo",1,
2026-09-17 18:33:08,540b9338,subagent,websearch,,"Eneva ""Presidente Kennedy"" UTE licença ambiental LRCAP",1,
2026-09-17 18:33:09,540b9338,subagent,shell,web.archive.org,https://web.archive.org/web/20240125114526/https://cetesb.sp.gov.br/eiarima/rima/RIMA_249_2018.pdf,1,
2026-09-17 18:33:24,540b9338,subagent,websearch,,Son My 2 LNG power plant DFC environmental social review ESIA,1,
2026-09-17 18:33:24,540b9338,subagent,websearch,,"""Sơn Mỹ 2"" ĐTM tham vấn báo cáo đánh giá tác động môi trường",1,
2026-09-17 18:33:26,540b9338,subagent,websearch,,"""UTE Termo João Pessoa"" EPASA gás natural licença",1,
2026-09-17 18:33:26,540b9338,subagent,websearch,,EPASA Termonordeste Termoparaíba SUDEMA licença ambiental,1,
2026-09-17 18:33:27,540b9338,subagent,websearch,,EPASA conversão gás natural motores João Pessoa leilão reserva de capacidade,1,
2026-09-17 18:33:27,540b9338,subagent,websearch,,"""Centrais Elétricas da Paraíba"" EIA RIMA gás natural",1,
2026-09-17 18:33:34,540b9338,subagent,websearch,,"""Son My 2"" OR ""Sơn Mỹ 2"" AES power plant environmental impact assessment site:dfc.gov",1,
2026-09-17 18:33:35,540b9338,subagent,websearch,,AES Sơn Mỹ 2 nhiệt điện khí LNG báo cáo ĐTM Bình Thuận,1,
2026-09-17 18:33:36,540b9338,subagent,webfetch,thamvan.monre.gov.vn,https://thamvan.monre.gov.vn/,2,
2026-09-17 18:33:42,540b9338,subagent,webfetch,sudema.pb.gov.br,https://sudema.pb.gov.br/eia-rima,1,
2026-09-17 18:33:44,540b9338,subagent,webfetch,sudema.pb.gov.br,https://sudema.pb.gov.br/institucional/copam-1/deliberacoes/2025/deliberacao-5821-homologacao.pdf,1,
2026-09-17 18:33:46,540b9338,subagent,webfetch,eixos.com.br,https://eixos.com.br/politica/termicas-a-gas-concentram-80-da-potencia-contratada-no-lrcap-veja-os-vencedores-do-leilao/,1,
2026-09-17 18:33:47,540b9338,subagent,webfetch,ppi.gov.br,https://ppi.gov.br/wp-content/uploads/2026/03/Resultado-geral-1.pdf,1,
2026-09-17 18:33:50,540b9338,subagent,websearch,,"""Hải Lăng"" LNG ĐTM đánh giá tác động môi trường",1,
2026-09-17 18:33:50,540b9338,subagent,websearch,,Hai Lang LNG power plant Quang Tri KOSPO KOGAS environmental impact assessment,1,
2026-09-17 18:33:51,540b9338,subagent,websearch,,SFOC forourclimate.org Hai Lang LNG Vietnam,1,
2026-09-17 18:33:51,540b9338,subagent,websearch,,"K-EXIM K-SURE environmental disclosure ""Hai Lang"" Vietnam LNG",1,
2026-09-17 18:33:55,540b9338,subagent,webfetch,nhadautu.vn,https://nhadautu.vn/du-an-nhiet-dien-son-my-ii-cua-tap-doan-aes-van-tac-o-bao-cao-nghien-cuu-kha-thi-d92773.html,1,
2026-09-17 18:33:57,540b9338,subagent,webfetch,theleader.vn,https://theleader.vn/chinh-thuc-tham-dinh-nhiet-dien-son-my-ii-1623350355071.htm,1,
2026-09-17 18:33:59,540b9338,subagent,shell,sudema.pb.gov.br,https://sudema.pb.gov.br/institucional/copam-1/deliberacoes/2025/deliberacao-5821-homologacao.pdf,1,
2026-09-17 18:33:59,540b9338,subagent,shell,ppi.gov.br,https://ppi.gov.br/wp-content/uploads/2026/03/Resultado-geral-1.pdf,1,
2026-09-17 18:34:00,540b9338,subagent,shell,thamvan.monre.gov.vn,https://thamvan.monre.gov.vn/,4,
2026-09-17 18:34:05,540b9338,subagent,webfetch,tuoitre.vn,https://tuoitre.vn/phe-duyet-dtm-nha-may-dien-khi-lng-hai-lang-se-nhan-chim-1-1-trieu-m3-vat-chat-20241219161142262.htm,1,
2026-09-17 18:34:05,540b9338,subagent,websearch,,"""quyết định"" phê duyệt ĐTM ""LNG Hải Lăng"" số",1,
2026-09-17 18:34:10,540b9338,main,websearch,,Resolução CONAMA 382/2006 Anexo V turbinas a gás geração de energia elétrica limite NOx mg/Nm3 15% O2,1,
2026-09-17 18:34:10,540b9338,main,websearch,,IEMA Instituto de Energia e Meio Ambiente inventário emissões atmosféricas usinas termelétricas NOx gás natural,1,
2026-09-17 18:34:13,540b9338,subagent,shell,cetesb.sp.gov.br,https://cetesb.sp.gov.br/eiarima/,3,
2026-09-17 18:34:13,540b9338,subagent,shell,cetesb.sp.gov.br,https://cetesb.sp.gov.br/eiarima/eia/,1,
2026-09-17 18:34:13,540b9338,subagent,shell,cetesb.sp.gov.br,https://cetesb.sp.gov.br/eiarima/eia/EIA_249_2018.pdf,1,
2026-09-17 18:34:13,540b9338,subagent,shell,cetesb.sp.gov.br,https://cetesb.sp.gov.br/eiarima/rima/RIMA_249_2018.pdf,1,
2026-09-17 18:34:13,540b9338,subagent,websearch,,mae.gov.vn tham vấn báo cáo đánh giá tác động môi trường ĐTM 2026,1,
2026-09-17 18:34:14,540b9338,subagent,websearch,,Nhon Trach 3 4 LNG ADB environmental impact assessment PDF emissions,1,
2026-09-17 18:34:14,540b9338,subagent,websearch,,QCVN 22:2009/BTNMT khí thải công nghiệp nhiệt điện NOx SO2 bụi tuabin khí,1,
2026-09-17 18:34:18,540b9338,subagent,websearch,,"monre.gov.vn tham vấn ĐTM ""Hải Lăng""",1,
2026-09-17 18:34:18,540b9338,subagent,websearch,,"site:monre.gov.vn OR site:mae.gov.vn ""Hải Lăng"" điện khí LNG",1,
2026-09-17 18:34:19,540b9338,subagent,websearch,,"báo cáo đánh giá tác động môi trường ""LNG Hải Lăng"" pdf tải",1,
2026-09-17 18:34:22,540b9338,subagent,websearch,,"""UTE Termo João Pessoa"" 55,9 MW OR ""53,7 MW"" habilitação técnica EPE",1,
2026-09-17 18:34:22,540b9338,subagent,websearch,,"SUDEMA ""Termo João Pessoa"" processo licença",1,
2026-09-17 18:34:24,540b9338,subagent,websearch,,"""Sơn Mỹ 2"" OR ""Sơn Mỹ II"" ""quyết định phê duyệt"" ĐTM nhiệt điện",1,
2026-09-17 18:34:25,540b9338,main,shell,energiaeambiente.org.br,https://energiaeambiente.org.br/wp-content/uploads/2025/12/IEMA_inventariotermeletricas2024-2025.pdf,1,
2026-09-17 18:34:29,540b9338,subagent,webfetch,thamvan.mae.gov.vn,https://thamvan.mae.gov.vn/Home/DSDTM,1,
2026-09-17 18:34:31,540b9338,subagent,websearch,,"""LNG Hải Lăng"" ""tham vấn"" báo cáo đánh giá tác động môi trường 2023 OR 2022",1,
2026-09-17 18:34:34,540b9338,subagent,shell,pvpower.vn,http://pvpower.vn/pow-media/to-pr/608429100-SMBC-CM04_Nhon-Trach-3amp4-CCPP_Mar2025_submission-1.pdf,1,
2026-09-17 18:34:35,540b9338,subagent,shell,iema.es.gov.br,https://iema.es.gov.br/Media/iema/EIA-RIMA/EIA/Relacao_EIA_IEMA_site_24.02.2026.pdf,1,
2026-09-17 18:34:35,540b9338,subagent,webfetch,www.env.go.jp,https://www.env.go.jp/air/tech/ine/asia/vietnam/files/law/QCVN%2022-2009.pdf,1,
2026-09-17 18:34:36,540b9338,subagent,websearch,,"iema.es.gov.br ""Presidente Kennedy"" termelétrica EIA 2026 novo processo licenciamento",1,
2026-09-17 18:34:36,540b9338,subagent,websearch,,QCVN 19:2024/BTNMT khí thải công nghiệp thay thế QCVN 22:2009 nhiệt điện tuabin khí,1,
2026-09-17 18:34:39,540b9338,subagent,websearch,,"SUDEMA sigma ""LP 3316/2025"" OR ""LP-0049"" TERMONORDESTE",1,
2026-09-17 18:34:40,540b9338,subagent,websearch,,"""Termonordeste II"" OR ""Termonordeste III"" EPASA motores gás natural MW ampliação",1,
2026-09-17 18:34:49,540b9338,subagent,websearch,,"DFC.gov ""Vietnam"" LNG Son My OR ""Sơn Mỹ"" project",1,
2026-09-17 18:34:50,540b9338,subagent,websearch,,Sơn Mỹ 2 nhà máy điện tiến độ 2025 báo cáo nghiên cứu khả thi phê duyệt,1,
2026-09-17 18:34:50,540b9338,subagent,websearch,,"cetesb.sp.gov.br eiarima ""249/2018"" Lins",1,
2026-09-17 18:34:51,540b9338,subagent,websearch,,"cetesb ""EIA/RIMA"" pesquisa processo consulta site:cetesb.sp.gov.br",1,
2026-09-17 18:34:52,540b9338,subagent,webfetch,www.bnamericas.com,https://www.bnamericas.com/pt/perfis-projeto/ampliacao-ute-termonordeste-ii,1,
2026-09-17 18:34:52,540b9338,subagent,websearch,,"""Termoparaíba II"" OR ""Termoparaíba III"" EPASA ampliação gás natural bnamericas",1,
2026-09-17 18:34:52,540b9338,subagent,websearch,,"""Long Sơn"" LNG nhiệt điện ĐTM EVNGENCO3",1,
2026-09-17 18:34:52,540b9338,subagent,websearch,,Long Son LNG power plant EVNGENCO3 Ba Ria Vung Tau environmental impact assessment,1,
2026-09-17 18:34:53,540b9338,subagent,shell,iema.es.gov.br,https://iema.es.gov.br/GrupodeArquivos/EIA-2013-2,1,
2026-09-17 18:35:04,540b9338,subagent,websearch,,"""Cà Mau 3"" LNG PetroVietnam đánh giá tác động môi trường ĐTM",1,
2026-09-17 18:35:05,540b9338,subagent,websearch,,"""Kê Gà"" LNG B.Grimm Siemens Energy environmental impact assessment",1,
2026-09-17 18:35:05,540b9338,subagent,websearch,,"""Trung tâm điện lực Long Sơn"" báo cáo đánh giá tác động môi trường",1,
2026-09-17 18:35:06,540b9338,subagent,websearch,,"""tham vấn"" ĐTM ""Long Sơn"" điện khí LNG Bà Rịa Vũng Tàu",1,
2026-09-17 18:35:07,540b9338,subagent,shell,cetesb.sp.gov.br,https://cetesb.sp.gov.br/eiarima/anexos/ANEXOS_249_2018.pdf,2,
2026-09-17 18:35:08,540b9338,subagent,webfetch,baodautu.vn,https://baodautu.vn/tach-cau-phan-cang-khoi-du-an-trung-tam-dien-luc-lng-long-son-giai-doan-1-d155540.html,1,
2026-09-17 18:35:10,540b9338,subagent,websearch,,"sudema.pb.gov.br ""2025-000657/TEC/LP-0049"" OR ""3316/2025""",1,
2026-09-17 18:35:10,540b9338,subagent,websearch,,IBAMA licenciamento EPASA Termonordeste Termoparaíba gás natural,1,
2026-09-17 18:35:11,540b9338,subagent,shell,iema.es.gov.br,https://iema.es.gov.br/media/CQAI/EIA/2013/Usina%20termel%C3%A9trica%20%C3%A0%20g%C3%A1s%20-%20Presidente%20KennedyES,4,
2026-09-17 18:35:15,540b9338,subagent,shell,mae.gov.vn,https://mae.gov.vn/noidung/Lists/VBQPPL/Attachments/519/QCVN%20Khi%20thai%20cong%20nghiep_Signed.pdf,1,
2026-09-17 18:35:15,540b9338,subagent,shell,www.env.go.jp,https://www.env.go.jp/air/tech/ine/asia/vietnam/files/law/QCVN%2022-2009.pdf,1,
2026-09-17 18:35:15,540b9338,subagent,shell,monre.gov.vn,https://monre.gov.vn,2,
2026-09-17 18:35:17,540b9338,subagent,shell,archive.org,http://archive.org/wayback/available?url=cetesb.sp.gov.br/eiarima/anexos/ANEXOS_249_2018.pdf,2,
2026-09-17 18:35:17,540b9338,subagent,shell,archive.org,http://archive.org/wayback/available?url=cetesb.sp.gov.br/eiarima/rima/RIMA_249_2018.pdf,1,
2026-09-17 18:35:22,540b9338,subagent,webfetch,thamvan.mae.gov.vn,https://thamvan.mae.gov.vn/Home/DSGiayPhep,1,
2026-09-17 18:35:23,540b9338,subagent,websearch,,Long Son LNG power EVNGENCO3 T&T TotalEnergies 2026 feasibility study status,1,
2026-09-17 18:35:32,540b9338,subagent,shell,web.archive.org,https://web.archive.org/web/20240125114526/https://cetesb.sp.gov.br/eiarima/anexos/ANEXOS_249_2018.pdf,1,
2026-09-17 18:35:37,540b9338,subagent,webfetch,nangluongvietnam.vn,https://nangluongvietnam.vn/tinh-hinh-trien-khai-du-an-nha-may-dien-lng-son-my-1-va-2-cap-nhat-2632026-35799.html,1,
2026-09-17 18:35:38,540b9338,subagent,websearch,,"dfc.gov project database Vietnam Son My LNG ""environmental"" review",1,
2026-09-17 18:35:41,540b9338,subagent,shell,thamvan.mae.gov.vn,https://thamvan.mae.gov.vn/Home/DSGiayPhep,2,
2026-09-17 18:35:42,540b9338,subagent,webfetch,www.dmsuniverse.com,https://www.dmsuniverse.com/projects/vietnam/evngenco-3-long-son-lng-terminal,1,
2026-09-17 18:35:50,540b9338,subagent,webfetch,www.dfc.gov,https://www.dfc.gov/what-we-offer-eligibility-our-investment-policies/environmental-and-social-impact-assessments,1,
2026-09-17 18:36:38,540b9338,subagent,websearch,,"site:adb.org Nhon Trach OR ""Nhon Trach 3"" gas power Vietnam",1,
2026-09-17 18:36:40,540b9338,subagent,shell,monre.gov.vn,http://monre.gov.vn,1,
2026-09-17 18:36:40,540b9338,subagent,shell,archive.org,http://archive.org/wayback/available?url=monre.gov.vn,1,
2026-09-17 18:36:52,540b9338,subagent,webfetch,www.adb.org,https://www.adb.org/projects/43400-013/main,1,
2026-09-17 18:36:59,540b9338,subagent,shell,www.adb.org,https://www.adb.org/projects/43400-013/main,2,
2026-09-17 18:37:06,540b9338,subagent,websearch,,"""New Fortress Energy"" ""Lins"" usina termelétrica licença ambiental CETESB 2024 2025",1,
2026-09-17 18:37:07,540b9338,subagent,websearch,,"""UTE Lins"" 732.7 MW OR ""732,7 MW"" New Fortress",1,
2026-09-17 18:37:15,540b9338,subagent,shell,www.adb.org,https://www.adb.org/projects/43400-013/main#project-documents,1,
2026-09-17 18:37:21,540b9338,subagent,shell,www.adb.org,https://www.adb.org/projects/43400-013/documents,1,
2026-09-17 18:37:22,540b9338,subagent,websearch,,"""UTE Lins"" OR ""Usina Termelétrica de Lins"" novo EIA RIMA 2026 licenciamento CETESB processo",1,
2026-09-17 18:37:28,540b9338,subagent,websearch,,adb.org 43400-013 O Mon IV environmental impact assessment pdf,1,
2026-09-17 18:37:37,540b9338,subagent,shell,www.adb.org,https://www.adb.org/sites/default/files/linked-documents/43400-013-vie-eiaab.pdf,2,
2026-09-17 18:39:07,540b9338,subagent,websearch,,Nghị định 08/2022/NĐ-CP tham vấn trong quá trình thực hiện đánh giá tác động môi trường công khai báo cáo Điều,1,
2026-09-17 18:55:17,540b9338,main,shell,cetesb.sp.gov.br,https://cetesb.sp.gov.br/eiarima/,3,
2026-09-17 18:55:17,540b9338,main,shell,cetesb.sp.gov.br,https://cetesb.sp.gov.br/eiarima/rima/RIMA_249_2018.pdf,2,
2026-09-17 18:55:17,540b9338,main,shell,www.adb.org,https://www.adb.org/projects/43400-013/main,2,
2026-09-17 18:55:17,540b9338,main,shell,thamvan.mae.gov.vn,https://thamvan.mae.gov.vn/,2,
2026-09-17 18:55:17,540b9338,main,shell,thamvan.mae.gov.vn,http://thamvan.mae.gov.vn/,1,
2026-09-17 18:55:17,540b9338,main,shell,thamvan.monre.gov.vn,https://thamvan.monre.gov.vn/,1,
2026-09-17 18:55:53,540b9338,subagent,websearch,,"""UTE Novo Tempo Barcarena"" licenciamento ambiental SEMAS",1,
2026-09-17 18:55:54,540b9338,subagent,websearch,,"CELBA ""Centrais Elétricas Barcarena"" licença ambiental SEMAS-PA",1,
2026-09-17 18:55:54,540b9338,subagent,websearch,,"""Novo Tempo Barcarena"" EIA RIMA estudo impacto ambiental",1,
2026-09-17 18:56:11,540b9338,subagent,shell,www.semas.pa.gov.br,https://www.semas.pa.gov.br/wp-content/uploads/2021/05/24-Ficha-T%C3%A9cnica_Brazauro-%E2%80%93-CELBA-Usina-Termoel%C3%A9trico-UTE-Novo-Tempo.pdf,2,
2026-09-17 18:56:11,540b9338,subagent,websearch,,site:semas.pa.gov.br CELBA,1,
2026-09-17 18:56:11,540b9338,subagent,websearch,,"CELBA ""estudo de dispersão atmosférica"" OR ""modelagem de dispersão"" Barcarena",1,
2026-09-17 18:56:22,540b9338,subagent,websearch,,"""Porto de Sergipe II"" licenciamento ambiental ADEMA",1,
2026-09-17 18:56:22,540b9338,subagent,websearch,,"""Porto de Sergipe III"" OR ""Porto de Sergipe V"" Eneva licença",1,
2026-09-17 18:56:23,540b9338,subagent,websearch,,"EIA RIMA ""Porto de Sergipe"" estudo de impacto ambiental",1,
2026-09-17 18:56:23,540b9338,subagent,websearch,,"CELSE ""Porto de Sergipe"" estudo de dispersão atmosférica",1,
2026-09-17 18:56:24,540b9338,subagent,websearch,,"IFC ""Porto de Sergipe"" ESRS disclosures.ifc.org",1,
2026-09-17 18:56:24,540b9338,subagent,websearch,,"IDB Invest ""Porto de Sergipe"" environmental",1,
2026-09-17 18:56:25,540b9338,main,shell,www.cetesb.sp.gov.br,https://www.cetesb.sp.gov.br/cetesb,1,
2026-09-17 18:56:25,540b9338,main,shell,cetesb.sp.gov.br,https://cetesb.sp.gov.br/licenciamentoambiental/,1,
2026-09-17 18:56:25,540b9338,main,shell,cetesb.sp.gov.br,https://cetesb.sp.gov.br/eiarima/eia/,1,
2026-09-17 18:56:27,540b9338,subagent,shell,idbinvest.org,https://idbinvest.org/sites/default/files/2019-09/Anexo%20IV%20-%20Estudo%20de%20Dispers%C3%A3o%20Atmosf%C3%A9rica.pdf,1,
2026-09-17 18:56:27,540b9338,subagent,websearch,,idbinvest.org CELBA Barcarena New Fortress,1,
2026-09-17 18:56:28,540b9338,subagent,websearch,,"""CELBA"" idbinvest.org OR ""IDB Invest"" Pará termelétrica",1,
2026-09-17 18:56:32,540b9338,subagent,websearch,,Thai Binh LNG Power JSC Tokyo Gas Kyuden Truong Thanh consortium,1,
2026-09-17 18:56:33,540b9338,subagent,websearch,,"""Thái Bình"" LNG nhiệt điện khí 750 MW nhà máy điện",1,
2026-09-17 18:56:33,540b9338,subagent,websearch,,"""LNG Thái Bình"" báo cáo đánh giá tác động môi trường",1,
2026-09-17 18:56:34,540b9338,subagent,websearch,,"JBIC ""Thai Binh"" LNG power project environmental",1,
2026-09-17 18:56:38,540b9338,main,shell,www.cetesb.sp.gov.br,https://www.cetesb.sp.gov.br/cetesb/licenciamento,1,
2026-09-17 18:56:38,540b9338,main,shell,www.cetesb.sp.gov.br,https://www.cetesb.sp.gov.br/cetesb/transparencia/consultas_publicas,1,
2026-09-17 18:56:39,540b9338,subagent,webfetch,disclosures.ifc.org,https://disclosures.ifc.org/project-detail/ESRS/39652/celse,1,
2026-09-17 18:56:41,540b9338,subagent,webfetch,idbinvest.org,https://idbinvest.org/en/projects/porto-de-sergipe-lng-power-project,1,
2026-09-17 18:56:42,540b9338,subagent,webfetch,ewsdata.rightsindevelopment.org,https://ewsdata.rightsindevelopment.org/projects/12048-01-porto-de-sergipe-lng-power-plant/,1,
2026-09-17 18:56:43,540b9338,subagent,websearch,,"licenciamento.ibama.gov.br ""Porto de Sergipe"" OR CELSE OR Eneva termelétrica",1,
2026-09-17 18:56:44,540b9338,subagent,websearch,,"""Porto de Sergipe"" GE turbina 7HA.02 OR 9HA modelo Eneva expansão",1,
2026-09-17 18:56:44,540b9338,subagent,websearch,,Diário Oficial Sergipe ADEMA CELSE licença instalação termelétrica,1,
2026-09-17 18:56:47,540b9338,subagent,websearch,,Eneva Jandaia usina termelétrica Ceará,1,
2026-09-17 18:56:47,540b9338,subagent,websearch,,"""UTE Jandaia"" Eneva Ceará",1,
2026-09-17 18:56:48,540b9338,subagent,websearch,,Eneva Jandaia licenciamento ambiental SEMACE,1,
2026-09-17 18:56:48,540b9338,subagent,websearch,,site:thamvan.mae.gov.vn Thái Bình LNG,1,
2026-09-17 18:56:49,540b9338,subagent,websearch,,"""Điện khí LNG Thái Bình"" ""Quyết định"" ""QĐ-BTNMT"" OR ""QĐ-BNNMT"" phê duyệt",1,
2026-09-17 18:56:50,540b9338,subagent,websearch,,idbinvest.org projects Barcarena New Fortress CELBA Brazil,1,
2026-09-17 18:56:50,540b9338,subagent,websearch,,disclosures.ifc.org CELBA Barcarena Brazil,1,
2026-09-17 18:56:50,540b9338,subagent,websearch,,JBIC 国際協力銀行 タイビン LNG 環境,1,
2026-09-17 18:56:50,540b9338,subagent,websearch,,"""Thai Binh"" LNG power plant JBIC loan financing 2026",1,
2026-09-17 18:56:58,540b9338,subagent,websearch,,Nhà máy điện Hiệp Phước LNG báo cáo đánh giá tác động môi trường,1,
2026-09-17 18:56:59,540b9338,subagent,websearch,,"""Hiệp Phước"" điện khí LNG ""ĐTM"" quyết định phê duyệt",1,
2026-09-17 18:56:59,540b9338,subagent,websearch,,Hiep Phuoc Power LNG conversion 3x260MW environmental impact assessment,1,
2026-09-17 18:57:00,540b9338,subagent,websearch,,"Eneva ""Porto de Sergipe II"" licença prévia ADEMA 2025 OR 2026",1,
2026-09-17 18:57:00,540b9338,subagent,websearch,,"Eneva ""Hub Sergipe"" expansão EPC turbina contrato 2026",1,
2026-09-17 18:57:01,540b9338,subagent,websearch,,"""Diamante Geração de Energia"" licença ambiental Ceará",1,
2026-09-17 18:57:01,540b9338,subagent,websearch,,Jandaia EIA RIMA estudo impacto ambiental Pecém,1,
2026-09-17 18:57:01,540b9338,subagent,websearch,,"DFC.gov OR ""U.S. International Development Finance"" CELBA Barcarena New Fortress",1,
2026-09-17 18:57:01,540b9338,subagent,websearch,,"""Porto de Sergipe"" LRCAP 2026 leilão capacidade Eneva 599 MW 466 MW 233 MW",1,
2026-09-17 18:57:01,540b9338,subagent,websearch,,"audiência pública ""Porto de Sergipe"" ADEMA ampliação termelétrica",1,
2026-09-17 18:57:02,540b9338,subagent,websearch,,audiência pública Jandaia Pecém termelétrica SEMACE,1,
2026-09-17 18:57:02,540b9338,subagent,websearch,,Ceiba Energy Jandaia project 2400 MW Brazil,1,
2026-09-17 18:57:02,540b9338,subagent,websearch,,"""Golar Power"" Barcarena ESIA environmental social impact assessment",1,
2026-09-17 18:57:02,540b9338,subagent,websearch,,"CELBA Novo Tempo Barcarena turbina GE OR Siemens ""ciclo combinado""",1,
2026-09-17 18:57:03,540b9338,subagent,webfetch,ewsdata.rightsindevelopment.org,https://ewsdata.rightsindevelopment.org/temp/tmp_AsGfR/IIC-12048-01.pdf,1,
2026-09-17 18:57:07,540b9338,subagent,shell,thamvan.mae.gov.vn,https://thamvan.mae.gov.vn/Uploads/06062025/TL06.06.%20BC%20DTM%20DA%20NM%20NHIET%20DIEN%20LNG%20THAI%20BINH.pdf,1,
2026-09-17 18:57:07,540b9338,subagent,shell,thamvan.mae.gov.vn,https://thamvan.mae.gov.vn/Uploads/06062025/06.06.%20NDTV%20DA%20NM%20NHIET%20DIEN%20LNG%20THAI%20BINH.pdf,4,
2026-09-17 18:57:11,540b9338,subagent,websearch,,"""188/QĐ-BTNMT"" Hiệp Phước",1,
2026-09-17 18:57:11,540b9338,subagent,websearch,,"""188/QĐ-BTNMT"" 2021",1,
2026-09-17 18:57:13,540b9338,subagent,webfetch,www.pecc3.com.vn,https://www.pecc3.com.vn/du-an/nha-may-dien-khi-lng-hiep-phuoc-gd1-1200mw/,1,
2026-09-17 18:57:13,540b9338,subagent,webfetch,hiep-phuoc.com,http://hiep-phuoc.com/nha-may-dien-khi-lng-hiep-phuoc-1,1,
2026-09-17 18:57:17,540b9338,subagent,websearch,,"""UTE Portocem"" Ceará licença prévia instalação SEMACE EIA RIMA",1,
2026-09-17 18:57:17,540b9338,subagent,websearch,,Ação Civil Pública UTE Portocem Ceará licenciamento ambiental clima,1,
2026-09-17 18:57:17,540b9338,subagent,webfetch,www.eneva.com.br,https://www.eneva.com.br/imprensa/noticias/eneva-contrata-506-gw-em-leilao-de-energia/,1,
2026-09-17 18:57:18,540b9338,subagent,websearch,,"""Jandaia Geração de Energia"" SEMACE processo licença",1,
2026-09-17 18:57:18,540b9338,subagent,websearch,,Portocem termelétrica Ceará dispersão atmosférica emissões NOx,1,
2026-09-17 18:57:18,540b9338,subagent,webfetch,www.f5news.com.br,https://www.f5news.com.br/economia/expansao-do-hub-sergipe-consolida-estado-como-protagonista-nacional-no-setor-de-energia.html,1,
2026-09-17 18:57:19,540b9338,subagent,websearch,,"Eneva Celse ""1,7 GW"" projeto expansão licença ambiental prévia 2022 OR 2023 OR 2024",1,
2026-09-17 18:57:19,540b9338,subagent,websearch,,"""Porto de Sergipe"" ADEMA ""licença de instalação"" 2024 OR 2025 processo",1,
2026-09-17 18:57:24,540b9338,subagent,shell,archive.org,http://archive.org/wayback/available?url=semas.pa.gov.br/wp-content/uploads/2021/05/24-Ficha-T%C3%A9cnica_Brazauro-%E2%80%93-CELBA-Usina-Termoel%C3%A9trico-UTE-Novo-Tempo.pdf,1,
2026-09-17 18:57:24,540b9338,subagent,shell,web.archive.org,http://web.archive.org/cdx/search/cdx?url=semas.pa.gov.br*&output=text&limit=500&filter=mimetype:application/pdf&filter=original:.*[Cc]elba.*,1,
2026-09-17 18:57:24,540b9338,subagent,shell,web.archive.org,http://web.archive.org/cdx/search/cdx?url=semas.pa.gov.br/wp-content/uploads*&output=text&limit=2000&filter=mimetype:application/pdf,1,
2026-09-17 18:57:24,540b9338,subagent,websearch,,"SEMAS-PA ""licença de operação"" OR ""licença de instalação"" CELBA número processo",1,
2026-09-17 18:57:25,540b9338,subagent,websearch,,"licenciamento.ibama.gov.br CELBA Barcarena OR ""Novo Tempo""",1,
2026-09-17 18:57:26,540b9338,subagent,websearch,,Ô Môn IV nhiệt điện báo cáo đánh giá tác động môi trường 2023,1,
2026-09-17 18:57:27,540b9338,subagent,websearch,,"""Ô Môn IV"" PVN EPC tuabin khí Mitsubishi Siemens GE",1,
2026-09-17 18:57:27,540b9338,subagent,websearch,,O Mon IV power plant EPC contract turbine GE Mitsubishi Power Siemens Energy 2024 2025,1,
2026-09-17 18:57:28,540b9338,subagent,websearch,,"""Quyết định"" ""188/QĐ-BTNMT"" ""01/02/2021"" phê duyệt báo cáo đánh giá tác động môi trường",1,
2026-09-17 18:57:28,540b9338,subagent,websearch,,Lô B Ô Môn gas chain ESIA MOECO JX Nippon environmental impact assessment,1,
2026-09-17 18:57:29,540b9338,subagent,websearch,,"thuvienphapluat ""188/QĐ-BTNMT"" điện Hiệp Phước",1,
2026-09-17 18:57:29,540b9338,subagent,websearch,,site:thamvan.mae.gov.vn Hiệp Phước,1,
2026-09-17 18:57:29,540b9338,subagent,websearch,,JBIC O Mon III O Mon IV environmental review category A,1,
2026-09-17 18:57:30,540b9338,subagent,websearch,,"""Công ty TNHH Điện lực Hiệp Phước"" tham vấn cộng đồng đánh giá tác động môi trường",1,
2026-09-17 18:57:33,540b9338,subagent,webfetch,licenciamento.adema.se.gov.br,https://licenciamento.adema.se.gov.br/,1,
2026-09-17 18:57:34,540b9338,subagent,shell,licenciamento.adema.se.gov.br,https://licenciamento.adema.se.gov.br/,2,
2026-09-17 18:57:37,540b9338,subagent,webfetch,jusclima2030.jfrs.jus.br,https://jusclima2030.jfrs.jus.br/litigio/instituto-verdeluz-v-portocem-geracao-de-energia-s-a-e-outro/,1,
2026-09-17 18:57:39,540b9338,subagent,webfetch,coalizaoenergialimpa.org,https://coalizaoenergialimpa.org/desdobramentos-da-primeira-acao-civil-publica-climatica-do-nordeste-contra-licenciamento-ambiental-da-ute-portocem-no-ceara/,1,
2026-09-17 18:57:40,540b9338,subagent,webfetch,www.semace.ce.gov.br,https://www.semace.ce.gov.br/2019/07/05/coema-aprova-termeletrica-que-usa-gas-natural-e-agua-do-mar/,1,
2026-09-17 18:57:41,540b9338,subagent,websearch,,Portocem COEMA resolução licença prévia número 2019 termelétrica Pecém,1,
2026-09-17 18:57:43,540b9338,subagent,websearch,,"site:thamvan.mae.gov.vn ""nhà máy điện"" Hiệp Phước LNG",1,
2026-09-17 18:57:44,540b9338,subagent,websearch,,"""Nhà máy điện Hiệp Phước"" ""tua bin khí"" tham vấn ĐTM pdf",1,
2026-09-17 18:57:46,540b9338,subagent,shell,web.archive.org,http://web.archive.org/cdx/search/cdx?url=thamvan.monre.gov.vn*&output=text&limit=500&filter=original:.*[Hh]iep.*,1,
2026-09-17 18:57:46,540b9338,subagent,shell,web.archive.org,http://web.archive.org/cdx/search/cdx?url=thamvan.mae.gov.vn*&output=text&limit=2000&filter=mimetype:application/pdf,1,
2026-09-17 18:57:47,540b9338,subagent,webfetch,www.nexi.go.jp,https://www.nexi.go.jp/environment/info/pdf/ESIA1-1.pdf,1,
2026-09-17 18:57:48,540b9338,subagent,webfetch,www.allens.com.au,https://www.allens.com.au/insights-news/news/2024/04/allens-advises-moeco-on-vietnams-largest-gas-to-power-project/,1,
2026-09-17 18:57:49,540b9338,subagent,webfetch,power.mhi.com,https://power.mhi.com/regions/apac/news/gro250908.html,1,
2026-09-17 18:57:51,540b9338,subagent,webfetch,www.gem.wiki,https://www.gem.wiki/Block_B_Oil_and_Gas_Project_(Vietnam),1,
2026-09-17 18:57:53,540b9338,subagent,shell,thamvan.mae.gov.vn,https://thamvan.mae.gov.vn,4,
2026-09-17 18:57:58,540b9338,subagent,webfetch,celbaenergia.com.br,https://celbaenergia.com.br/a-celba/,1,
2026-09-17 18:58:03,540b9338,subagent,shell,web.archive.org,http://web.archive.org/cdx/search/cdx?url=thamvan.monre.gov.vn*&output=text&limit=20&collapse=urlkey,1,
2026-09-17 18:58:03,540b9338,subagent,shell,web.archive.org,http://web.archive.org/cdx/search/cdx?url=thamvan.mae.gov.vn*&output=text&limit=20&collapse=urlkey,1,
2026-09-17 18:58:03,540b9338,subagent,websearch,,"""thamvan.monre.gov.vn"" OR ""thamvan.mae.gov.vn"" ""Hiệp Phước"" điện lực",1,
2026-09-17 18:58:05,540b9338,subagent,webfetch,tuoitre.vn,https://tuoitre.vn/khoi-cong-nha-may-dien-khi-lng-hiep-phuoc-quy-mo-gan-19-000-ti-dong-20260326224148983.htm,1,
2026-09-17 18:58:07,540b9338,subagent,shell,archive.org,http://archive.org/wayback/available?url=https%3A%2F%2Fwww.semas.pa.gov.br%2Fwp-content%2Fuploads%2F2021%2F05%2F24-Ficha-T%25C3%25A9cnica_Brazauro-%25E2%2580%2593-CELBA-Usina-Termoel%25C3%25A9trico-UTE-Novo-Tempo.pdf,1,
2026-09-17 18:58:07,540b9338,subagent,shell,celbaenergia.com.br,https://celbaenergia.com.br/a-celba/,2,
2026-09-17 18:58:12,540b9338,subagent,websearch,,"CELBA ""Centrais Elétricas Barcarena"" site oficial ""O Projeto""",1,
2026-09-17 18:58:14,540b9338,subagent,shell,archive.org,https://archive.org/wayback/available?url=semas.pa.gov.br/wp-content/uploads/2021/05/24-Ficha-Tecnica_Brazauro-CELBA-Usina-Termoeletrico-UTE-Novo-Tempo.pdf,1,
2026-09-17 18:58:14,540b9338,subagent,shell,archive.org,https://archive.org/wayback/available?url=www.semas.pa.gov.br/wp-content/uploads/2021/05/24-Ficha-T%C3%A9cnica_Brazauro-%E2%80%93-CELBA-Usina-Termoel%C3%A9trico-UTE-Novo-Tempo.pdf,1,
2026-09-17 18:58:17,540b9338,subagent,shell,www.nexi.go.jp,https://www.nexi.go.jp/environment/info/pdf/ESIA1-1.pdf,1,
2026-09-17 18:58:31,540b9338,subagent,websearch,,"""Quyết định số 188/QĐ-BTNMT"" ""ngày 01 tháng 02 năm 2021""",1,
2026-09-17 18:58:32,540b9338,subagent,websearch,,"""chuyển đổi nhiên liệu"" ""Hiệp Phước"" ""FO"" ""LNG"" đánh giá tác động môi trường Bộ Tài nguyên",1,
2026-09-17 18:58:33,540b9338,subagent,webfetch,hiep-phuoc.com,https://hiep-phuoc.com/,1,
2026-09-17 18:58:46,540b9338,subagent,websearch,,"ANEEL voto CELBA ""Novo Tempo"" processo termelétrica autorização",1,
2026-09-17 18:58:50,540b9338,subagent,websearch,,"monre.gov.vn OR mae.gov.vn ""danh mục"" quyết định phê duyệt báo cáo đánh giá tác động môi trường 2021 điện Hiệp Phước",1,
2026-09-17 18:58:51,540b9338,subagent,websearch,,"""Nhà máy điện khí LNG Hiệp Phước 2"" ĐTM môi trường",1,
2026-09-17 18:58:51,540b9338,subagent,websearch,,"Hiệp Phước ""giấy phép môi trường"" điện lực",1,
2026-09-17 18:58:58,540b9338,subagent,websearch,,"semace.ce.gov.br ""Resoluções Estaduais 2019"" Portocem resolução 04",1,
2026-09-17 18:58:58,540b9338,subagent,shell,web.archive.org,http://web.archive.org/cdx/search/cdx?url=thamvan.mae.gov.vn*&output=text&limit=200&filter=mimetype:application/pdf,1,
2026-09-17 18:58:58,540b9338,subagent,shell,web.archive.org,http://web.archive.org/cdx/search/cdx?url=thamvan.monre.gov.vn*&output=text&limit=200&filter=mimetype:application/pdf,1,
2026-09-17 18:58:58,540b9338,subagent,shell,archive.org,http://archive.org/wayback/available?url=thamvan.mae.gov.vn,1,
2026-09-17 18:59:03,540b9338,subagent,websearch,,"""Diário Oficial"" Pará CELBA ""licença de instalação"" OR ""licença prévia"" Novo Tempo Barcarena",1,
2026-09-17 18:59:03,540b9338,subagent,websearch,,COEMA Pará CELBA Barcarena termelétrica ata reunião,1,
2026-09-17 18:59:04,540b9338,subagent,websearch,,"""New Fortress Energy"" Barcarena ""GE"" OR ""General Electric"" OR ""Siemens Energy"" turbine 624 MW gas",1,
2026-09-17 18:59:04,540b9338,subagent,websearch,,New Fortress Energy 20-F Barcarena Brazil environmental permit CELBA,1,
2026-09-17 18:59:07,540b9338,subagent,shell,www.semace.ce.gov.br,https://www.semace.ce.gov.br/resolucoes-estaduais-2019/,3,
2026-09-17 18:59:10,540b9338,subagent,shell,archive.org,http://archive.org/wayback/available?url=thamvan.monre.gov.vn,1,
2026-09-17 18:59:10,540b9338,subagent,shell,web.archive.org,http://web.archive.org/cdx/search/cdx?url=thamvan.monre.gov.vn*&output=text&limit=50&collapse=urlkey&filter=urlkey:.*hiep.*,1,
2026-09-17 18:59:12,540b9338,main,shell,www2.cetesb.sp.gov.br,https://www2.cetesb.sp.gov.br/licenciamentoambiental/,1,
2026-09-17 18:59:12,540b9338,main,shell,www2.cetesb.sp.gov.br,https://www2.cetesb.sp.gov.br/eiarima/,2,
2026-09-17 18:59:12,540b9338,main,shell,www2.cetesb.sp.gov.br,https://www2.cetesb.sp.gov.br/eiarima/rima/RIMA_249_2018.pdf,2,
2026-09-17 18:59:12,540b9338,main,shell,www2.cetesb.sp.gov.br,https://www2.cetesb.sp.gov.br/licenciamentoambiental/eia-rima/,1,
2026-09-17 18:59:13,540b9338,subagent,webfetch,assets.new.siemens.com,https://assets.new.siemens.com/siemens/assets/api/uuid:d3b4ba4e-4e35-4e0e-8dbf-d00ffd4444ff/PR-20191112-Hiep-Phuoc-final-VN_original.pdf,1,
2026-09-17 18:59:15,540b9338,subagent,webfetch,theleader.vn,https://theleader.vn/ong-trum-xang-dau-hai-linh-co-hoi-sinh-nha-may-dien-khi-lng-hiep-phuoc-d8179.html,1,
2026-09-17 18:59:21,540b9338,subagent,shell,web.archive.org,http://web.archive.org/cdx/search/cdx?url=semace.ce.gov.br/wp-content/uploads*&output=text&limit=500&filter=mimetype:application/pdf&collapse=urlkey,1,
2026-09-17 18:59:21,540b9338,subagent,websearch,,"""Mitsubishi Power"" Barcarena Brazil gas turbine CELBA OR ""Novo Tempo""",1,
2026-09-17 18:59:22,540b9338,subagent,websearch,,"ioepa.com.br CELBA ""Centrais Elétricas Barcarena"" licença",1,
2026-09-17 18:59:22,540b9338,subagent,websearch,,"semas.pa.gov.br ""CELBA"" ficha técnica OR ""termo de referência"" OR licença",1,
2026-09-17 18:59:33,540b9338,subagent,shell,archive.org,http://archive.org/wayback/available?url=semace.ce.gov.br/resolucoes-estaduais-2019/,1,
2026-09-17 18:59:33,540b9338,subagent,shell,web.archive.org,http://web.archive.org/cdx/search/cdx?url=semace.ce.gov.br*&output=text&limit=1000&filter=mimetype:application/pdf,1,
2026-09-17 18:59:33,540b9338,subagent,webfetch,power.mhi.com,https://power.mhi.com/regions/amer/insights/celebrating-brazilian-heritage-mitsubishi-power,1,
2026-09-17 18:59:36,540b9338,subagent,shell,archive.org,https://archive.org/wayback/available?url=semas.pa.gov.br%2Fwp-content%2Fuploads%2F2021%2F05%2F24-Ficha-T%C3%A9cnica_Brazauro-%E2%80%93-CELBA-Usina-Termoel%C3%A9trico-UTE-Novo-Tempo.pdf,3,
2026-09-17 18:59:36,540b9338,subagent,shell,web.archive.org,http://web.archive.org/cdx/search/cdx?url=semas.pa.gov.br/wp-content/uploads/2021/05*&output=text&limit=100,1,
2026-09-17 18:59:47,540b9338,subagent,shell,web.archive.org,http://web.archive.org/cdx/search/cdx?url=semace.ce.gov.br*&output=text&limit=2000&filter=mimetype:application/pdf&fl=original&collapse=urlkey,1,
2026-09-17 18:59:50,540b9338,subagent,shell,web.archive.org,http://web.archive.org/cdx/search/cdx?url=thamvan.monre.gov.vn*&output=text&limit=500,3,
2026-09-17 18:59:50,540b9338,subagent,websearch,,"site:thamvan.mae.gov.vn ""Ô Môn""",1,
2026-09-17 18:59:51,540b9338,subagent,websearch,,"""Ô Môn IV"" tham vấn cộng đồng ĐTM Cần Thơ",1,
2026-09-17 18:59:51,540b9338,subagent,websearch,,"""Ô Môn IV"" ""QĐ-BTNMT"" OR ""quyết định phê duyệt"" môi trường",1,
2026-09-17 18:59:54,540b9338,subagent,shell,assets.new.siemens.com,https://assets.new.siemens.com/siemens/assets/api/uuid:d3b4ba4e-4e35-4e0e-8dbf-d00ffd4444ff/PR-20191112-Hiep-Phuoc-final-VN_original.pdf,1,
2026-09-17 18:59:54,540b9338,subagent,shell,licenciamento.adema.se.gov.br,http://licenciamento.adema.se.gov.br/,1,
2026-09-17 18:59:56,540b9338,subagent,shell,licenciamento.adema.se.gov.br,https://licenciamento.adema.se.gov.br/download-licenca/0000013673,1,
2026-09-17 19:00:10,540b9338,subagent,websearch,,"""CELBA 2"" OR ""Novo Tempo Barcarena"" ""M501JAC"" OR ""M701"" turbina Mitsubishi",1,
2026-09-17 19:00:12,540b9338,subagent,shell,thamvan.mae.gov.vn,https://thamvan.mae.gov.vn/Home/DSDTM,6,
2026-09-17 19:00:12,540b9338,subagent,webfetch,www.oabpa.org.br,https://www.oabpa.org.br/noticias/comissao-de-meio-ambiente-da-oab-pa-participa-de-audiencia-publica-que-discutiu-licenciamento-de-usina-movida-a-gas-natural,1,
2026-09-17 19:00:13,540b9338,subagent,websearch,,"""Hiệp Phước"" điện khí LNG ""giấy phép môi trường"" 2026",1,
2026-09-17 19:00:13,540b9338,subagent,websearch,,"vbpl.vn ""188/QĐ-BTNMT""",1,
2026-09-17 19:00:14,540b9338,subagent,webfetch,agenciapara.com.br,https://agenciapara.com.br/noticia/4452/audiencia-publica-debate-instalacao-de-usina-termeletrica-em-vila-do-conde,1,
2026-09-17 19:00:32,540b9338,subagent,webfetch,www.globenewswire.com,https://www.globenewswire.com/news-release/2019/10/21/1932637/0/en/Golar-Power-awarded-PPA-for-605MW-LNG-to-Power-Project-in-Barcarena-Brazil.html,1,
2026-09-17 19:00:49,540b9338,subagent,shell,web.archive.org,https://web.archive.org/web/2022/https://www.semas.pa.gov.br/wp-content/uploads/2021/05/24-Ficha-T%C3%A9cnica_Brazauro-%E2%80%93-CELBA-Usina-Termoel%C3%A9trico-UTE-Novo-Tempo.pdf,1,
2026-09-17 19:00:56,540b9338,subagent,shell,web.archive.org,http://web.archive.org/cdx/search/cdx?url=semace.ce.gov.br&matchType=domain&output=text&limit=3000&filter=mimetype:application/pdf&fl=original&collapse=urlkey,1,
2026-09-17 19:00:59,540b9338,subagent,shell,www.google.com,https://www.google.com,1,
2026-09-17 19:00:59,540b9338,subagent,shell,adema.se.gov.br,https://adema.se.gov.br/,5,
2026-09-17 19:01:02,540b9338,subagent,shell,web.archive.org,https://web.archive.org/web/20230731134212/https://www.semas.pa.gov.br/wp-content/uploads/2021/05/24-Ficha-T%C3%A9cnica_Brazauro-%E2%80%93-CELBA-Usina-Termoel%C3%A9trico-UTE-Novo-Tempo.pdf,1,
2026-09-17 19:01:13,540b9338,subagent,websearch,,"""nhiệt điện Ô Môn IV"" mae.gov.vn OR monre.gov.vn tham vấn",1,
2026-09-17 19:01:13,540b9338,subagent,websearch,,Ô Môn IV báo cáo đánh giá tác động môi trường EVN 2019 2020 phê duyệt,1,
2026-09-17 19:01:20,540b9338,subagent,shell,archive.org,http://archive.org/wayback/available?url=licenciamento.adema.se.gov.br,3,
2026-09-17 19:01:20,540b9338,subagent,shell,archive.org,http://archive.org/wayback/available?url=adema.se.gov.br,5,
2026-09-17 19:01:21,540b9338,subagent,shell,natuur.semace.ce.gov.br,https://natuur.semace.ce.gov.br/,1,
2026-09-17 19:01:25,540b9338,subagent,shell,web.archive.org,http://web.archive.org/cdx/search/cdx?url=semas.pa.gov.br*&output=text&limit=3000&filter=mimetype:application/pdf&collapse=urlkey,1,
2026-09-17 19:01:32,540b9338,main,shell,www2,https://www2,1,
2026-09-17 19:01:37,540b9338,subagent,webfetch,pvpower.vn,https://pvpower.vn/vi/post/petrovietnam-tiep-nhan-ban-giao-ho-so-du-an-nha-may-nhiet-dien-o-mon-iii-va-o-mon-iv-5682.htm,1,
2026-09-17 19:01:38,540b9338,subagent,webfetch,api.mziq.com,https://api.mziq.com/mzfilemanager/v2/d/6c663f3b-ae5a-4692-81d3-ab23ee84c1de/1e932961-9537-34cd-09ab-52db552f87f9?origin=2,2,
2026-09-17 19:01:38,540b9338,subagent,webfetch,dauthau.asia,https://dauthau.asia/devprojects/Nha-may-Nhiet-dien-O-Mon-IV-2540521.html,1,
2026-09-17 19:01:40,540b9338,main,shell,www2.cetesb.sp.gov.br,https://www2.cetesb.sp.gov.br/eiarima/eia/EIA_249_2018.pdf,2,
2026-09-17 19:01:40,540b9338,subagent,webfetch,litigancia.biobd.inf.puc-rio.br,https://litigancia.biobd.inf.puc-rio.br/visualizacao_caso/430/0/,1,
2026-09-17 19:01:41,540b9338,subagent,webfetch,litigancia.biobd.inf.puc-rio.br,https://litigancia.biobd.inf.puc-rio.br/visualizacao_caso/601/0/,1,
2026-09-17 19:01:41,540b9338,subagent,websearch,,IBAMA licenciamento Jandaia OR Portocem Ceará processo,1,
2026-09-17 19:01:41,540b9338,subagent,shell,thamvan.mae.gov.vn,https://thamvan.mae.gov.vn/Uploads/30122025/IZ8O%5BLNG-QT3%5D%20BaoCao_DTM_LNG_QT3_Full-2025.12.pdf,1,
2026-09-17 19:01:42,540b9338,subagent,websearch,,Eneva Jandaia turbina GE Siemens Mitsubishi ciclo combinado MW modelo,1,
2026-09-17 19:01:50,540b9338,subagent,shell,thamvan.mae.gov.vn,https://thamvan.mae.gov.vn/Home/DSDTM?searchString=Hi%E1%BB%87p%20Ph%C6%B0%E1%BB%9Bc,2,
2026-09-17 19:01:52,540b9338,subagent,shell,thamvan.mae.gov.vn,https://thamvan.mae.gov.vn/Home/DSGiayPhep?searchString=Hi%E1%BB%87p%20Ph%C6%B0%E1%BB%9Bc,1,
2026-09-17 19:01:57,540b9338,subagent,webfetch,www.gevernova.com,https://www.gevernova.com/news/press-releases/ge-fecha-contrato-com-eneva-para-fornecer-turbina-a-gas-de-ciclo-combinado-7ha,1,
2026-09-17 19:01:59,540b9338,subagent,webfetch,plataformajuma.jur.puc-rio.br,https://plataformajuma.jur.puc-rio.br/visualizacao_caso/430/0/,1,
2026-09-17 19:01:59,540b9338,subagent,websearch,,"Eneva Jandaia ""7HA"" OR ""9HA"" turbina Pecém MW",1,
2026-09-17 19:02:15,540b9338,subagent,shell,thamvan.mae.gov.vn,https://thamvan.mae.gov.vn/Home/DSDTM?searchString=$term,2,unresolved
2026-09-17 19:02:15,540b9338,subagent,shell,thamvan.mae.gov.vn,https://thamvan.mae.gov.vn/Home/DSGiayPhep?searchString=$term,2,unresolved
2026-09-17 19:02:18,540b9338,subagent,webfetch,www.complexodopecem.com.br,https://www.complexodopecem.com.br/audiencia-publica-discute-linha-de-transmissao-da-usina-termeletrica-portocem/,1,
2026-09-17 19:02:18,540b9338,subagent,websearch,,disclosures.ifc.org Jandaia OR Eneva Ceara,1,
2026-09-17 19:02:19,540b9338,subagent,websearch,,IDB Invest Eneva Jandaia OR Ceara gas,1,
2026-09-17 19:02:19,540b9338,subagent,websearch,,Portocem EIA RIMA empresa consultoria elaborou estudo impacto ambiental,1,
2026-09-17 19:02:32,540b9338,subagent,websearch,,"congbao.chinhphu.vn ""188/QĐ-BTNMT""",1,
2026-09-17 19:02:34,540b9338,subagent,websearch,,sonnmt.hochiminhcity.gov.vn Hiệp Phước điện lực môi trường,1,
2026-09-17 19:02:35,540b9338,subagent,webfetch,drive.google.com,https://drive.google.com/drive/folders/1ygUCnoNQV1aoHNymzPK43gIm-r-CGzoM?usp=sharing,2,
2026-09-17 19:02:35,540b9338,subagent,webfetch,vnexpress.net,https://vnexpress.net/khoi-cong-nha-may-dien-lng-hon-18-000-ty-dong-o-tp-hcm-5055277.html,1,
2026-09-17 19:02:50,540b9338,subagent,webfetch,baochinhphu.vn,https://baochinhphu.vn/dua-vao-van-hanh-du-an-nha-may-dien-khi-lng-hiep-phuoc-trong-nam-2027-102251120122949976.htm,1,
2026-09-17 19:02:51,540b9338,subagent,websearch,,"""Đẩy nhanh tiến độ dự án Nhà máy điện khí LNG Hiệp Phước"" quyết định môi trường",1,
2026-09-17 19:03:03,540b9338,subagent,shell,drive.google.com,https://drive.google.com/drive/folders/1ygUCnoNQV1aoHNymzPK43gIm-r-CGzoM?usp=sharing,1,
2026-09-17 19:03:06,540b9338,subagent,websearch,,"Hiệp Phước điện khí LNG ""QCVN 22:2009"" OR ""QCVN 19:2024"" khí thải ống khói",1,
2026-09-17 19:03:08,540b9338,subagent,webfetch,congthuong.vn,https://congthuong.vn/khoi-cong-nha-may-dien-khi-lng-hiep-phuoc-1-200mw-hon-18-900-ty-dong-448934.html,2,
2026-09-17 19:12:14,540b9338,subagent,shell,thamvan.mae.gov.vn,https://thamvan.mae.gov.vn/Home/DSDTM?searchString=%C3%94%20M%C3%B4n,1,
2026-09-17 19:12:19,540b9338,subagent,shell,thamvan.mae.gov.vn,https://thamvan.mae.gov.vn/Home/DSDTM?searchString=Hiep%20Phuoc,1,
2026-09-17 19:12:22,540b9338,subagent,shell,drive.google.com,https://drive.google.com/uc?export=download&id=${id},2,unresolved
2026-09-17 19:12:35,540b9338,subagent,shell,thamvan.mae.gov.vn,https://thamvan.mae.gov.vn/Home/DSDTM?searchString=$enc,3,unresolved
2026-09-17 19:12:41,540b9338,subagent,shell,thamvan.mae.gov.vn,https://thamvan.mae.gov.vn/Home/DSDTM?searchString=Nh%C3%A0%20B%C3%A8,1,
2026-09-17 19:12:57,540b9338,subagent,websearch,,"""Nhà máy điện Hiệp Phước"" OR ""điện lực Hiệp Phước"" báo cáo đánh giá tác động môi trường pdf tải xuống",1,
2026-09-17 19:13:12,540b9338,subagent,shell,thamvan.mae.gov.vn,https://thamvan.mae.gov.vn/Home/DSGiayPhep?searchString=$enc,2,unresolved
2026-09-17 19:13:13,540b9338,main,shell,thamvan.mae.gov.vn,https://thamvan.mae.gov.vn/?searchString=,2,
2026-09-17 19:13:37,540b9338,subagent,shell,thamvan.mae.gov.vn,https://thamvan.mae.gov.vn/XemChiTiet/XemChiTietDuAn?id=6303,1,
2026-09-17 19:13:46,540b9338,subagent,shell,thamvan.mae.gov.vn,https://thamvan.mae.gov.vn/Scripts/JSController/XemChiTiet.js,1,
2026-09-17 19:13:51,540b9338,subagent,shell,thamvan.mae.gov.vn,https://thamvan.mae.gov.vn/XemChiTiet/XemChiTiet,1,
2026-09-17 19:13:52,540b9338,subagent,webfetch,adema.se.gov.br,https://adema.se.gov.br/licenciamento/,1,
2026-09-17 19:13:52,540b9338,subagent,webfetch,licenciamento.ibama.gov.br,https://licenciamento.ibama.gov.br/,1,
2026-09-17 19:13:53,540b9338,main,shell,thamvan.mae.gov.vn,https://thamvan.mae.gov.vn/XemChiTiet/XemChiTietDuAn?id={i},1,
2026-09-17 19:13:53,540b9338,main,shell,thamvan.mae.gov.vn,https://thamvan.mae.gov.vn,2,
2026-09-17 19:14:09,540b9338,subagent,shell,thamvan.mae.gov.vn,https://thamvan.mae.gov.vn/Uploads/22052026/8X4.1.%20BC%20GPMT%20Nhi%E1%BB%87t%20%C4%91i%E1%BB%87n%20%C3%94%20M%C3%B4n%20I.pdf,5,
2026-09-17 19:14:10,540b9338,subagent,websearch,,"JBIC OR NEXI OR ""K-EXIM"" Block B O Mon gas project financing environmental Vietnam 2024 2025",1,
2026-09-17 19:14:11,540b9338,subagent,websearch,,"""Cần Thơ"" Sở Tài nguyên và Môi trường ""Ô Môn IV"" giấy phép môi trường",1,
2026-09-17 19:14:11,540b9338,subagent,websearch,,"ADB Vietnam O Mon IV OR ""Block B"" 2024 2025 project database loan",1,
2026-09-17 19:14:24,540b9338,main,shell,thamvan.mae.gov.vn,https://thamvan.mae.gov.vn/Scripts/JSController/XemChiTiet.js,2,
2026-09-17 19:14:24,540b9338,main,shell,thamvan.mae.gov.vn,https://thamvan.mae.gov.vn/Scripts/JSBase/config.js,1,
2026-09-17 19:14:24,540b9338,subagent,shell,api.mziq.com,https://api.mziq.com/mzfilemanager/v2/d/6c663f3b-ae5a-4692-81d3-ab23ee84c1de/1e932961-9537-34cd-09ab-52db552f87f9?origin=2,1,
2026-09-17 19:14:46,540b9338,main,shell,thamvan.mae.gov.vn,https://thamvan.mae.gov.vn/XemChiTiet/XemChiTiet,2,
2026-09-17 19:14:48,540b9338,subagent,webfetch,www.jbic.go.jp,https://www.jbic.go.jp/en/information/press/press-2024/press_00038.html,1,
2026-09-17 19:14:49,540b9338,subagent,webfetch,foejapan.org,https://foejapan.org/en/issue/20231004/14534/,1,
2026-09-17 19:14:51,540b9338,subagent,shell,omon.cantho.gov.vn,https://omon.cantho.gov.vn,1,
2026-09-17 19:15:12,540b9338,subagent,shell,licenciamento.ibama.gov.br,https://licenciamento.ibama.gov.br/,1,
2026-09-17 19:15:27,540b9338,subagent,webfetch,web.archive.org,https://web.archive.org/web/2026/https://adema.se.gov.br/licenciamento/,1,
2026-09-17 19:15:28,540b9338,subagent,websearch,,"Eneva investor relations ""Porto de Sergipe"" II III V apresentação release fato relevante turbina",1,
2026-09-17 19:15:30,540b9338,subagent,shell,thamvan.mae.gov.vn,https://thamvan.mae.gov.vn/Uploads/22052026/4.2.%20Ph%E1%BB%A5%20l%E1%BB%A5c%20b%C3%A1o%20c%C3%A1o%20GPMT%20nhi%E1%BB%87t%20%C4%91i%E1%BB%87n%20%C3%94%20M%C3%B4n%20I_C%E1%BA%A7n%20Th%C6%A1.pdf,3,
2026-09-17 19:15:46,540b9338,subagent,shell,idbinvest.org,https://idbinvest.org/sites/default/files/environmental-and-social-review-summary-274-en.pdf,1,
2026-09-17 19:15:46,540b9338,subagent,shell,idbinvest.org,https://idbinvest.org/sites/default/files/2018-12/celse_esrs_esap_final_oct_17_0eng.pdf,1,
2026-09-17 19:16:27,540b9338,subagent,websearch,,"""Porto de Sergipe"" RIMA OR EIA pdf 2016 CELSE relatório impacto ambiental download",1,
2026-09-17 19:16:27,540b9338,subagent,websearch,,"GE Vernova Eneva ""Porto de Sergipe"" nova turbina contrato 2026 expansão Hub Sergipe",1,
2026-09-17 19:16:28,540b9338,subagent,websearch,,"Eneva Sergipe expansão ""licença prévia"" OR ""licença de instalação"" 2023 2024 2025 ADEMA nova usina",1,
2026-09-17 19:16:46,540b9338,subagent,webfetch,docplayer.com.br,https://docplayer.com.br/58280126-Relatorio-de-impacto-ambiental-rima-complexo-termeletrico-barra-dos-coqueiros-instalacoes-offshore-de-gas-natural-adutora-e-emissario-submarino.html,1,
2026-09-17 19:16:48,540b9338,subagent,shell,licenciamento.adema.se.gov.br,https://licenciamento.adema.se.gov.br/?page=16&sort_by=Data+de+Validade&sort_order=desc,1,
2026-09-17 19:18:15,540b9338,subagent,shell,docplayer.com.br,https://docplayer.com.br/58280126-Relatorio-de-impacto-ambiental-rima-complexo-termeletrico-barra-dos-coqueiros-instalacoes-offshore-de-gas-natural-adutora-e-emissario-submarino.html,1,
2026-09-17 19:18:16,540b9338,subagent,shell,adema.se.gov.br,https://adema.se.gov.br,1,
2026-09-17 19:18:42,540b9338,subagent,shell,disclosures.ifc.org,https://disclosures.ifc.org/project-detail/ESRS/39652/celse,1,
2026-09-17 19:18:44,540b9338,subagent,shell,web.archive.org,http://web.archive.org/cdx/search/cdx?url=adema.se.gov.br*&output=text&limit=30&filter=mimetype:application/pdf,1,
2026-09-17 19:19:00,540b9338,subagent,webfetch,mekongasean.vn,https://mekongasean.vn/mitsubishi-power-cung-cap-tuabin-khi-cho-nha-may-nhiet-dien-o-mon-iv-46031.html,1,
2026-09-17 19:19:02,540b9338,subagent,webfetch,baodauthau.vn,https://baodauthau.vn/du-an-nha-may-nhiet-dien-o-mon-iv-gan-30000-ty-dong-sap-chon-nha-thau-nhieu-goi-lon-post165339.html,1,
2026-09-17 19:19:03,540b9338,subagent,websearch,,"""OM4-ESIA"" OR ""ESIA-TVA-16"" Ô Môn IV tư vấn lập báo cáo",1,
2026-09-17 19:19:13,540b9338,subagent,shell,disclosuresservice.ifc.org,https://disclosuresservice.ifc.org/api/File/downloadfile?id=%5C39652_ESRS%5CIntegrated_ESIA_Exec_Summary_Anexo_II.+Atm.pdf,1,
2026-09-17 19:19:13,540b9338,subagent,shell,disclosuresservice.ifc.org,https://disclosuresservice.ifc.org/api/File/downloadfile?id=%5C39652_ESRS%5CIntegrated_ESIA_Executive_Summary_PCAO_rev2.pdf,1,
2026-09-17 19:19:13,540b9338,subagent,shell,disclosuresservice.ifc.org,https://disclosuresservice.ifc.org/api/File/downloadfile?id=%5C39652_ESRS%5CIntegrated_ESIA_Executive_Summary_PBAq_rev2.pdf,1,
2026-09-17 19:20:29,540b9338,subagent,websearch,,"""OM4-ESIA-TVA-16"" trúng thầu OR ""đã ký hợp đồng"" tư vấn ESIA Ô Môn IV 2025 2026",1,
2026-09-17 19:20:29,540b9338,subagent,websearch,,QCVN 19:2024/BTNMT nồng độ NOx SO2 bụi nhiệt điện tua bin khí giới hạn,1,
2026-09-17 19:24:19,540b9338,main,shell,www.adema.se.gov.br,https://www.adema.se.gov.br/,1,
2026-09-17 19:24:19,540b9338,main,shell,adema.se.gov.br,https://adema.se.gov.br/,1,
2026-09-17 19:24:19,540b9338,main,shell,www.adema.se.gov.br,http://www.adema.se.gov.br/,1,
2026-09-17 19:24:19,540b9338,main,shell,licenciamento.adema.se.gov.br,https://licenciamento.adema.se.gov.br/,1,
2026-09-17 19:24:19,540b9338,main,shell,servicos.ibama.gov.br,https://servicos.ibama.gov.br/licenciamento/consulta_empreendimentos.php,1,
2026-09-17 19:24:19,540b9338,main,shell,www.semace.ce.gov.br,https://www.semace.ce.gov.br/,4,
2026-09-17 19:24:19,540b9338,main,shell,www.semas.pa.gov.br,https://www.semas.pa.gov.br/,1,
2026-09-17 19:25:53,540b9338,main,shell,www.semace.ce.gov.br,https://www.semace.ce.gov.br/licenciamento-ambiental/,1,
2026-09-17 19:25:53,540b9338,main,shell,www.semace.ce.gov.br,https://www.semace.ce.gov.br/eia-rima/,1,
2026-09-17 19:25:53,540b9338,main,shell,archive.org,http://archive.org/wayback/available?url=adema.se.gov.br,1,
2026-09-17 19:25:53,540b9338,main,shell,archive.org,http://archive.org/wayback/available?url=licenciamento.adema.se.gov.br,1,
2026-09-17 19:26:11,540b9338,main,shell,www.ce.gov.br,https://www.ce.gov.br/semace/,1,
2026-09-17 19:26:11,540b9338,main,shell,www.ce.gov.br,https://www.ce.gov.br/,1,
2026-09-17 19:31:15,540b9338,main,shell,thamvan.mae.gov.vn,https://thamvan.mae.gov.vn/Uploads/18122024/3DBao%20cao%20GPMT%20Nhon%20Trach%202.pdf,1,
2026-09-17 19:33:02,540b9338,main,shell,natuur.semace.ce.gov.br,https://natuur.semace.ce.gov.br/,1,
2026-09-17 19:33:02,540b9338,main,shell,mobile.semace.ce.gov.br,https://mobile.semace.ce.gov.br/SemaceMobileWS/webService/,1,
2026-09-17 19:33:20,540b9338,main,shell,archive.org,http://archive.org/wayback/available?url=semace.ce.gov.br/eia-rima/,1,
2026-09-17 19:33:20,540b9338,main,shell,web.archive.org,https://web.archive.org/cdx/search/cdx?url=semace.ce.gov.br*&filter=urlkey:.*(portocem,1,
2026-09-17 19:37:49,540b9338,main,shell,thamvan.mae.gov.vn,https://thamvan.mae.gov.vn/Uploads/08062026/L5Bao%20cao%20%C4%90TM%20nh%C3%A0%20m%C3%A1y%20nhi%E1%BB%87t%20%C4%91i%E1%BB%87n%20LNG%20C%C3%A0%20N%C3%A1%20tham%20v%E1%BA%A5n.pdf,1,
2026-09-17 20:45:05,540b9338,main,claude-docs,,own draft doc ecda2a00-ac3c-4dce-b206-26b347487384,4,
2026-09-18 15:05:42,4f8176e9,subagent,websearch,,Nghị định 08/2022/NĐ-CP báo cáo công tác bảo vệ môi trường công khai kết quả quan trắc,1,
2026-09-18 15:05:43,4f8176e9,subagent,websearch,,quan trắc khí thải tự động liên tục công khai cổng thông tin Bộ Nông nghiệp và Môi trường,1,
2026-09-18 15:05:44,4f8176e9,subagent,websearch,,cem.gov.vn quan trắc môi trường tự động,1,
2026-09-18 15:05:44,4f8176e9,subagent,websearch,,Nghị định 05/2025/NĐ-CP sửa đổi 08/2022 giấy phép môi trường,1,
2026-09-18 15:06:03,4f8176e9,subagent,webfetch,www.luatmoitruong.vn,https://www.luatmoitruong.vn/nghi-dinh-08-2022-nd-cp/chuong-viii.-he-thong-thong-tin-co-so-du-lieu-moi-truong/muc-1.-thong-tin-moi-truong/dieu-102.-cong-khai-thong-tin-moi-truong,1,
2026-09-18 15:06:04,4f8176e9,subagent,websearch,,Luật Bảo vệ môi trường 2020 điều 28 phụ lục III dự án nhóm I thẩm quyền thẩm định báo cáo đánh giá tác động môi trường Bộ Tài nguyên và Môi trường nhiệt điện,1,
2026-09-18 15:06:05,4f8176e9,subagent,websearch,,envisoft.vn quan trắc tự động doanh nghiệp công khai dữ liệu tra cứu,1,
2026-09-18 15:06:06,4f8176e9,subagent,websearch,,EVNGENCO3 báo cáo phát triển bền vững phát thải NOx SO2 bụi nhà máy điện,1,
2026-09-18 15:06:23,4f8176e9,subagent,webfetch,enviinfo.cem.gov.vn,http://enviinfo.cem.gov.vn,1,
2026-09-18 15:06:24,4f8176e9,subagent,websearch,,CDM UNFCCC Vietnam gas combined cycle power plant PDD registered Phu My Nhon Trach,1,
2026-09-18 15:06:25,4f8176e9,subagent,websearch,,"MIGA guarantee Phu My 3 OR ""Phu My 2-2"" environmental assessment IFC performance standards",1,
2026-09-18 15:06:26,4f8176e9,subagent,websearch,,"""NT2"" Nhơn Trạch 2 báo cáo thường niên môi trường khí thải cổ phiếu HOSE",1,
2026-09-18 15:06:38,4f8176e9,subagent,webfetch,www.miga.org,https://www.miga.org/project/phu-my-3-bot-power-company-ltd,1,
2026-09-18 15:06:39,4f8176e9,subagent,websearch,,"disclosures.ifc.org ""Phu My 2"" OR ""Phu My 3"" Vietnam environmental review summary",1,
2026-09-18 15:06:39,4f8176e9,subagent,websearch,,"""Nhon Trach"" JCM Joint Crediting Mechanism Vietnam Japan gas power project",1,
2026-09-18 15:06:40,4f8176e9,subagent,websearch,,EVN NSMO A0 trung tâm điều độ hệ thống điện quốc gia sản lượng điện theo nhà máy công khai,1,
2026-09-18 15:06:55,4f8176e9,subagent,webfetch,documents1.worldbank.org,https://documents1.worldbank.org/curated/en/181301468133799789/txt/multi0page.txt,1,
2026-09-18 15:06:55,4f8176e9,subagent,websearch,,nsmo.vn OR erav.gov.vn danh sách nhà máy điện công suất đặt sản lượng,1,
2026-09-18 15:06:56,4f8176e9,subagent,websearch,,Luật Tiếp cận thông tin 2016 yêu cầu cung cấp thông tin môi trường thời hạn trả lời,1,
2026-09-18 15:07:11,4f8176e9,subagent,websearch,,"documents.worldbank.org ""Phu My 3"" environmental assessment gas turbine emission",1,
2026-09-18 15:07:12,4f8176e9,subagent,websearch,,Vietnam national emissions inventory point source PRTR kiểm kê phát thải công nghiệp Bộ Tài nguyên và Môi trường,1,
2026-09-18 15:07:13,4f8176e9,subagent,websearch,,GreenID Vietnam Sustainable Energy air pollution gas power plant inventory report,1,
2026-09-18 15:07:13,4f8176e9,subagent,websearch,,REAS Vietnam emissions inventory power sector regional emission inventory,1,
2026-09-18 15:07:29,4f8176e9,subagent,shell,dadosabertos.ibama.gov.br,https://dadosabertos.ibama.gov.br/api/3/action/package_search?q=RAPP,1,
2026-09-18 15:07:29,4f8176e9,subagent,shell,dadosabertos.ibama.gov.br,https://dadosabertos.ibama.gov.br/api/3/action/package_search?q=emiss%C3%B5es%20atmosf%C3%A9ricas,1,
2026-09-18 15:07:31,4f8176e9,subagent,websearch,,"documents.worldbank.org ""Phu My 3"" OR ""Ca Mau"" gas power Vietnam guarantee project environmental",1,
2026-09-18 15:07:32,4f8176e9,subagent,webfetch,www.sciencedirect.com,https://www.sciencedirect.com/science/article/abs/pii/S1352231020307743,1,
2026-09-18 15:07:34,4f8176e9,subagent,websearch,,QCVN 19:2024/BTNMT điều kiện chuẩn oxy tham chiếu 15% khô ướt nồng độ khí thải công nghiệp,1,
2026-09-18 15:07:41,4f8176e9,subagent,shell,dadosabertos.ibama.gov.br,https://dadosabertos.ibama.gov.br/api/3/action/package_show?id=emissoes-de-poluentes-atmosfericos,1,
2026-09-18 15:07:47,4f8176e9,subagent,shell,dadosabertos.ibama.gov.br,https://dadosabertos.ibama.gov.br/dados/RAPP/emissoesPoluentesAtmosfericos/relatorio.csv,1,
2026-09-18 15:07:47,4f8176e9,subagent,websearch,,dadosabertos.aneel.gov.br siga sistema de informações de geração da aneel dataset,1,
2026-09-18 15:07:48,4f8176e9,subagent,websearch,,dados.ons.org.br geracao-usina dataset ONS dados abertos,1,
2026-09-18 15:07:48,4f8176e9,subagent,websearch,,CCEE dados abertos portal câmara comercialização energia elétrica,1,
2026-09-18 15:07:49,4f8176e9,subagent,websearch,,EPE habilitação técnica leilão reserva de capacidade LRCAP 2026 licença ambiental,1,
2026-09-18 15:07:53,4f8176e9,subagent,shell,documents.worldbank.org,https://documents.worldbank.org/en/publication/documents-reports/documentdetail/181301468133799789/environmental-assesment-report-715-mw-combined-cycle-power-plant,1,
2026-09-18 15:07:53,4f8176e9,subagent,shell,www.adb.org,https://www.adb.org/projects/36901-014/main,1,
2026-09-18 15:07:53,4f8176e9,subagent,shell,documents1.worldbank.org,https://documents1.worldbank.org/curated/en/927821468780593323/pdf/multi0page.pdf,2,
2026-09-18 15:07:53,4f8176e9,subagent,shell,mae.gov.vn,https://mae.gov.vn/noidung/Lists/VBQPPL/Attachments/519/QCVN%20Khi%20thai%20cong%20nghiep_Signed.pdf,2,
2026-09-18 15:07:53,4f8176e9,subagent,shell,cem.gov.vn,https://cem.gov.vn/,1,
2026-09-18 15:07:53,4f8176e9,subagent,shell,www.miga.org,https://www.miga.org/project/phu-my-3-bot-power-company-ltd,1,
2026-09-18 15:07:53,4f8176e9,subagent,shell,thamvan.mae.gov.vn,https://thamvan.mae.gov.vn/,1,
2026-09-18 15:08:01,4f8176e9,subagent,webfetch,dadosabertos.aneel.gov.br,https://dadosabertos.aneel.gov.br/dataset/siga-sistema-de-informacoes-de-geracao-da-aneel,1,
2026-09-18 15:08:02,4f8176e9,subagent,webfetch,dados.ons.org.br,https://dados.ons.org.br/dataset/geracao-usina-2,1,
2026-09-18 15:08:03,4f8176e9,subagent,websearch,,INEA RJ EIA RIMA usina termelétrica licenciamento ambiental,1,
2026-09-18 15:08:03,4f8176e9,subagent,websearch,,INEA consulta processo licenciamento ambiental Rio de Janeiro online,1,
2026-09-18 15:08:03,4f8176e9,subagent,webfetch,dadosabertos.ccee.org.br,https://dadosabertos.ccee.org.br/about,1,
2026-09-18 15:08:14,4f8176e9,subagent,webfetch,www.inea.rj.gov.br,https://www.inea.rj.gov.br/eia-rima/,1,
2026-09-18 15:08:15,4f8176e9,subagent,webfetch,www.inea.rj.gov.br,https://www.inea.rj.gov.br/inea-licenciamento-pos-licenca-e-fiscalizacao/consultar-processo/,1,
2026-09-18 15:08:26,4f8176e9,subagent,websearch,,Decreto 8437/2015 Lei Complementar 140/2011 licenciamento ambiental federal termelétrica IBAMA MW,1,
2026-09-18 15:08:27,4f8176e9,subagent,websearch,,CONAMA 237/1997 licenciamento ambiental EIA RIMA publicidade artigo,1,
2026-09-18 15:08:32,4f8176e9,subagent,websearch,,CETESB relatório qualidade do ar inventário fontes fixas emissões por empreendimento,1,
2026-09-18 15:08:32,4f8176e9,subagent,websearch,,INEA inventário de emissões atmosféricas Região Metropolitana do Rio de Janeiro fontes fixas,1,
2026-09-18 15:08:33,4f8176e9,subagent,shell,dadosabertos.aneel.gov.br,https://dadosabertos.aneel.gov.br/dataset/6d90b77c-c5f5-4d81-bdec-7bc619494bb9/resource/11ec447d-698d-4ab8-977f-b424d5deee6a/download/siga-empreendimentos-geracao.csv,2,
2026-09-18 15:08:33,4f8176e9,subagent,websearch,,CETESB automonitoramento contínuo de emissões usina termelétrica gás natural,1,
2026-09-18 15:08:33,4f8176e9,subagent,websearch,,energiaeambiente.org.br inventário termelétricas planilha dados plataforma github,1,
2026-09-18 15:08:34,4f8176e9,subagent,websearch,,SEEG Observatório do Clima emissões por fonte pontual termelétrica NOx MP,1,
2026-09-18 15:08:38,4f8176e9,subagent,websearch,,CONAMA 382/2006 turbina a gás natural limite NOx monitoramento automonitoramento artigo,1,
2026-09-18 15:08:39,4f8176e9,subagent,websearch,,Lei 10650/2003 acesso público informações ambientais artigo 2 IBAMA divulgação,1,
2026-09-18 15:08:39,4f8176e9,subagent,websearch,,CONAMA 491/2018 506/2024 padrões qualidade do ar revogação,1,
2026-09-18 15:08:39,4f8176e9,subagent,shell,dadosabertos.ibama.gov.br,https://dadosabertos.ibama.gov.br/api/3/action/package_search?q=cadastro%20t%C3%A9cnico%20federal,1,
2026-09-18 15:08:47,4f8176e9,subagent,shell,dadosabertos.ibama.gov.br,https://dadosabertos.ibama.gov.br/api/3/action/package_show?id=unidade-poluidora,1,
2026-09-18 15:08:50,4f8176e9,subagent,webfetch,repositorio.cetesb.sp.gov.br,https://repositorio.cetesb.sp.gov.br/items/ed47274a-4ed4-4ffe-9b4b-184bbe6e7a04/full,1,
2026-09-18 15:08:52,4f8176e9,subagent,websearch,,Lei 12527/2011 LAI prazo 20 dias 10 dias resposta pedido informação,1,
2026-09-18 15:08:52,4f8176e9,subagent,websearch,,RAPP relatório anual atividades potencialmente poluidoras IBAMA CTF/APP Lei 10165/2000,1,
2026-09-18 15:08:52,4f8176e9,subagent,webfetch,www.inea.rj.gov.br,http://www.inea.rj.gov.br/programa-de-monitoramento-de-emissoes-em-fontes-fixas/,1,
2026-09-18 15:08:53,4f8176e9,subagent,webfetch,servicos.ibama.gov.br,https://servicos.ibama.gov.br/licenciamento/consulta_empreendimentos.php,1,
2026-09-18 15:08:54,4f8176e9,subagent,webfetch,energiaeambiente.org.br,https://energiaeambiente.org.br/plataforma-de-usinas-termeletricas-e-atualizada-com-quatro-empreendimentos-20200311,1,
2026-09-18 15:08:55,4f8176e9,subagent,websearch,,tese dissertação COPPE UFRJ inventário emissões termelétrica dispersão atmosférica gás natural,1,
2026-09-18 15:08:56,4f8176e9,subagent,websearch,,USP dissertação inventário emissões atmosféricas termelétrica ciclo combinado gás natural teses.usp.br,1,
2026-09-18 15:09:05,4f8176e9,subagent,shell,servicos.ibama.gov.br,https://servicos.ibama.gov.br/licenciamento/consulta_empreendimentos.php,4,
2026-09-18 15:09:07,4f8176e9,subagent,websearch,,PV Power pvpower.vn báo cáo phát triển bền vững môi trường khí thải nhà máy,1,
2026-09-18 15:09:08,4f8176e9,subagent,websearch,,EVN sustainability report annual report air emissions gas thermal power plant NOx SO2,1,
2026-09-18 15:09:27,4f8176e9,subagent,shell,www.semace.ce.gov.br,https://www.semace.ce.gov.br/,1,
2026-09-18 15:09:27,4f8176e9,subagent,shell,www.adema.se.gov.br,https://www.adema.se.gov.br/,2,
2026-09-18 15:09:27,4f8176e9,subagent,shell,simlam.semas.pa.gov.br,https://simlam.semas.pa.gov.br/,1,
2026-09-18 15:09:35,4f8176e9,subagent,shell,www.inea.rj.gov.br,https://www.inea.rj.gov.br/eia-rima/,2,
2026-09-18 15:09:35,4f8176e9,subagent,shell,www.inea.rj.gov.br,https://www.inea.rj.gov.br/,1,
2026-09-18 15:09:36,4f8176e9,subagent,webfetch,cdm.unfccc.int,https://cdm.unfccc.int/Projects/projsearch.html,1,
2026-09-18 15:09:37,4f8176e9,subagent,websearch,,"""Phu My"" OR ""Nhon Trach"" OR ""Ca Mau"" site:cdm.unfccc.int",1,
2026-09-18 15:09:38,4f8176e9,subagent,websearch,,Nhơn Trạch 3 4 SMBC JBIC NEXI khoản vay ESIA công bố thông tin dự án,1,
2026-09-18 15:09:42,4f8176e9,subagent,shell,adema.se.gov.br,https://adema.se.gov.br/,2,
2026-09-18 15:09:42,4f8176e9,subagent,shell,www.ce.gov.br,https://www.ce.gov.br/,1,
2026-09-18 15:09:42,4f8176e9,subagent,shell,www.semas.pa.gov.br,https://www.semas.pa.gov.br/,3,
2026-09-18 15:09:58,4f8176e9,subagent,webfetch,www.jcm.go.jp,https://www.jcm.go.jp/vn-jp/projects,1,
2026-09-18 15:10:03,4f8176e9,subagent,websearch,,Eneva relatório de sustentabilidade 2025 emissões NOx SOx material particulado por usina,1,
2026-09-18 15:10:03,4f8176e9,subagent,websearch,,jcm.go.jp Vietnam project list gas power OR combined cycle OR LNG registered,1,
2026-09-18 15:10:08,4f8176e9,subagent,shell,adema.se.gov.br,https://adema.se.gov.br/estudos-ambientais-2/,1,
2026-09-18 15:10:08,4f8176e9,subagent,shell,licenciamento.adema.se.gov.br,https://licenciamento.adema.se.gov.br/,1,
2026-09-18 15:10:08,4f8176e9,subagent,shell,portal-servicos-sistemas.semas.pa.gov.br,https://portal-servicos-sistemas.semas.pa.gov.br/consulta-geral,1,
2026-09-18 15:10:09,4f8176e9,subagent,shell,archive.org,http://archive.org/wayback/available?url=inea.rj.gov.br/eia-rima/,3,
2026-09-18 15:10:09,4f8176e9,subagent,shell,archive.org,http://archive.org/wayback/available?url=www.inea.rj.gov.br/inea-licenciamento-pos-licenca-e-fiscalizacao/consultar-processo/,2,
2026-09-18 15:10:15,4f8176e9,subagent,shell,www.inea.rj.gov.br,http://www.inea.rj.gov.br/programa-de-monitoramento-de-emissoes-em-fontes-fixas/,1,
2026-09-18 15:10:16,4f8176e9,subagent,webfetch,cetesb.sp.gov.br,https://cetesb.sp.gov.br/ar/,1,
2026-09-18 15:10:17,4f8176e9,subagent,websearch,,IFC disclosures GNA Gás Natural Açu Porto do Açu project ESIA,1,
2026-09-18 15:10:18,4f8176e9,subagent,websearch,,KfW IPEX-Bank GNA Gás Natural Açu project disclosure environmental,1,
2026-09-18 15:10:18,4f8176e9,subagent,websearch,,BNDES transparência GNA Gás Natural Açu financiamento consulta operações,1,
2026-09-18 15:10:22,4f8176e9,subagent,shell,web.archive.org,https://web.archive.org/web/2026/https://ppi.gov.br/wp-content/uploads/2026/03/Resultado-geral-1.pdf,1,
2026-09-18 15:10:22,4f8176e9,subagent,websearch,,Eneva Formulário de Referência CVM 2026 material particulado óxidos de nitrogênio usina,1,
2026-09-18 15:10:23,4f8176e9,subagent,websearch,,"""EPE"" habilitação técnica leilão A-6 A-5 relação de empreendimentos habilitados licença ambiental número",1,
2026-09-18 15:10:25,4f8176e9,subagent,websearch,,IBAMA consulta_empreendimentos.php processo licenciamento documentos EIA RIMA disponíveis para download,1,
2026-09-18 15:10:25,4f8176e9,subagent,websearch,,IBAMA SEI pesquisa pública processo consulta sem login,1,
2026-09-18 15:10:39,4f8176e9,subagent,websearch,,UNFCCC CDM project design document Brazil natural gas combined cycle power plant registered,1,
2026-09-18 15:10:39,4f8176e9,subagent,websearch,,"""2015 Vietnam emission inventory for power generation units"" pdf researchgate OR sciencedirect author",1,
2026-09-18 15:10:40,4f8176e9,subagent,websearch,,"ERAV ""108 nhà máy điện tham gia thị trường điện cạnh tranh"" danh sách",1,
2026-09-18 15:10:46,4f8176e9,subagent,webfetch,ppi.gov.br,https://ppi.gov.br/wp-content/uploads/2026/03/Resultado-geral-1.pdf,1,
2026-09-18 15:10:47,4f8176e9,subagent,webfetch,www2.camara.leg.br,https://www2.camara.leg.br/legin/fed/decret/2015/decreto-8437-22-abril-2015-780587-norma-pe.html,1,
2026-09-18 15:10:48,4f8176e9,subagent,webfetch,centralesg.eneva.com.br,https://centralesg.eneva.com.br/category/apresentacao-1/sobre-este-relatorio-1/indicator?indicator=daaa7437-7c87-445e-9278-26c82b5357f5,1,
2026-09-18 15:10:49,4f8176e9,subagent,shell,www.inea.rj.gov.br,https://www.inea.rj.gov.br/programa-de-monitoramento-de-emissoes-em-fontes-fixas/,1,
2026-09-18 15:10:50,4f8176e9,subagent,websearch,,"""MDL"" OR ""CDM"" projeto termelétrica gás natural Brasil UNFCCC registrado ciclo combinado monitoring report",1,
2026-09-18 15:10:51,4f8176e9,subagent,shell,cetesb.sp.gov.br,https://cetesb.sp.gov.br/ar/historico/,1,
2026-09-18 15:10:52,4f8176e9,subagent,websearch,,Querido Diário busca audiência pública diário oficial API código-fonte,1,
2026-09-18 15:10:52,4f8176e9,subagent,websearch,,Fala.BR pedido de acesso à informação IBAMA lei 12527 prazo 20 dias,1,
2026-09-18 15:10:54,4f8176e9,subagent,shell,www.inea.rj.gov.br,http://www.inea.rj.gov.br/,1,
2026-09-18 15:10:54,4f8176e9,subagent,websearch,,"""Decreto 8.437"" anexo ""usina termelétrica"" ""300 MW"" OR ""300 megawatts"" item",1,
2026-09-18 15:10:54,4f8176e9,subagent,shell,acs.engr.utk.edu,http://acs.engr.utk.edu/publications/2020_Roy.pdf,2,
2026-09-18 15:10:57,4f8176e9,subagent,websearch,,GNA Gás Natural Açu Prumo BP Repsol Sinopec sócios acionistas termelétrica,1,
2026-09-18 15:10:57,4f8176e9,subagent,websearch,,Petrobras relatório de sustentabilidade 2025 emissões atmosféricas por usina termelétrica NOx MP,1,
2026-09-18 15:11:28,4f8176e9,subagent,webfetch,web.archive.org,https://web.archive.org/web/2024/https://www.inea.rj.gov.br/eia-rima/,1,
2026-09-18 15:11:28,4f8176e9,subagent,webfetch,www.google.com,https://www.google.com,1,
2026-09-18 15:11:34,4f8176e9,subagent,shell,archive.org,http://archive.org/wayback/available?url=inea.rj.gov.br/programa-de-monitoramento-de-emissoes-em-fontes-fixas/,1,
2026-09-18 15:11:35,4f8176e9,subagent,webfetch,www.planalto.gov.br,http://www.planalto.gov.br/ccivil_03/_ato2015-2018/2015/decreto/d8437.htm,1,
2026-09-18 15:11:35,4f8176e9,subagent,webfetch,queridodiario.org.br,https://queridodiario.org.br/,1,
2026-09-18 15:11:36,4f8176e9,subagent,websearch,,e-SIC serviço de informação ao cidadão estado do Rio de Janeiro São Paulo secretaria meio ambiente portal,1,
2026-09-18 15:11:38,4f8176e9,subagent,webfetch,plataforma.seeg.eco.br,https://plataforma.seeg.eco.br/,1,
2026-09-18 15:11:39,4f8176e9,subagent,shell,web.archive.org,https://web.archive.org/web/2024*/inea.rj.gov.br/eia-rima*,1,
2026-09-18 15:11:42,4f8176e9,subagent,webfetch,www.jusbrasil.com.br,https://www.jusbrasil.com.br/topicos/32900998/decreto-n-8437-de-22-de-abril-de-2015,1,
2026-09-18 15:11:50,4f8176e9,subagent,shell,www.planalto.gov.br,http://www.planalto.gov.br/ccivil_03/_ato2015-2018/2015/decreto/d8437.htm,1,
2026-09-18 15:11:54,4f8176e9,subagent,shell,web.archive.org,https://web.archive.org/cdx/search/cdx?url=inea.rj.gov.br/programa-de-monitoramento-de-emissoes-em-fontes-fixas/*&output=json&limit=5,1,
2026-09-18 15:11:54,4f8176e9,subagent,shell,queridodiario.ok.org.br,https://queridodiario.ok.org.br/api/gazettes?querystring=Azulão&size=3,2,
2026-09-18 15:11:54,4f8176e9,subagent,shell,queridodiario.ok.org.br,https://queridodiario.ok.org.br/api/cities?city=,1,
2026-09-18 15:11:55,4f8176e9,subagent,webfetch,web.archive.org,https://web.archive.org/web/2024/http://www.inea.rj.gov.br/programa-de-monitoramento-de-emissoes-em-fontes-fixas/,1,
2026-09-18 15:12:08,4f8176e9,subagent,shell,web.archive.org,https://web.archive.org/web/20240101000000*/www.inea.rj.gov.br/eia-rima/,1,
2026-09-18 15:12:08,4f8176e9,subagent,shell,web.archive.org,https://web.archive.org/cdx/search/cdx?url=inea.rj.gov.br/eia-rima/*&output=json&limit=20,1,
2026-09-18 15:12:08,4f8176e9,subagent,shell,web.archive.org,https://web.archive.org/web/20250506110803/https://www.inea.rj.gov.br/programa-de-monitoramento-de-emissoes-em-fontes-fixas/,1,
2026-09-18 15:12:25,4f8176e9,subagent,websearch,,"IBAMA ""pesquisa pública"" SEI processo consulta gov.br/ibama",1,
2026-09-18 15:12:26,4f8176e9,subagent,websearch,,SIGQAr INEA Sistema Integrado de Gestão da Qualidade do Ar acesso público dados,1,
2026-09-18 15:12:35,4f8176e9,subagent,shell,docibama.ibama.gov.br,https://docibama.ibama.gov.br/publico/,1,
2026-09-18 15:12:35,4f8176e9,subagent,shell,www.gov.br,https://www.gov.br/ibama/pt-br/servicos/consultas,1,
2026-09-18 15:12:37,4f8176e9,subagent,shell,web.archive.org,https://web.archive.org/web/20231004072258/https://www.inea.rj.gov.br/eia-rima/,1,
2026-09-18 15:12:37,4f8176e9,subagent,webfetch,portalsigqar.inea.rj.gov.br,https://portalsigqar.inea.rj.gov.br/,1,
2026-09-18 15:12:53,4f8176e9,subagent,shell,portallicenciamento.inea.rj.gov.br,https://portallicenciamento.inea.rj.gov.br/,1,
2026-09-18 15:12:53,4f8176e9,subagent,shell,web.archive.org,https://web.archive.org/cdx/search/cdx?url=inea.rj.gov.br/inea-licenciamento-pos-licenca-e-fiscalizacao/consultar-processo*&output=json&limit=5,2,
2026-09-18 15:12:57,4f8176e9,subagent,shell,iema.es.gov.br,https://iema.es.gov.br/Media/iema/EIA-RIMA/EIA/Relacao_EIA_IEMA_site_24.02.2026.pdf,1,
2026-09-18 15:12:57,4f8176e9,subagent,shell,www2.cetesb.sp.gov.br,https://www2.cetesb.sp.gov.br/licenciamentoambiental/eia-rima/,1,
2026-09-18 15:12:57,4f8176e9,subagent,shell,disclosures.ifc.org,https://disclosures.ifc.org/project-detail/ESRS/39652/celse,1,
2026-09-18 15:13:03,4f8176e9,main,shell,www.luatmoitruong.vn,https://www.luatmoitruong.vn/nghi-dinh-08-2022-nd-cp/chuong-viii.-he-thong-thong-tin-co-so-du-lieu-moi-truong/muc-1.-thong-tin-moi-truong/dieu-102.-cong-khai-thong-tin-moi-truong,1,
2026-09-18 15:13:12,4f8176e9,main,webfetch,www.luatmoitruong.vn,https://www.luatmoitruong.vn/nghi-dinh-08-2022-nd-cp/chuong-viii.-he-thong-thong-tin-co-so-du-lieu-moi-truong/muc-1.-thong-tin-moi-truong/dieu-102.-cong-khai-thong-tin-moi-truong,1,
2026-09-18 15:13:13,4f8176e9,main,websearch,,Nghị định 136/2025/NĐ-CP phân quyền thẩm định báo cáo đánh giá tác động môi trường UBND cấp tỉnh nhà máy nhiệt điện,1,
2026-09-18 15:13:14,4f8176e9,subagent,shell,www.planalto.gov.br,http://www.planalto.gov.br/ccivil_03/leis/lcp/lcp140.htm,1,
2026-09-18 15:13:26,4f8176e9,main,webfetch,baochinhphu.vn,https://baochinhphu.vn/quy-dinh-phan-quyen-phan-cap-trong-linh-vuc-tai-nguyen-nuoc-moi-truong-102250613104345041.htm,1,
2026-09-18 15:13:45,4f8176e9,subagent,websearch,,CONAMA 436/2011 fontes fixas existentes escopo diferença 382/2006,1,
2026-09-18 15:13:59,4f8176e9,subagent,shell,web.archive.org,https://web.archive.org/web/20190516104553/http://www.inea.rj.gov.br:80/inea-licenciamento-pos-licenca-e-fiscalizacao/consultar-processo/,1,
2026-09-18 15:14:04,4f8176e9,subagent,shell,archive.org,http://archive.org/wayback/available?url=ppi.gov.br/wp-content/uploads/2026/03/Resultado-geral-1.pdf,3,
2026-09-18 15:14:04,4f8176e9,subagent,shell,ppi.gov.br,https://ppi.gov.br/wp-content/uploads/2026/03/Resultado-geral-1.pdf,4,
2026-09-18 15:14:05,4f8176e9,subagent,websearch,,"CETESB ""Relatório de Qualidade do Ar"" 2024 publicações anual estado de São Paulo",1,
2026-09-18 15:14:21,4f8176e9,subagent,shell,cetesb.sp.gov.br,https://cetesb.sp.gov.br/ar/wp-content/uploads/sites/28/2025/06/Relatorio-de-Qualidade-do-Ar-no-Estado-de-Sao-Paulo-2024.pdf,1,
2026-09-18 15:14:27,4f8176e9,subagent,websearch,,IPAAM Amazonas EIA RIMA usina termelétrica licenciamento ambiental,1,
2026-09-18 15:14:27,4f8176e9,subagent,websearch,,IPAAM consulta processo licenciamento ambiental Amazonas online,1,
2026-09-18 15:14:33,4f8176e9,subagent,websearch,,"Querido Diário API busca ""audiência pública"" diário oficial estado",1,
2026-09-18 15:14:40,4f8176e9,subagent,webfetch,www.ipaam.am.gov.br,https://www.ipaam.am.gov.br/eia-rima-site/,1,
2026-09-18 15:14:41,4f8176e9,subagent,webfetch,www.ipaam.am.gov.br,https://www.ipaam.am.gov.br/licencas-ambientais-concedidas/,1,
2026-09-18 15:14:47,4f8176e9,subagent,websearch,,BNDES transparência consulta operações apoiadas GNA Porto do Açu financiamento,1,
2026-09-18 15:14:52,4f8176e9,subagent,webfetch,www.ipaam.am.gov.br,https://www.ipaam.am.gov.br/global-eia-rima-ute-manaus-iii/,1,
2026-09-18 15:15:02,4f8176e9,subagent,shell,www.bndes.gov.br,https://www.bndes.gov.br/wps/portal/site/home/transparencia/consulta-operacoes-bndes/consulta-op-dir-ind-nao-aut,1,
2026-09-18 15:15:02,4f8176e9,subagent,shell,dadosabertos.bndes.gov.br,https://dadosabertos.bndes.gov.br/,1,
2026-09-18 15:15:03,4f8176e9,subagent,shell,www.ipaam.am.gov.br,http://www.ipaam.am.gov.br/wp-content/uploads/2024/03/EIA-MANAUS-III-site.pdf,1,
2026-09-18 15:15:20,4f8176e9,subagent,websearch,,IMA Alagoas EIA RIMA usina termelétrica Manguaba Pilar licenciamento,1,
2026-09-18 15:15:20,4f8176e9,subagent,websearch,,IMA-AL consulta processo licenciamento ambiental Alagoas online biblioteca EIA,1,
2026-09-18 15:15:26,4f8176e9,subagent,websearch,,CONAMA 382/2006 monitoramento contínuo obrigatório turbina gás potência limite artigo,1,
2026-09-18 15:15:32,4f8176e9,subagent,webfetch,www2.ima.al.gov.br,https://www2.ima.al.gov.br/licenciamento/relatorios-de-impacto-ambiental-rima/,1,
2026-09-18 15:15:33,4f8176e9,subagent,webfetch,www.consulta.ima.al.gov.br,https://www.consulta.ima.al.gov.br/,1,
2026-09-18 15:15:45,4f8176e9,subagent,shell,www2.ima.al.gov.br,https://www2.ima.al.gov.br/wp-content/uploads/2023/03/RIMA-UTE-PILAR-NOVA.pdf,1,
2026-09-18 15:15:51,4f8176e9,subagent,websearch,,"""EIA"" site:ima.al.gov.br termelétrica OR usina OR UTE pdf",1,
2026-09-18 15:15:52,4f8176e9,subagent,websearch,,KfW IPEX-Bank GNA Porto do Açu project finance disclosure environmental,1,
2026-09-18 15:16:00,4f8176e9,subagent,websearch,,INEMA Bahia EIA RIMA usina termelétrica Apoena Corcovado Guarani licenciamento,1,
2026-09-18 15:16:01,4f8176e9,subagent,websearch,,INEMA consulta processo licenciamento ambiental Bahia SIGA online biblioteca EIA,1,
2026-09-18 15:16:10,4f8176e9,subagent,websearch,,IBAMA CTF/APP consulta pública cadastro técnico federal empresa CNPJ consultar,1,
2026-09-18 15:16:14,4f8176e9,subagent,webfetch,www.ba.gov.br,https://www.ba.gov.br/inema/estudos-ambientais/avaliacao-ambiental/eia-rima,1,
2026-09-18 15:16:18,4f8176e9,subagent,shell,www.ba.gov.br,https://www.ba.gov.br/inema/sites/site-inema/files/migracao_2024/arquivos/wp-content/files/RIMA_Usina_Termeletrica_Barra_do_Rocha_I.pdf,1,
2026-09-18 15:16:27,4f8176e9,subagent,webfetch,sol.inema.ba.gov.br,http://sol.inema.ba.gov.br/servicos/consultaProcesso/,1,
2026-09-18 15:16:28,4f8176e9,subagent,websearch,,"""EIA"" ""UTE Global VII"" inema.ba.gov.br OR ba.gov.br pdf volume",1,
2026-09-18 15:16:28,4f8176e9,subagent,websearch,,CCEE dados abertos geração usina termelétrica plataforma dados abertos,1,
2026-09-18 15:16:48,4f8176e9,subagent,websearch,,EPE AEGE habilitação técnica ambiental leilão consulta pública licença,1,
2026-09-18 15:17:17,4f8176e9,subagent,shell,cetesb.sp.gov.br,https://cetesb.sp.gov.br/ar/wp-content/uploads/sites/28/2024/08/Relatorio-de-Qualidade-do-Ar-no-Estado-de-Sao-Paulo-2023.pdf,2,
2026-09-18 15:17:39,4f8176e9,subagent,websearch,,INEA SIGQAr portal público inea.rj.gov.br monitoramento fontes fixas,1,
2026-09-18 15:17:52,4f8176e9,subagent,shell,www.inema.ba.gov.br,http://www.inema.ba.gov.br/wp-content/uploads/2015/09/01.-EIA_Volume-1_Caracteriza%C3%A7%C3%A3o-do-Empreendimento.pdf,1,
2026-09-18 15:17:52,4f8176e9,subagent,shell,sol.inema.ba.gov.br,http://sol.inema.ba.gov.br/,1,
2026-09-18 15:17:59,4f8176e9,subagent,websearch,,"""UNFCCC"" ""monitoring report"" OR ""PDD"" Brazil natural gas combined cycle CDM registered project list",1,
2026-09-18 15:18:16,4f8176e9,subagent,websearch,,UNOSUGEN natural gas combined cycle CDM project country location,1,
2026-09-18 15:18:18,4f8176e9,subagent,shell,www.ba.gov.br,https://www.ba.gov.br/inema/sites/site-inema/files/migracao_2024/arquivos/wp-content/files/EIA.pdf,1,
2026-09-18 15:18:30,4f8176e9,subagent,websearch,,Eneva relatório sustentabilidade 2025 NOx SOx material particulado usinas,1,
2026-09-18 15:18:34,4f8176e9,subagent,websearch,,CPRH Pernambuco EIA RIMA usina termelétrica Suape Tacaimbó Termo Agreste licenciamento,1,
2026-09-18 15:18:34,4f8176e9,subagent,websearch,,CPRH consulta processo licenciamento ambiental Pernambuco online biblioteca EIA,1,
2026-09-18 15:18:45,4f8176e9,subagent,websearch,,"CPRH ""EIA/RIMA"" biblioteca estudos ambientais site:cprh.pe.gov.br OR site:www2.cprh.pe.gov.br",1,
2026-09-18 15:18:46,4f8176e9,subagent,webfetch,www2.cprh.pe.gov.br,https://www2.cprh.pe.gov.br/licenciamento-ambiental/acompanhe-seu-processo/,1,
2026-09-18 15:18:54,4f8176e9,subagent,shell,www.iat.pr.gov.br,https://www.iat.pr.gov.br/,1,
2026-09-18 15:18:54,4f8176e9,subagent,shell,www.imasul.ms.gov.br,https://www.imasul.ms.gov.br/,1,
2026-09-18 15:18:54,4f8176e9,subagent,shell,www.sema.ma.gov.br,https://www.sema.ma.gov.br/,1,
2026-09-18 15:18:57,4f8176e9,subagent,webfetch,www2.cprh.pe.gov.br,https://www2.cprh.pe.gov.br/publicacoes-e-transparencia/eia-rima/,1,
2026-09-18 15:19:01,4f8176e9,subagent,shell,www2.cprh.pe.gov.br,https://www2.cprh.pe.gov.br/licenciamento-ambiental/acompanhe-seu-processo/,1,
2026-09-18 15:19:12,4f8176e9,subagent,shell,www2.cprh.pe.gov.br,https://www2.cprh.pe.gov.br/publicacoes-e-transparencia/eia-rima/,1,
2026-09-18 15:19:23,4f8176e9,subagent,shell,www2.cprh.pe.gov.br,https://www2.cprh.pe.gov.br/wp-content/uploads/2021/01/estudo-de-impacto-ambiental.pdf,1,
2026-09-18 15:19:40,4f8176e9,subagent,websearch,,"""EIA"" OR ""Estudo de Impacto Ambiental"" termelétrica OR ""usina termoelétrica"" Suape OR Tacaimbó OR Agreste cprh.pe.gov.br pdf",1,
2026-09-18 15:19:53,4f8176e9,subagent,websearch,,SEMAD Goiás EIA RIMA usina termelétrica Bonfinópolis Brasil Central Centro Oeste licenciamento,1,
2026-09-18 15:19:54,4f8176e9,subagent,websearch,,SEMAD-GO consulta processo licenciamento ambiental Goiás online biblioteca EIA RIMA,1,
2026-09-18 15:20:06,4f8176e9,subagent,webfetch,portal.meioambiente.go.gov.br,https://portal.meioambiente.go.gov.br/,1,
2026-09-18 15:20:06,4f8176e9,subagent,websearch,,"""EIA"" OR ""RIMA"" ""Bonfinópolis"" OR ""Brasil Central"" OR ""Centro Oeste"" termelétrica pdf download",1,
2026-09-18 15:20:21,4f8176e9,subagent,shell,portal.meioambiente.go.gov.br,https://portal.meioambiente.go.gov.br/,1,
2026-09-18 15:20:26,4f8176e9,subagent,websearch,,"SEMAD Goiás ""transparência ambiental"" busca avançada licenciamento ambiental consulta url",1,
2026-09-18 15:20:40,4f8176e9,subagent,shell,portal.meioambiente.go.gov.br,https://portal.meioambiente.go.gov.br/portal/pages/infoSistemaTRANSPARENCIA.mago?sistema=b11de60a-8072-4f9d-ac01-c339ff1c8515,1,
2026-09-18 15:23:40,4f8176e9,subagent,shell,www.adema.se.gov.br,https://www.adema.se.gov.br/licenciamento-ambiental/,1,
2026-09-18 15:23:40,4f8176e9,subagent,shell,lai.se.gov.br,https://lai.se.gov.br/,1,
2026-09-18 15:23:40,4f8176e9,subagent,shell,monitoramento.semas.pa.gov.br,https://monitoramento.semas.pa.gov.br/simlam/,1,
2026-09-18 15:28:18,4f8176e9,main,shell,www.ipaam.am.gov.br,http://www.ipaam.am.gov.br/wp-content/uploads/2024/03/EIA-MANAUS-III-site.pdf,2,
2026-09-18 15:28:18,4f8176e9,main,shell,www.ba.gov.br,https://www.ba.gov.br/inema/sites/site-inema/files/migracao_2024/arquivos/wp-content/files/EIA.pdf,2,
2026-09-18 15:28:18,4f8176e9,main,shell,monitoramento.semas.pa.gov.br,https://monitoramento.semas.pa.gov.br/simlam/,2,
2026-09-18 15:28:18,4f8176e9,main,shell,www.adema.se.gov.br,https://www.adema.se.gov.br/,1,
2026-09-18 15:28:18,4f8176e9,main,shell,www.inea.rj.gov.br,https://www.inea.rj.gov.br/eia-rima/,1,
2026-09-18 15:28:18,4f8176e9,main,shell,www.ipaam.am.gov.br,https://www.ipaam.am.gov.br/eia-rima-site/,4,
2026-09-18 15:28:18,4f8176e9,main,shell,dadosabertos.ibama.gov.br,https://dadosabertos.ibama.gov.br/dados/RAPP/emissoesPoluentesAtmosfericos/relatorio.csv,2,
2026-09-18 15:29:13,4f8176e9,main,shell,dadosabertos.aneel.gov.br,https://dadosabertos.aneel.gov.br/dataset/6d90b77c-c5f5-4d81-bdec-7bc619494bb9/resource/11ec447d-698d-4ab8-977f-b424d5deee6a/download/siga-empreendimentos-geracao.csv,2,
2026-09-18 15:30:33,4f8176e9,main,shell,www.ba.gov.br,https://www.ba.gov.br/inema/estudos-ambientais/avaliacao-ambiental/eia-rima,2,
2026-09-18 15:30:33,4f8176e9,main,shell,www.inea.rj.gov.br,https://www.inea.rj.gov.br/,1,
2026-09-18 15:32:16,4f8176e9,main,shell,www.ipaam.am.gov.br,https://www.ipaam.am.gov.br/licencas-ambientais-concedidas/,2,
2026-09-18 15:32:16,4f8176e9,main,shell,queridodiario.ok.org.br,https://queridodiario.ok.org.br,1,
2026-09-18 15:32:16,4f8176e9,main,shell,dadosabertos.aneel.gov.br,https://dadosabertos.aneel.gov.br/dataset/siga-sistema-de-informacoes-de-geracao-da-aneel,2,
2026-09-18 15:32:16,4f8176e9,main,shell,falabr.cgu.gov.br,https://falabr.cgu.gov.br,2,
2026-09-18 15:32:16,4f8176e9,main,shell,adema.se.gov.br,https://adema.se.gov.br/estudos-ambientais-2/,1,
2026-09-18 16:02:46,4f8176e9,main,gws-gmail,,gmail search (query withheld),2,
2026-09-18 16:02:56,4f8176e9,main,gws-gmail,,gmail thread (id withheld),2,
2026-09-18 16:03:16,4f8176e9,main,websearch,,IBAMA termo de referência padrão usinas termelétricas EIA 2025 emissões atmosféricas g/s t/ano kg/MWh,1,
2026-09-18 16:03:16,4f8176e9,main,websearch,,Ibama publica termo de referência padrão EIA/Rima usinas termelétricas junho 2025,1,
2026-09-18 16:03:28,4f8176e9,main,webfetch,www.gov.br,https://www.gov.br/ibama/pt-br/assuntos/notas/2025/ibama-publica-novo-termo-de-referencia-para-estudo-de-impacto-ambiental-de-usinas-termeletricas,1,
2026-09-18 16:03:41,4f8176e9,main,shell,www.gov.br,https://www.gov.br/ibama/pt-br/assuntos/notas/2025/ibama-publica-novo-termo-de-referencia-para-estudo-de-impacto-ambiental-de-usinas-termeletricas,3,
2026-09-18 16:03:48,4f8176e9,main,shell,archive.org,http://archive.org/wayback/available?url=$U,1,unresolved
2026-09-18 16:03:48,4f8176e9,main,shell,web.archive.org,https://web.archive.org/web/2025/$U,1,unresolved
2026-09-18 16:04:07,4f8176e9,main,shell,web.archive.org,https://web.archive.org/web/20260130094323id_/$B/$P,1,unresolved
2026-09-18 16:04:42,4f8176e9,main,shell,www.gov.br,https://www.gov.br/ibama/pt-br/assuntos/notas/2025/ibama-publica-novo-termo-de-referencia-para-estudo-de-impacto-ambiental-de-usinas-termeletricas/2025-06-26_tr_termeletricas_revisao_pos_consulta_final.pdf,2,
2026-09-18 19:10:16,4f8176e9,main,shell,servicos.ibama.gov.br,https://servicos.ibama.gov.br/licenciamento/consulta_empreendimentos.php,6,
2026-09-18 19:12:48,4f8176e9,main,shell,servicos.ibama.gov.br,https://servicos.ibama.gov.br/licenciamento/base/js/FormDin3.js,1,
2026-09-18 19:13:21,4f8176e9,main,shell,licenciamento.ibama.gov.br,https://licenciamento.ibama.gov.br/Termeletricas/,1,
2026-09-18 19:23:17,1565c1b9,main,shell,servicos.ibama.gov.br,https://servicos.ibama.gov.br/licenciamento/consulta_empreendimentos.php,5,
2026-09-18 19:31:23,1565c1b9,main,shell,servicos.ibama.gov.br,https://servicos.ibama.gov.br/licenciamento,1,
2026-09-18 19:31:38,1565c1b9,main,shell,servicos.ibama.gov.br,https://servicos.ibama.gov.br/licenciamento/modulos/documentos.php?cod_documento=74717&donwload=,1,
2026-09-18 19:36:23,1565c1b9,main,shell,sei.ibama.gov.br,https://sei.ibama.gov.br/modulos/pesquisa/md_pesq_processo_pesquisar.php?acao_externa=protocolo_pesquisar&acao_origem_externa=protocolo_pesquisar&id_orgao_acesso_externo=0,1,
2026-09-18 19:36:23,1565c1b9,main,shell,sei.ibama.gov.br,https://sei.ibama.gov.br/,1,
2026-09-18 19:36:23,1565c1b9,main,shell,sei.ibama.gov.br,https://sei.ibama.gov.br/sei/modulos/pesquisa/md_pesq_processo_pesquisar.php?acao_externa=protocolo_pesquisar&acao_origem_externa=protocolo_pesquisar&id_orgao_acesso_externo=0,1,
2026-09-18 19:36:48,1565c1b9,main,shell,licenciamento.ibama.gov.br,http://licenciamento.ibama.gov.br/,1,
2026-09-18 19:36:48,1565c1b9,main,shell,licenciamento.ibama.gov.br,https://licenciamento.ibama.gov.br/,6,
2026-09-18 19:36:48,1565c1b9,main,shell,www.licenciamento.ibama.gov.br,http://www.licenciamento.ibama.gov.br/,1,
2026-09-18 19:36:48,1565c1b9,main,shell,licenciamento.ibama.gov.br,http://licenciamento.ibama.gov.br/Termeletricas/,1,
2026-09-18 19:36:48,1565c1b9,main,shell,licenciamento.ibama.gov.br,https://licenciamento.ibama.gov.br/Termeletricas/,3,
2026-09-18 19:37:25,1565c1b9,main,shell,ibamagovbr.sharepoint.com,https://ibamagovbr.sharepoint.com,1,
2026-09-18 19:37:36,1565c1b9,main,shell,ibamagovbr.sharepoint.com,https://ibamagovbr.sharepoint.com/sites/EstudosAmbientais,1,
2026-09-18 19:37:36,1565c1b9,main,shell,ibamagovbr.sharepoint.com,https://ibamagovbr.sharepoint.com/:f:/s/LicenciamentoTeste/EoV6g0gR2wFBk668lwp8GD0BDhYVlZwOvmnhqXHoA1JxAg,1,
2026-09-18 19:48:41,1565c1b9,main,shell,www.gov.br,https://www.gov.br/ibama/pt-br/assuntos/laf/audiencias-publicas,1,
2026-09-18 19:48:41,1565c1b9,main,shell,www.gov.br,https://www.gov.br/ibama/pt-br/assuntos/laf/consultas/audiencias-publicas,1,
2026-09-18 19:48:41,1565c1b9,main,shell,archive.org,http://archive.org/wayback/available?url=licenciamento.ibama.gov.br/Termeletricas/,1,
2026-09-18 19:53:10,1565c1b9,main,shell,ibamagovbr.sharepoint.com,https://ibamagovbr.sharepoint.com/sites/EstudosAmbientais/Documentos,1,
2026-09-18 22:29:35,1565c1b9,main,shell,brasilapi.com.br,https://brasilapi.com.br/api/cnpj/v1/$c,1,unresolved
2026-09-18 22:37:08,1565c1b9,main,gws-drive,,drive file (id withheld),4,
2026-09-18 22:37:34,1565c1b9,main,shell,dadosabertos.ibama.gov.br,https://dadosabertos.ibama.gov.br/dados/RAPP/emissoesPoluentesAtmosfericos/relatorio.csv,3,
2026-09-18 22:37:34,1565c1b9,main,shell,dadosabertos.aneel.gov.br,https://dadosabertos.aneel.gov.br/dataset/6d90b77c-c5f5-4d81-bdec-7bc619494bb9/resource/11ec447d-698d-4ab8-977f-b424d5deee6a/download/siga-empreendimentos-geracao.csv,3,
2026-09-18 22:37:34,1565c1b9,main,shell,brasilapi.com.br,https://brasilapi.com.br/api/cnpj/v1/,2,
2026-09-18 22:41:08,1565c1b9,main,shell,www.gem.wiki,https://www.gem.wiki/GNA_I_power_station,2,
2026-09-18 22:41:08,1565c1b9,main,shell,www.gem.wiki,https://www.gem.wiki/Norte_Fluminense_power_station,2,
2026-09-18 22:41:08,1565c1b9,main,shell,www.gem.wiki,https://www.gem.wiki/Termomacaé_power_station,2,
2026-09-18 22:41:08,1565c1b9,main,shell,www.gem.wiki,https://www.gem.wiki/Governador_Leonel_Brizola_power_station,2,
2026-09-18 22:41:08,1565c1b9,main,shell,www.gem.wiki,https://www.gem.wiki/Porto_de_Sergipe_power_station,2,
2026-09-18 22:41:08,1565c1b9,main,shell,www.gem.wiki,https://www.gem.wiki/Parnaiba_power_station,2,
2026-09-18 22:41:08,1565c1b9,main,shell,www.gem.wiki,https://www.gem.wiki/Mauá_3_power_station,2,
2026-09-18 22:41:08,1565c1b9,main,shell,www.gem.wiki,https://www.gem.wiki/Termopernambuco_power_station,2,
2026-09-18 22:41:08,1565c1b9,main,shell,www.gem.wiki,https://www.gem.wiki/Uruguaiana_power_station,2,
2026-09-18 22:41:08,1565c1b9,main,shell,www.gem.wiki,https://www.gem.wiki/Karkey_013_power_station,2,
2026-09-18 22:42:52,1565c1b9,main,shell,brasilapi.com.br,https://brasilapi.com.br/api/cnpj/v1/00350763001215,2,
2026-09-18 22:54:42,281213bc,main,shell,thamvan.mae.gov.vn,https://thamvan.mae.gov.vn/Home/DSDTM?searchString=LNG&page=1,1,
2026-09-18 22:54:48,281213bc,main,shell,thamvan.mae.gov.vn,https://thamvan.mae.gov.vn/XemChiTiet/XemChiTiet?id=6318,1,
2026-09-18 22:55:08,281213bc,main,shell,thamvan.mae.gov.vn,https://thamvan.mae.gov.vn/Home/DSGiayPhep?searchString=Ph%C3%BA%20M%E1%BB%B9&page=1,1,
2026-09-18 22:55:08,281213bc,main,shell,thamvan.mae.gov.vn,https://thamvan.mae.gov.vn/Home/DSDTM?searchString=&page=1,1,
2026-09-18 22:55:21,281213bc,main,shell,thamvan.mae.gov.vn,https://thamvan.mae.gov.vn/Home/DSGiayPhep?page=1,1,
2026-09-18 22:55:30,281213bc,main,shell,thamvan.mae.gov.vn,https://thamvan.mae.gov.vn/Home/DSDTM?page=1&$p=100,1,unresolved
2026-09-18 22:55:30,281213bc,main,shell,thamvan.mae.gov.vn,https://thamvan.mae.gov.vn/,1,
2026-09-18 22:58:31,281213bc,subagent,shell,www.pvn.vn,https://www.pvn.vn/DataStore/2025/files/09/20250811_BC%20PTBV%20PVN_2024_VN_Final.pdf,3,
2026-09-18 22:58:49,281213bc,subagent,websearch,,Vung Ang LNG KEPCO K-EXIM K-SURE financing,1,
2026-09-18 22:58:49,281213bc,subagent,websearch,,Hai Lang LNG phase 1 T&T KOGAS KOSPO Hanwha financing K-EXIM K-SURE,1,
2026-09-18 22:59:00,281213bc,subagent,websearch,,Son My 2 power plant AES DFC US EXIM financing environmental review,1,
2026-09-18 22:59:01,281213bc,subagent,websearch,,Son My 1 LNG power plant EDF Pacific Group Sojitz Kyushu Proparco JBIC NEXI financing,1,
2026-09-18 22:59:01,281213bc,subagent,websearch,,"""Vung Ang LNG"" OR ""Vũng Áng LNG"" KEPCO Ha Tinh power plant project",1,
2026-09-18 22:59:01,281213bc,subagent,websearch,,K-Sure Vietnam gas project support KOGAS KOSPO Hai Lang,1,
2026-09-18 22:59:02,281213bc,subagent,websearch,,Nhon Trach 3 4 power plant financing SMBC SACE Citi ING K-SURE Vietcombank,1,
2026-09-18 22:59:03,281213bc,subagent,websearch,,"""Nhon Trach 3"" OR ""Nhơn Trạch 3"" LNG project finance lenders 2024",1,
2026-09-18 22:59:10,281213bc,subagent,websearch,,"""Vung Ang LNG"" power plant proposed Ha Tinh gas-fired 1500 MW",1,
2026-09-18 22:59:11,281213bc,subagent,websearch,,Vũng Áng LNG dự án điện khí Hà Tĩnh KEPCO,1,
2026-09-18 22:59:13,281213bc,subagent,websearch,,"SACE ""Category A"" project disclosure Nhon Trach Vietnam LNG environmental",1,
2026-09-18 22:59:14,281213bc,subagent,websearch,,SERV Swiss export risk insurance Nhon Trach Vietnam environmental review,1,
2026-09-18 22:59:15,281213bc,subagent,websearch,,K-SURE ksure.or.kr environmental review disclosure Nhon Trach Vietnam,1,
2026-09-18 22:59:15,281213bc,subagent,websearch,,SMBC lenders independent engineer report Nhon Trach 3 4 environmental social,1,
2026-09-18 22:59:16,281213bc,subagent,websearch,,Ca Na LNG Ninh Thuan Trung Nam Sideros B.Grimm Gulf sponsor 2026,1,
2026-09-18 22:59:16,281213bc,subagent,websearch,,Ô Môn IV EVN ADB 43400-013 ESIA,1,
2026-09-18 22:59:16,281213bc,subagent,websearch,,Nghi Son LNG power plant JERA JBIC NEXI financing,1,
2026-09-18 22:59:16,281213bc,subagent,websearch,,"""Nghi Son"" LNG power project finance 1500MW Thanh Hoa",1,
2026-09-18 22:59:17,281213bc,subagent,websearch,,Hiệp Phước LNG phase 1 Ho Chi Minh City financing lenders,1,
2026-09-18 22:59:19,281213bc,subagent,websearch,,"""Son My 2"" DFC ""Development Finance Corporation"" Vietnam",1,
2026-09-18 22:59:19,281213bc,subagent,websearch,,"""Son My"" site:dfc.gov",1,
2026-09-18 22:59:20,281213bc,subagent,websearch,,"""Son My"" site:exim.gov",1,
2026-09-18 22:59:20,281213bc,subagent,websearch,,"""Son My"" Proparco environmental social categorization",1,
2026-09-18 22:59:21,281213bc,subagent,websearch,,"""Son My"" JBIC environmental review",1,
2026-09-18 22:59:21,281213bc,subagent,websearch,,"""Son My"" NEXI environmental social considerations",1,
2026-09-18 22:59:23,281213bc,subagent,websearch,,Vũng Áng III KEPCO Siemens PV Power Lilama B.Grimm consortium selected 2026,1,
2026-09-18 22:59:24,281213bc,subagent,websearch,,"""Vung Ang III"" ESIA environmental social impact assessment K-EXIM disclosure",1,
2026-09-18 22:59:27,281213bc,subagent,websearch,,"JBIC ""Nghi Son"" Vietnam LNG loan",1,
2026-09-18 22:59:27,281213bc,subagent,websearch,,"NEXI ""Nghi Son"" Vietnam insurance",1,
2026-09-18 22:59:27,281213bc,subagent,shell,pvpower.vn,http://pvpower.vn/pow-media/to-pr/608429100-SMBC-CM04_Nhon-Trach-3amp4-CCPP_Mar2025_submission-1.pdf,2,
2026-09-18 22:59:27,281213bc,subagent,websearch,,"""Nhon Trach 3"" SMBC ""Construction Monitoring Report"" Mott MacDonald pvpower.vn",1,
2026-09-18 22:59:28,281213bc,subagent,websearch,,Cà Ná LNG hợp đồng tín dụng ngân hàng tài trợ vốn,1,
2026-09-18 22:59:28,281213bc,subagent,websearch,,"SACE progetti categoria A elenco Vietnam Nhon Trach OR ""Category A projects"" list SACE",1,
2026-09-18 22:59:29,281213bc,subagent,websearch,,Ca Na LNG power plant Thai EXIM bank financing loan,1,
2026-09-18 22:59:29,281213bc,subagent,websearch,,Ô Môn III JICA environmental review ESIA,1,
2026-09-18 22:59:29,281213bc,subagent,webfetch,theinvestor.vn,https://theinvestor.vn/japans-jera-strives-to-fire-up-nghi-son-lng-power-plant-by-2030-d5982.html,1,
2026-09-18 22:59:32,281213bc,subagent,webfetch,www.dfc.gov,https://www.dfc.gov/media/press-releases/dfc-announces-new-initiatives-support-prosperity-indo-pacific,1,
2026-09-18 22:59:33,281213bc,subagent,websearch,,AES Son My 2 DFC loan letter of interest LNG terminal,1,
2026-09-18 22:59:33,281213bc,subagent,websearch,,"dfc.gov ""Son My"" OR ""AES Vietnam"" project environmental social review summary",1,
2026-09-18 22:59:39,281213bc,subagent,webfetch,mekongasean.vn,https://mekongasean.vn/lng-ca-na-hoan-tat-khung-phap-ly-va-dong-von-cho-to-hop-nang-luong-cang-bien-53878.html,1,
2026-09-18 22:59:39,281213bc,subagent,websearch,,"""Ô Môn 3"" OR ""O Mon 3"" JICA Vietnam power plant loan project",1,
2026-09-18 22:59:40,281213bc,subagent,websearch,,Hiep Phuoc Power Company Limited owner Sojitz Marubeni Vietnam LNG,1,
2026-09-18 22:59:41,281213bc,subagent,webfetch,www.dfc.gov,https://www.dfc.gov/what-we-offer-work-us-investment-policies-environmental-and-social-impact-assessments/archived,1,
2026-09-18 22:59:41,281213bc,subagent,webfetch,www3.dfc.gov,https://www3.dfc.gov/OPICProjects,1,
2026-09-18 22:59:42,281213bc,subagent,webfetch,www.dfc.gov,https://www.dfc.gov/our-work/investment-projects,1,
2026-09-18 22:59:43,281213bc,subagent,webfetch,en.vneconomy.vn,https://en.vneconomy.vn/thanh-hoa-to-reopen-bidding-for-nghi-son-lng-fired-power-project.htm,1,
2026-09-18 22:59:44,281213bc,subagent,webfetch,vir.com.vn,https://vir.com.vn/jera-corporation-plans-to-develop-22-billion-nghi-son-lng-power-plant-136430.html,1,
2026-09-18 22:59:45,281213bc,subagent,webfetch,www.serv-ch.com,https://www.serv-ch.com/en/sustainability/transparency-serv-project-information/category-a-projects/,1,
2026-09-18 22:59:46,281213bc,subagent,websearch,,koreaexim.go.kr environmental social review disclosure project list site,1,
2026-09-18 22:59:46,281213bc,subagent,websearch,,ksure.or.kr environmental review disclosure list export credit,1,
2026-09-18 22:59:47,281213bc,subagent,websearch,,dfc.gov environmental social impact assessments current projects list,1,
2026-09-18 22:59:48,281213bc,subagent,webfetch,www.dfc.gov,https://www.dfc.gov/what-we-offer/environmental-and-social-impact-assessments,1,
2026-09-18 22:59:51,281213bc,subagent,webfetch,www.jica.go.jp,https://www.jica.go.jp/english/about/organization/environment/id/asia/southeast/a_b_fi/vietnam/c8h0vm000090rsso.html,1,
2026-09-18 22:59:51,281213bc,subagent,websearch,,Nghi Son LNG power plant investor selected 2026,1,
2026-09-18 22:59:52,281213bc,subagent,webfetch,www.adb.org,https://www.adb.org/projects/43400-013/main,1,
2026-09-18 22:59:52,281213bc,subagent,websearch,,"""Nghi Son"" LNG JERA Sovico winning bid awarded",1,
2026-09-18 22:59:53,281213bc,subagent,websearch,,Hiep Phuoc Power Co Ltd PMH Group shareholders Vietnam LNG 1200MW,1,
2026-09-18 22:59:54,281213bc,subagent,webfetch,ksure.or.kr,https://ksure.or.kr/rh-en/bbs/i-681/list.do,1,
2026-09-18 22:59:55,281213bc,subagent,webfetch,www.koreaexim.go.kr,http://www.koreaexim.go.kr/HPHKBI005M01,1,
2026-09-18 22:59:55,281213bc,subagent,shell,www.serv-ch.com,https://www.serv-ch.com/fileadmin/user_upload/files/Projektliste/A-Projekte/ESIA_Nhon_Trach_3_and_Nhon_Trach_4_Power_Plant.pdf,1,
2026-09-18 22:59:56,281213bc,subagent,webfetch,www.dfc.gov,https://www.dfc.gov/what-we-offer-eligibility-our-investment-policies/environmental-and-social-impact-assessments,1,
2026-09-18 23:00:02,281213bc,subagent,websearch,,"AES ""Eximbank"" OR ""EXIM"" Son My letter of interest $3.2 billion Vietnam",1,
2026-09-18 23:00:02,281213bc,subagent,websearch,,exim.gov environmental review projects list Vietnam LNG,1,
2026-09-18 23:00:02,281213bc,subagent,websearch,,"""Son My"" ESIA OR ""environmental impact assessment"" AES 2022 2023 2024",1,
2026-09-18 23:00:04,281213bc,subagent,webfetch,www.jbic.go.jp,https://www.jbic.go.jp/en/information/press.html?word=Nghi+Son,1,
2026-09-18 23:00:04,281213bc,subagent,shell,www.koreaexim.go.kr,http://www.koreaexim.go.kr/HPHKBI005M01,2,
2026-09-18 23:00:04,281213bc,subagent,shell,www.serv-ch.com,https://www.serv-ch.com/fileadmin/user_upload/files/Projektliste/A-Projekte/Project_Description_Nhon_Trach_Petrovietnam.pdf,1,
2026-09-18 23:00:05,281213bc,subagent,websearch,,"site:jbic.go.jp ""Nghi Son"" OR ""Thanh Hoa"" LNG environmental",1,
2026-09-18 23:00:05,281213bc,subagent,websearch,,"site:nexi.go.jp ""Nghi Son"" LNG",1,
2026-09-18 23:00:06,281213bc,subagent,shell,ksure.or.kr,https://ksure.or.kr/rh-en/bbs/i-681/list.do?pageIndex=1&search=Vietnam,1,
2026-09-18 23:00:10,281213bc,subagent,shell,www.adb.org,https://www.adb.org/projects/43400-013/main,1,
2026-09-18 23:00:10,281213bc,subagent,shell,www.adb.org,https://www.adb.org/sites/default/files/linked-documents/43400-013-vie-eiaab.pdf,3,
2026-09-18 23:00:10,281213bc,subagent,shell,www.adb.org,https://www.adb.org/projects/documents/viet-nam-43400-013-6,1,
2026-09-18 23:00:10,281213bc,subagent,shell,www.jica.go.jp,https://www.jica.go.jp/english/about/policy/environment/n_files/EIA_(English,2,
2026-09-18 23:00:10,281213bc,subagent,websearch,,"""OM4-ESIA-TVA-16"" O Mon IV lender ESIA tender",1,
2026-09-18 23:00:10,281213bc,subagent,webfetch,exim.gov,https://exim.gov/policies/exim-bank-and-environment/pending-transactions,1,
2026-09-18 23:00:11,281213bc,subagent,websearch,,Hiep Phuoc LNG phase 1 CT&D financial close lenders bank syndicate,1,
2026-09-18 23:00:11,281213bc,subagent,webfetch,exim.gov,https://exim.gov/policies/exim-bank-and-environment/pending-transactions/environmental-category-B-approved-transactions,1,
2026-09-18 23:00:14,281213bc,subagent,websearch,,JBIC environmental and social considerations confirmation Vietnam list disclosure,1,
2026-09-18 23:00:14,281213bc,subagent,websearch,,NEXI environmental social considerations disclosure list Vietnam,1,
2026-09-18 23:00:19,281213bc,subagent,webfetch,exim.gov,https://exim.gov/policies/exim-bank-and-environment/pending-transactions/environmental-category-a-approved-transactions,1,
2026-09-18 23:00:19,281213bc,subagent,websearch,,"NT2 ""Nhơn Trạch 2"" báo cáo thường niên 2024 pvpower-nt2.vn",1,
2026-09-18 23:00:19,281213bc,subagent,websearch,,PV Power POW báo cáo thường niên 2024 pvpower.vn annual report,1,
2026-09-18 23:00:20,281213bc,subagent,websearch,,Proparco Vietnam Son My project database financement,1,
2026-09-18 23:00:21,281213bc,subagent,webfetch,www.jbic.go.jp,https://www.jbic.go.jp/en/business-areas/environment/projects/review_monitoring_2015.html,1,
2026-09-18 23:00:21,281213bc,subagent,websearch,,"NEXI ""Son My"" OR ""Vietnam LNG"" environmental social considerations disclosure PDF",1,
2026-09-18 23:00:23,281213bc,subagent,webfetch,www.jbic.go.jp,https://www.jbic.go.jp/en/business-areas/environment/projects.html,1,
2026-09-18 23:00:24,281213bc,subagent,webfetch,www.nexi.go.jp,https://www.nexi.go.jp/en/environment/social.html,2,
2026-09-18 23:00:30,281213bc,subagent,webfetch,dauthau.asia,https://dauthau.asia/en/plan/contractor-selection/contractor-selection-plan-for-o-mon-iv-thermal-power-plant-project-1585406.html,2,
2026-09-18 23:00:30,281213bc,subagent,shell,pvpower.vn,https://pvpower.vn/vi/post/bao-cao-thuong-nien-nam-2024-6343.htm,1,
2026-09-18 23:00:32,281213bc,subagent,shell,www.jbic.go.jp,https://www.jbic.go.jp/en/business-areas/environment/projects.html,2,
2026-09-18 23:00:33,281213bc,subagent,shell,www.nexi.go.jp,https://www.nexi.go.jp/en/environment/social.html,1,
2026-09-18 23:00:35,281213bc,subagent,webfetch,www.jbic.go.jp,https://www.jbic.go.jp/en/business-areas/environment/projects/review.html,1,
2026-09-18 23:00:36,281213bc,subagent,shell,pvpower.vn,http://pvpower.vn/pow-media/to-ir/18-4-25---BCTN-2024---VIET.pdf,2,
2026-09-18 23:00:36,281213bc,subagent,shell,pvpower.vn,http://pvpower.vn/pow-media/uploads/2020/04/bctn-pow-ver-24.pdf,1,
2026-09-18 23:00:38,281213bc,subagent,shell,www.nexi.go.jp,https://www.nexi.go.jp/en/environment/information02/index.html,2,
2026-09-18 23:00:41,281213bc,subagent,shell,dauthau.asia,https://dauthau.asia/en/plan/contractor-selection/contractor-selection-plan-for-o-mon-iv-thermal-power-plant-project-1585406.html,1,
2026-09-18 23:00:41,281213bc,subagent,websearch,,"nexi.go.jp ""screening results"" environmental reviews project list Block B",1,
2026-09-18 23:00:42,281213bc,subagent,websearch,,site:nexi.go.jp environment project disclosure list,1,
2026-09-18 23:00:45,281213bc,subagent,websearch,,"""Ca Na"" LNG ""Thai"" lenders OR ""Kasikorn"" OR ""Bangkok Bank"" OR ""Krung Thai"" financing",1,
2026-09-18 23:00:46,281213bc,subagent,websearch,,"Hiệp Phước LNG BOO CT&D ""khoản vay"" OR ""tài trợ vốn"" OR ""thu xếp vốn""",1,
2026-09-18 23:00:47,281213bc,subagent,shell,www.koreaexim.go.kr,https://www.koreaexim.go.kr/HPHKBI005M01,1,
2026-09-18 23:00:49,281213bc,subagent,shell,www.jbic.go.jp,https://www.jbic.go.jp/en/business-areas/environment/projects/project.html,1,
2026-09-18 23:00:50,281213bc,subagent,webfetch,www.nexi.go.jp,https://www.nexi.go.jp/en/environment/information02/index.html,1,
2026-09-18 23:00:51,281213bc,subagent,webfetch,www.nexi.go.jp,https://www.nexi.go.jp/en/environment/review/index.html,1,
2026-09-18 23:00:54,281213bc,subagent,shell,www.jbic.go.jp,https://www.jbic.go.jp/en/business-areas/environment/projects/review.html,1,
2026-09-18 23:00:57,281213bc,subagent,websearch,,"koreaexim.go.kr ""environmental and social"" disclosure ""category A"" project english site:koreaexim.go.kr",1,
2026-09-18 23:00:58,281213bc,subagent,websearch,,"""Korea Eximbank"" environmental social information disclosure system project list english",1,
2026-09-18 23:01:03,281213bc,subagent,websearch,,"nexi.go.jp ""Binh Thuan"" combined cycle gas turbine power plant category A",1,
2026-09-18 23:01:03,281213bc,subagent,websearch,,"nexi.go.jp ""Block B"" Nigeria pipeline PDF",1,
2026-09-18 23:01:05,281213bc,subagent,webfetch,www.koreaexim.go.kr,https://www.koreaexim.go.kr/en,1,
2026-09-18 23:01:08,281213bc,subagent,shell,dauthau.info,https://dauthau.info/en/plan/contractor-selection/contractor-selection-plan-for-o-mon-iv-thermal-power-plant-project-1585406.html,1,
2026-09-18 23:01:08,281213bc,subagent,shell,archive.org,http://archive.org/wayback/available?url=dauthau.info/en/plan/contractor-selection/contractor-selection-plan-for-o-mon-iv-thermal-power-plant-project-1585406.html,1,
2026-09-18 23:01:08,281213bc,subagent,shell,archive.org,http://archive.org/wayback/available?url=koreaexim.go.kr/en/environmental,1,
2026-09-18 23:01:08,281213bc,subagent,shell,www.google.com,https://www.google.com/search?q=site:koreaexim.go.kr+environmental+disclosure+vietnam,1,
2026-09-18 23:01:18,281213bc,subagent,webfetch,www.proparco.fr,https://www.proparco.fr/en/recherche-projets?keys=Son+My,1,
2026-09-18 23:01:18,281213bc,subagent,websearch,,"exim.gov ""environmental category A"" approved transactions list",1,
2026-09-18 23:01:19,281213bc,subagent,websearch,,"Proparco ""Sojitz"" OR ""Kyushu Electric"" OR ""EDF"" Vietnam gas power project financing 2024 2025",1,
2026-09-18 23:01:26,281213bc,subagent,shell,ksure.or.kr,https://ksure.or.kr/rh-en/bbs/i-681/list.do?pageIndex=$i&searchCondition=&pageItm=10,1,unresolved
2026-09-18 23:01:28,281213bc,subagent,webfetch,www.exim.gov,https://www.exim.gov/policies/exim-bank-and-environment/pending-transactions/Environmental-Category-A-and-B-Approved-Transactions,1,
2026-09-18 23:01:28,281213bc,subagent,shell,vietstock.vn,https://vietstock.vn/2025/04/nt2-bao-cao-thuong-nien-nam-2024-737-1291118.htm,1,
2026-09-18 23:01:28,281213bc,subagent,shell,finance.vietstock.vn,https://finance.vietstock.vn/NT2/tai-tai-lieu.htm,1,
2026-09-18 23:01:35,281213bc,subagent,shell,static2.vietstock.vn,https://static2.vietstock.vn/vietstock/2025/4/3/20250403_20250403___nt2___cbtt_bao_cao_thuong_nien_nam_2024.pdf,2,
2026-09-18 23:01:43,281213bc,subagent,websearch,,"""Cà Ná"" LNG ""Thái Lan"" vay vốn ngân hàng tài trợ dự án điện",1,
2026-09-18 23:01:44,281213bc,subagent,websearch,,"""O Mon III"" OR ""Ô Môn III"" JICA loan agreement 2026 signed EVN",1,
2026-09-18 23:01:45,281213bc,subagent,websearch,,"Hiệp Phước LNG giai đoạn 1 CT&D nhà đầu tư ""Central Trading"" thu xếp vốn vay nước ngoài",1,
2026-09-18 23:01:47,281213bc,subagent,websearch,,"""koreaexim.go.kr"" environmental social review ""Category A"" OR ""E&S"" list Vietnam project disclosure english site",1,
2026-09-18 23:01:48,281213bc,subagent,shell,archive.org,http://archive.org/wayback/available?url=koreaexim.go.kr/site/program/financeInfo/list?menuid=007002001,1,
2026-09-18 23:01:48,281213bc,subagent,shell,archive.org,http://archive.org/wayback/available?url=koreaexim.go.kr/en/menu/S1/S1_2.jsp,1,
2026-09-18 23:02:01,281213bc,subagent,shell,archive.org,http://archive.org/wayback/available?url=adb.org/projects/43400-013/main,1,
2026-09-18 23:02:01,281213bc,subagent,shell,archive.org,http://archive.org/wayback/available?url=www.adb.org/projects/43400-013/main,2,
2026-09-18 23:02:01,281213bc,subagent,websearch,,Hải Linh Company Hiệp Phước LNG financing loan bank 2026,1,
2026-09-18 23:02:02,281213bc,subagent,webfetch,vir.com.vn,https://vir.com.vn/obstacles-hindering-o-mon-iii-venture-84634.html,1,
2026-09-18 23:02:07,281213bc,subagent,shell,www.koreaexim.go.kr,https://www.koreaexim.go.kr/site/main/index,1,
2026-09-18 23:02:13,281213bc,subagent,webfetch,www.koreaexim.go.kr,https://www.koreaexim.go.kr,1,
2026-09-18 23:02:14,281213bc,subagent,webfetch,www.pvn.vn,https://www.pvn.vn/sites/en/Pages/detail.aspx?NewsID=73f80c72-6609-48d4-9f41-62bfbb188dc0,1,
2026-09-18 23:02:23,281213bc,subagent,webfetch,www.koreaexim.go.kr,https://www.koreaexim.go.kr/HPHKWG004M01,1,
2026-09-18 23:02:38,281213bc,subagent,webfetch,www.koreaexim.go.kr,https://www.koreaexim.go.kr/wg/HPHKWG060M01,1,
2026-09-18 23:02:39,281213bc,subagent,websearch,,"""Sideros River"" company Thailand energy investor Vietnam",1,
2026-09-18 23:02:41,281213bc,subagent,shell,www.exim.go.th,https://www.exim.go.th/en/Corporate-Social-Responsibility/CSR-Project-Finance.aspx,1,
2026-09-18 23:02:41,281213bc,subagent,shell,www.exim.go.th,https://www.exim.go.th/en/Newsroom.aspx,1,
2026-09-18 23:02:53,281213bc,subagent,webfetch,www.bloomberg.com,https://www.bloomberg.com/news/articles/2026-09-14/thai-billionaire-revives-vietnam-gas-projects-in-overseas-push,1,
2026-09-18 23:02:53,281213bc,subagent,shell,www.koreaexim.go.kr,https://www.koreaexim.go.kr/wg/HPHKWG060M01,1,
2026-09-18 23:02:57,281213bc,subagent,shell,www.bloomberg.com,https://www.bloomberg.com/news/articles/2026-09-14/thai-billionaire-revives-vietnam-gas-projects-in-overseas-push,1,
2026-09-18 23:02:57,281213bc,subagent,shell,archive.org,http://archive.org/wayback/available?url=bloomberg.com/news/articles/2026-09-14/thai-billionaire-revives-vietnam-gas-projects-in-overseas-push,1,
2026-09-18 23:02:59,281213bc,subagent,websearch,,Thai billionaire revives Vietnam gas projects Sideros River Ca Na,1,
2026-09-18 23:03:09,281213bc,subagent,webfetch,www.briefs.co,https://www.briefs.co/news/gulf-development-reignites-vietnam-gas-power-push-as-ai-ener/,1,
2026-09-18 23:03:10,281213bc,subagent,webfetch,www.pressreader.com,https://www.pressreader.com/singapore/the-business-times/20260915/281668261870875,1,
2026-09-18 23:03:14,281213bc,subagent,shell,www.koreaexim.go.kr,https://www.koreaexim.go.kr/wg/HPHKWG061M01,1,
2026-09-18 23:03:14,281213bc,subagent,shell,www.koreaexim.go.kr,https://www.koreaexim.go.kr/wg/HPHKWG062M01,1,
2026-09-18 23:03:27,281213bc,subagent,shell,www.exim.go.th,https://www.exim.go.th/en/searchresult.aspx?keyword=Vietnam,1,
2026-09-18 23:03:36,281213bc,subagent,shell,www.jica.go.jp,https://www.jica.go.jp/english/about/organization/environment/id/asia/southeast/a_b_fi/vietnam/c8h0vm000090rsso.html,1,
2026-09-18 23:03:41,281213bc,subagent,shell,openjicareport.jica.go.jp,https://openjicareport.jica.go.jp/pdf/12079406_02.pdf,2,
2026-09-18 23:03:48,281213bc,subagent,shell,www.koreaexim.go.kr,https://www.koreaexim.go.kr/wg/HPHKWG061M01?boardtypeid=33&pagesize=10&currentpage=$p,1,unresolved
2026-09-18 23:03:48,281213bc,subagent,shell,www.koreaexim.go.kr,https://www.koreaexim.go.kr/wg/HPHKWG062M01?boardtypeid=34&pagesize=10&currentpage=$p,1,unresolved
2026-09-18 23:13:00,281213bc,main,shell,www.serv-ch.com,https://www.serv-ch.com/fileadmin/user_upload/files/Projektliste/A-Projekte/ESIA_Nhon_Trach_3_and_Nhon_Trach_4_Power_Plant.pdf,1,
2026-09-18 23:13:00,281213bc,main,shell,www.pvn.vn,https://www.pvn.vn/DataStore/2025/files/09/20250811_BC%20PTBV%20PVN_2024_VN_Final.pdf,2,
2026-09-18 23:13:00,281213bc,main,shell,finance.vietstock.vn,https://finance.vietstock.vn/nt2/tai-tai-lieu.htm,2,
2026-09-18 23:43:40,281213bc,main,shell,thamvan.mae.gov.vn,https://thamvan.mae.gov.vn/Uploads/21092025/$f,1,unresolved
2026-09-18 23:44:03,281213bc,subagent,websearch,,Quỳnh Lập LNG ĐTM đánh giá tác động môi trường Nghệ An,1,
2026-09-18 23:44:03,281213bc,subagent,websearch,,Quỳnh Lập LNG power plant Nghe An environmental impact assessment 2026,1,
2026-09-18 23:44:04,281213bc,subagent,websearch,,nhà máy điện LNG Quỳnh Lập tiến độ 2026,1,
2026-09-18 23:44:04,281213bc,subagent,websearch,,Sơn Mỹ I LNG ĐTM phê duyệt Bình Thuận Lâm Đồng,1,
2026-09-18 23:44:05,281213bc,subagent,websearch,,Sơn Mỹ 1 LNG power plant status 2026 AES EDF investor,1,
2026-09-18 23:44:05,281213bc,subagent,websearch,,Bạc Liêu LNG Delta Offshore Energy ĐTM Cà Mau 2026,1,
2026-09-18 23:44:06,281213bc,main,shell,thamvan.mae.gov.vn,https://thamvan.mae.gov.vn/Uploads/23072025/04BC%20De%20xuat%20cap%20GPMT%20Cong%20ty%20CP%20Nhiet%20dien%20Ba%20Ria.pdf,2,
2026-09-18 23:44:06,281213bc,main,shell,thamvan.mae.gov.vn,https://thamvan.mae.gov.vn/Uploads/21092025/UMBC%20DTM%20PD.pdf,2,
2026-09-18 23:44:06,281213bc,main,shell,thamvan.mae.gov.vn,https://thamvan.mae.gov.vn/Uploads/21092025/BC%20DTM%20PD_$n.pdf,1,unresolved
2026-09-18 23:44:06,281213bc,subagent,websearch,,Bac Lieu LNG power plant status 2026 Delta Offshore Energy,1,
2026-09-18 23:44:17,281213bc,subagent,websearch,,"site:nghean.gov.vn ""Quỳnh Lập"" LNG môi trường",1,
2026-09-18 23:44:17,281213bc,subagent,websearch,,"Sở Nông nghiệp và Môi trường Nghệ An ""Quỳnh Lập"" LNG thẩm định",1,
2026-09-18 23:44:18,281213bc,subagent,websearch,,"""Sơn Mỹ"" LNG đánh giá tác động môi trường phê duyệt 2022 Bộ Tài nguyên Môi trường",1,
2026-09-18 23:44:18,281213bc,subagent,websearch,,"site:lamdong.gov.vn ""Sơn Mỹ"" LNG môi trường",1,
2026-09-18 23:44:19,281213bc,subagent,websearch,,"""Bạc Liêu LNG"" đánh giá tác động môi trường phê duyệt thẩm định 2020 2021",1,
2026-09-18 23:44:19,281213bc,subagent,websearch,,"site:camau.gov.vn ""Bạc Liêu"" LNG môi trường",1,
2026-09-18 23:44:26,281213bc,subagent,websearch,,Kê Gà LNG Bình Thuận báo cáo đánh giá tác động môi trường ĐTM,1,
2026-09-18 23:44:27,281213bc,subagent,websearch,,LNG Long An Cần Đước ĐTM đánh giá tác động môi trường tham vấn,1,
2026-09-18 23:44:27,281213bc,subagent,websearch,,LNG Nam Định Hải Hậu ĐTM đánh giá tác động môi trường,1,
2026-09-18 23:44:28,281213bc,subagent,websearch,,Nhiệt điện Miền Trung I II Quảng Nam Cá Voi Xanh ĐTM đánh giá tác động môi trường,1,
2026-09-18 23:44:29,281213bc,subagent,websearch,,Nhiệt điện Dung Quất Quảng Ngãi Cá Voi Xanh ĐTM đánh giá tác động môi trường,1,
2026-09-18 23:44:30,281213bc,subagent,websearch,,LNG Quảng Trị 1500 MW ĐTM đánh giá tác động môi trường phê duyệt,1,
2026-09-18 23:44:30,281213bc,subagent,websearch,,LNG Chân Mây Thừa Thiên Huế ĐTM đánh giá tác động môi trường,1,
2026-09-18 23:44:34,281213bc,subagent,websearch,,Vũng Áng LNG ĐTM đánh giá tác động môi trường,1,
2026-09-18 23:44:35,281213bc,subagent,websearch,,Vũng Áng III LNG phê duyệt ĐTM Hà Tĩnh,1,
2026-09-18 23:44:35,281213bc,subagent,websearch,,Vung Ang LNG power plant environmental impact assessment 2026,1,
2026-09-18 23:44:36,281213bc,subagent,websearch,,"""Vũng Áng"" LNG nhà máy điện khí 2026 tiến độ",1,
2026-09-18 23:44:37,281213bc,subagent,websearch,,"""Sơn Mỹ 1"" ĐTM ""Quyết định"" số phê duyệt báo cáo đánh giá tác động môi trường 2022",1,
2026-09-18 23:44:37,281213bc,subagent,websearch,,"""điện khí LNG Sơn Mỹ"" hiện trạng 2026 vướng mắc feasibility study",1,
2026-09-18 23:44:42,281213bc,subagent,websearch,,Quảng Ninh LNG Cẩm Phả đánh giá tác động môi trường ĐTM,1,
2026-09-18 23:44:42,281213bc,subagent,websearch,,Quang Ninh LNG power plant environmental impact assessment 2026,1,
2026-09-18 23:44:43,281213bc,subagent,websearch,,Nhiệt điện LNG Quảng Ninh Cẩm Phả nhà đầu tư 2026,1,
2026-09-18 23:44:43,281213bc,subagent,websearch,,"""Kê Gà"" LNG điện khí Bình Thuận dự án tiến độ 2025",1,
2026-09-18 23:44:44,281213bc,subagent,websearch,,"""Cần Đước"" LNG Long An dự án điện khí tiến độ 2025 thẩm định",1,
2026-09-18 23:44:44,281213bc,subagent,websearch,,"""LNG Nam Định"" hoặc ""Hải Hậu"" nhà máy điện khí dự án tiến độ 2025",1,
2026-09-18 23:44:45,281213bc,subagent,websearch,,"""Quảng Trị"" LNG 1.500 MW dự án nhà máy điện khí tiến độ khác Hải Lăng",1,
2026-09-18 23:44:45,281213bc,subagent,websearch,,"""Chân Mây"" LNG điện khí đánh giá tác động môi trường tham vấn cộng đồng",1,
2026-09-18 23:44:50,281213bc,subagent,webfetch,hoanhson.hatinh.gov.vn,https://hoanhson.hatinh.gov.vn/vi/bai-viet/thong-bao-niem-yet-cong-khai-van-ban-bao-cao-danh-gia-tac-dong-moi-truong-du-an-kho-lng-bac-trung-bo-kho-lng-vung-ang-tai-phuong-hoanh-son-tinh-ha-tinh-,1,
2026-09-18 23:44:50,281213bc,subagent,websearch,,"""Vũng Áng III"" tham vấn cộng đồng đánh giá tác động môi trường",1,
2026-09-18 23:44:51,281213bc,subagent,websearch,,"site:hatinh.gov.vn ""Vũng Áng III"" LNG",1,
2026-09-18 23:44:53,281213bc,subagent,websearch,,Công Thanh LNG đánh giá tác động môi trường,1,
2026-09-18 23:44:53,281213bc,subagent,websearch,,Nhiệt điện Công Thanh chuyển đổi LNG 2026,1,
2026-09-18 23:44:54,281213bc,subagent,webfetch,baoquangninh.vn,https://baoquangninh.vn/tang-toc-du-an-nha-may-dien-khi-lng-quang-ninh-3350644.html,1,
2026-09-18 23:44:54,281213bc,subagent,websearch,,Cong Thanh LNG power plant Thanh Hoa environmental impact assessment,1,
2026-09-18 23:44:54,281213bc,subagent,websearch,,Công Thanh LNG phê duyệt ĐTM Thanh Hóa,1,
2026-09-18 23:44:55,281213bc,subagent,websearch,,"""LNG Quảng Ninh"" ""báo cáo đánh giá tác động môi trường"" phê duyệt",1,
2026-09-18 23:44:55,281213bc,subagent,websearch,,site:quangninh.gov.vn LNG Quảng Ninh,1,
2026-09-18 23:45:00,281213bc,subagent,websearch,,"""Vũng Áng III"" ĐTM thẩm định OR ""quyết định phê duyệt"" môi trường",1,
2026-09-18 23:45:01,281213bc,subagent,websearch,,Nghi Sơn LNG đánh giá tác động môi trường ĐTM,1,
2026-09-18 23:45:01,281213bc,subagent,websearch,,Ban quản lý Khu kinh tế Hà Tĩnh Vũng Áng III LNG môi trường,1,
2026-09-18 23:45:02,281213bc,subagent,websearch,,"""LNG Nghi Sơn"" phê duyệt ĐTM Thanh Hóa",1,
2026-09-18 23:45:02,281213bc,subagent,websearch,,Nghi Son LNG power plant environmental impact assessment 2026,1,
2026-09-18 23:45:02,281213bc,subagent,websearch,,Nhiệt điện LNG Nghi Sơn tiến độ 2026 chủ đầu tư,1,
2026-09-18 23:45:05,281213bc,subagent,webfetch,baodautu.vn,https://baodautu.vn/nhiet-dien-cong-thanh-de-xuat-chuyen-sang-dien-khi-lng-ich-nuoc-loi-doanh-nghiep-d196492.html,1,
2026-09-18 23:45:06,281213bc,subagent,webfetch,thanhnien.vn,https://thanhnien.vn/ky-vong-som-khoi-dong-du-an-nha-may-nhiet-dien-lng-cong-thanh-tai-thanh-hoa-185251006194809716.htm,1,
2026-09-18 23:45:06,281213bc,subagent,websearch,,site:thanhhoa.gov.vn Công Thanh LNG,1,
2026-09-18 23:45:07,281213bc,subagent,websearch,,Ban quản lý Khu kinh tế Nghi Sơn Công Thanh LNG tham vấn môi trường,1,
2026-09-18 23:45:07,281213bc,subagent,websearch,,"""điện khí LNG Quảng Trị"" -""Hải Lăng"" dự án nhà máy tiến độ",1,
2026-09-18 23:45:07,281213bc,subagent,websearch,,Quang Tri LNG power plant 1500 MW combined cycle Gazprom,1,
2026-09-18 23:45:08,281213bc,subagent,webfetch,baoquangninh.vn,https://baoquangninh.vn/dam-bao-khoi-cong-du-an-nha-may-dien-khi-lng-quang-ninh-trong-thang-12-2025-3383454.html,1,
2026-09-18 23:45:08,281213bc,subagent,websearch,,Quảng Ninh LNG power plant construction status September 2026,1,
2026-09-18 23:45:08,281213bc,subagent,websearch,,"""Kê Gà"" điện khí LNG dự án Bình Thuận Lâm Đồng công suất",1,
2026-09-18 23:45:08,281213bc,subagent,websearch,,Miền Trung 1 2 nhiệt điện Quảng Nam Chu Lai ĐTM thẩm định phê duyệt 2024 2025,1,
2026-09-18 23:45:14,281213bc,subagent,websearch,,"""Nghi Sơn"" LNG ""chưa có nhà đầu tư"" 2026 Ban Quản lý Khu kinh tế",1,
2026-09-18 23:45:15,281213bc,subagent,websearch,,JERA Nghi Son LNG power plant revives project 2026,1,
2026-09-18 23:45:15,281213bc,subagent,websearch,,site:thanhhoa.gov.vn LNG Nghi Sơn,1,
2026-09-18 23:45:15,281213bc,subagent,websearch,,"Nghi Sơn LNG ""tham vấn"" báo cáo đánh giá tác động môi trường 2025 2026",1,
2026-09-18 23:45:15,281213bc,subagent,websearch,,Công Thanh LNG 2026 Doosan Actis đầu tư,1,
2026-09-18 23:45:15,281213bc,subagent,websearch,,Sở Nông nghiệp và Môi trường Thanh Hóa Công Thanh LNG,1,
2026-09-18 23:45:16,281213bc,subagent,webfetch,vir.com.vn,https://vir.com.vn/2-billion-quang-ninh-lng-power-plant-behind-schedule-96998.html,1,
2026-09-18 23:45:16,281213bc,subagent,websearch,,Quảng Ninh Sở Nông nghiệp và Môi trường điện khí LNG,1,
2026-09-18 23:45:24,281213bc,subagent,websearch,,"""Quang Tri green-lights"" LNG-fired power project 1.59 billion",1,
2026-09-18 23:45:25,281213bc,subagent,websearch,,JERA Nghi Son Thanh Hoa September 2026 meeting people's committee,1,
2026-09-18 23:45:25,281213bc,subagent,websearch,,Gazprom Quảng Trị rút lui dự án điện khí LNG 2026,1,
2026-09-18 23:45:42,281213bc,subagent,websearch,,"""Quảng Trạch III"" ĐTM đánh giá tác động môi trường tham vấn",1,
2026-09-18 23:45:42,281213bc,subagent,websearch,,"""Dung Quất I"" OR ""Dung Quất II"" OR ""Dung Quất III"" đánh giá tác động môi trường ĐTM phê duyệt 2024 2025",1,
2026-09-18 23:45:43,281213bc,subagent,websearch,,"""Kê Gà"" đánh giá tác động môi trường ĐTM tham vấn cộng đồng dân cư",1,
2026-09-18 23:45:44,281213bc,subagent,websearch,,Nam Định điện khí LNG Nghĩa Hưng dự án nhà máy tiến độ,1,
2026-09-18 23:45:45,281213bc,subagent,webfetch,ieem.vn,https://ieem.vn/kich-ban-be-tac-tai-nhiet-dien-khi-mien-trung-1-va-2-5860.html,1,
2026-09-18 23:45:56,281213bc,subagent,websearch,,"""LNG Nam Định"" nhà máy điện khí dự án Hải Hậu Nghĩa Hưng công suất MW",1,
2026-09-18 23:45:57,281213bc,subagent,websearch,,"""điện khí LNG Chân Mây"" tiến độ 2024 2025 quy hoạch chủ đầu tư",1,
2026-09-18 23:45:58,281213bc,subagent,websearch,,Dung Quất I II III chuỗi khí điện Cá Voi Xanh tiến độ 2025 báo cáo nghiên cứu khả thi,1,
2026-09-18 23:46:13,281213bc,subagent,webfetch,petrovietnam.petrotimes.vn,https://petrovietnam.petrotimes.vn/sap-co-nha-may-dien-khi-lng-tai-nam-dinh-708235.html,1,
2026-09-18 23:46:14,281213bc,subagent,websearch,,Nhiệt điện Quảng Trạch III Quảng Trị đánh giá tác động môi trường thẩm định phê duyệt 2026,1,
2026-09-18 23:46:15,281213bc,subagent,websearch,,Chân Mây LNG Huế 2025 2026 dự án hiện trạng cập nhật,1,
2026-09-18 23:46:30,281213bc,subagent,websearch,,"""Kê Gà"" điện khí bổ sung quy hoạch điện VIII 2025 Bình Thuận chủ đầu tư đề xuất",1,
2026-09-18 23:46:31,281213bc,subagent,websearch,,"""LNG Chân Mây"" chủ đầu tư rút khỏi dự án hoặc đề xuất mới 2023 2024",1,
2026-09-18 23:47:36,281213bc,main,shell,www.sggp.org.vn,https://www.sggp.org.vn/hai-du-an-dien-khi-43-ty-usd-o-binh-thuan-bay-gio-ra-sao-post790177.html,3,
2026-09-18 23:47:36,281213bc,main,shell,www.baobaclieu.vn,http://www.baobaclieu.vn/200/bo-tai-nguyen-moi-truong-ban-hanh-quyet-dinh-phe-duyet-bao-cao-danh-gia-tac-dong-moi-truong-cua-du-an-nha-may-dien-khi-tu-nhien-hoa-long-bac-lieu-72833.html,2,
2026-09-18 23:47:36,281213bc,main,shell,baoquangninh.vn,https://baoquangninh.vn/tang-toc-du-an-nha-may-dien-khi-lng-quang-ninh-3350644.html,4,
2026-09-18 23:47:36,281213bc,main,shell,baonghean.vn,https://baonghean.vn/ubnd-tinh-yeu-cau-day-nhanh-tien-do-du-an-nha-may-nhiet-dien-lng-quynh-lap-10341818.html,2,
2026-09-18 23:47:36,281213bc,main,shell,baolongan.vn,https://baolongan.vn/phe-duyet-ke-hoach-trien-khai-dau-tu-du-an-nha-may-nhiet-dien-lng-long-an-i-va-ii-a174767.html,2,
2026-09-18 23:48:09,281213bc,main,shell,$U,https://$U,1,unresolved
2026-09-18 23:48:09,281213bc,main,shell,archive.org,http://archive.org/wayback/available?url=$U,1,unresolved
2026-09-18 23:57:17,281213bc,main,shell,thamvan.mae.gov.vn,https://thamvan.mae.gov.vn/Uploads/21092025/BC%20DTM%20PD_$i.pdf,1,unresolved
